self-learning capability?,Extra-courses did,Taken inputs from seniors or elders,Management or Technical,hard/smart worker,worked in teams ever?,Introvert,Suggested Job Role,Technical Score,Communication Score,Learning Score,Professional Score,Leadership Score,Personality Score,Career Readiness,Book_Category,Certification_Category,Workshop_Category,Subject_Category,Career_Area,Company_Category
1,0,0,0,1,1,0,3,11,4,1,16,2,5,5.9,1,0,3,4,3,0
0,1,1,1,0,0,1,3,17,8,2,27,1,8,9.350000000000001,2,3,3,3,3,1
0,1,1,1,1,0,0,3,14,5,2,21,1,6,7.400000000000001,1,0,3,1,0,3
0,1,1,0,1,1,1,3,11,9,2,22,2,9,7.3500000000000005,5,2,0,0,3,2
1,0,0,1,0,1,0,3,5,9,1,15,2,10,4.75,3,4,2,4,3,0
1,1,0,0,0,0,1,3,15,11,2,28,1,11,9.3,2,4,1,1,1,1
1,1,0,1,1,0,1,3,19,6,2,27,1,6,9.650000000000002,1,2,3,1,3,1
0,0,0,1,1,0,0,3,15,4,0,19,1,5,7.15,5,2,0,1,3,0
1,1,1,1,1,1,1,3,3,10,3,16,2,10,4.6000000000000005,6,3,2,4,0,1
0,1,0,0,0,1,1,3,15,6,1,22,2,6,8.0,0,2,1,0,3,1
0,1,1,0,0,0,0,3,14,12,2,28,1,13,9.150000000000002,2,3,1,2,3,4
1,0,0,0,1,1,0,3,18,10,1,29,2,11,10.2,5,0,2,1,0,0
0,1,0,0,1,1,0,3,14,10,1,25,2,11,8.600000000000001,4,1,0,0,0,0
1,1,0,0,1,0,0,3,17,8,2,27,1,9,9.350000000000001,6,3,1,4,1,0
0,1,0,0,0,1,0,3,4,8,1,13,2,9,4.1000000000000005,0,1,1,4,2,3
1,0,1,0,0,1,1,3,3,6,2,11,2,6,3.4,1,4,0,4,3,2
1,0,0,1,0,1,1,3,10,6,1,17,2,6,6.0,3,2,0,0,3,1
0,1,1,0,0,0,1,3,11,15,2,28,1,15,8.700000000000001,5,0,2,0,3,2
0,0,0,1,1,0,1,3,10,11,0,21,1,11,6.9,3,0,0,1,2,3
1,1,0,1,1,0,0,3,6,7,2,15,1,8,4.700000000000001,1,4,0,4,1,1
1,0,1,0,1,0,1,3,7,15,2,24,1,15,7.100000000000001,1,0,1,0,3,0
0,0,1,0,0,0,1,3,12,9,1,22,1,9,7.400000000000001,6,2,1,1,0,1
1,1,0,0,1,1,0,3,14,8,2,24,2,9,8.3,5,1,2,1,3,0
1,0,1,0,0,0,0,3,11,12,2,25,1,13,7.950000000000001,5,1,3,0,2,1
0,1,0,0,1,1,1,3,16,11,1,28,2,11,9.65,2,0,0,3,0,3
0,1,1,1,0,0,1,3,12,7,2,21,1,7,7.100000000000001,4,0,0,2,3,1
1,0,1,1,0,0,0,3,20,7,2,29,1,8,10.3,3,1,1,1,0,0
0,0,1,0,1,1,0,3,16,7,1,24,2,8,8.65,5,0,2,4,1,4
0,1,0,0,1,0,0,3,21,5,1,27,1,6,10.0,2,3,3,3,3,0
0,0,0,1,1,0,0,3,16,12,0,28,1,13,9.55,0,3,3,1,0,3
1,0,0,0,1,0,1,3,9,9,1,19,1,9,6.2,2,3,3,1,0,0
0,0,0,1,1,0,0,3,17,7,0,24,1,8,8.700000000000001,3,0,3,4,3,0
0,0,0,1,1,0,0,3,15,7,0,22,1,8,7.9,1,3,2,1,3,0
0,1,0,1,0,0,1,3,15,6,1,22,1,6,7.8500000000000005,2,3,3,1,1,0
1,0,0,0,0,1,0,3,18,10,1,29,2,11,10.2,2,3,1,4,1,1
1,1,1,0,1,1,0,3,8,8,3,19,2,9,6.1000000000000005,3,1,2,1,0,4
1,1,1,0,0,0,1,3,8,13,3,24,1,13,7.200000000000001,3,2,2,0,0,0
0,0,1,0,0,1,0,3,14,12,1,27,2,13,9.100000000000001,6,3,1,0,1,3
1,0,0,1,1,0,1,3,10,7,1,18,1,7,6.1000000000000005,6,1,2,1,2,0
1,0,1,1,0,1,0,3,13,12,2,27,2,13,8.9,6,3,2,1,3,3
0,0,0,0,1,1,0,3,14,6,0,20,2,7,7.4,0,2,0,0,2,0
0,1,0,1,1,1,1,3,8,7,1,16,2,7,5.45,0,0,3,1,0,0
1,0,0,1,0,0,1,3,17,11,1,29,1,11,9.9,1,2,3,1,1,1
1,0,0,1,1,0,0,3,7,9,1,17,1,10,5.400000000000001,6,3,2,4,3,0
1,0,1,0,0,1,1,3,8,7,2,17,2,7,5.65,6,3,1,3,3,0
1,0,0,1,0,0,0,3,14,11,1,26,1,12,8.700000000000001,5,1,1,3,1,1
1,1,1,1,0,0,1,3,10,8,3,21,1,8,6.75,2,3,2,0,1,0
1,0,0,0,0,0,1,3,13,10,1,24,1,10,8.05,5,3,0,1,0,4
0,1,0,1,0,0,1,3,6,7,1,14,1,7,4.500000000000001,3,3,1,4,1,0
1,1,1,0,1,0,1,3,16,5,3,24,1,5,8.4,6,2,1,0,2,3
1,1,1,1,1,1,1,3,17,15,3,35,2,15,11.450000000000001,2,2,1,1,3,0
0,1,1,0,0,0,1,3,12,6,2,20,1,6,6.850000000000001,3,1,3,4,2,0
1,0,1,0,0,0,1,3,13,6,2,21,1,6,7.250000000000001,6,0,1,1,3,4
0,0,0,0,0,1,1,3,7,12,0,19,2,12,6.1000000000000005,3,2,0,0,0,0
0,0,1,1,0,0,1,3,12,7,1,20,1,7,6.900000000000001,1,2,3,0,3,1
1,1,1,0,0,0,0,3,9,14,3,26,1,15,7.85,1,1,2,4,1,4
1,0,1,1,1,1,1,3,15,3,2,20,2,3,7.45,0,2,1,1,3,2
1,1,1,0,1,0,1,3,19,8,3,30,1,8,10.350000000000001,2,3,2,0,0,3
1,0,0,1,0,1,1,3,6,12,1,19,2,12,5.9,5,1,3,1,3,4
1,0,1,0,1,0,0,3,17,11,2,30,1,12,10.100000000000001,6,2,2,0,3,0
0,1,1,1,0,0,0,3,10,12,2,24,1,13,7.550000000000001,6,3,3,1,1,3
0,1,0,1,0,1,1,3,14,4,1,19,2,4,7.1000000000000005,6,1,1,2,0,0
0,0,1,0,1,1,1,3,5,12,1,18,2,12,5.5,1,2,1,1,3,3
1,1,1,1,1,1,0,3,10,9,3,22,2,10,7.1499999999999995,2,2,1,2,3,0
0,0,0,1,1,1,1,3,10,6,0,16,2,6,5.8,0,1,3,1,3,4
0,1,0,1,0,0,1,3,22,7,1,30,1,7,10.9,6,3,3,0,0,1
0,0,0,0,0,1,1,3,14,9,0,23,2,9,8.15,5,1,3,1,2,1
1,0,1,1,0,1,1,3,13,9,2,24,2,9,8.15,0,1,0,4,2,0
0,1,1,0,1,0,1,3,19,9,2,30,1,9,10.400000000000002,0,0,1,4,1,1
0,0,1,1,0,0,1,3,15,12,1,28,1,12,9.35,3,2,0,4,3,2
0,1,1,0,1,0,0,3,11,10,2,23,1,11,7.450000000000001,3,3,0,1,3,4
1,1,1,0,1,1,0,3,11,8,3,22,2,9,7.3,4,2,1,1,2,2
1,1,0,1,1,0,1,3,13,8,2,23,1,8,7.750000000000001,6,2,3,0,0,0
1,1,1,0,1,1,0,3,13,8,3,24,2,9,8.100000000000001,3,0,2,0,3,2
1,1,0,0,0,0,1,3,12,10,2,24,1,10,7.850000000000001,1,2,1,4,3,4
1,1,0,1,0,1,1,3,13,7,2,22,2,7,7.65,3,3,2,2,1,0
0,0,0,0,1,0,1,3,11,8,0,19,1,8,6.550000000000001,5,4,3,1,3,2
0,1,0,0,1,1,1,3,16,9,1,26,2,9,9.15,4,3,1,4,2,4
1,0,0,0,0,0,1,3,9,8,1,18,1,8,5.95,5,3,1,4,0,4
0,1,1,0,0,1,0,3,15,9,2,26,2,10,8.950000000000001,5,2,2,4,3,3
0,1,0,1,0,1,1,3,16,13,1,30,2,13,10.15,5,3,1,3,3,1
1,1,1,0,0,1,0,3,6,12,3,21,2,13,6.3,6,3,1,4,2,0
0,0,1,0,0,0,1,3,13,3,1,17,1,3,6.300000000000001,5,4,2,0,3,0
1,1,0,1,1,0,1,3,18,10,2,30,1,10,10.25,0,3,3,1,3,0
0,0,0,1,1,1,0,3,10,11,0,21,2,12,7.05,0,2,2,0,2,2
0,1,0,0,0,0,0,3,16,7,1,24,1,8,8.5,2,3,2,3,0,0
1,1,1,1,1,1,1,3,5,12,3,20,2,12,5.8999999999999995,2,3,1,1,1,4
0,1,1,0,1,1,1,3,14,12,2,28,2,12,9.300000000000002,2,3,3,4,3,2
1,1,0,1,1,0,0,3,13,4,2,19,1,5,6.750000000000001,2,3,3,0,2,2
0,0,1,1,1,1,1,3,15,12,1,28,2,12,9.5,1,2,0,0,1,4
1,0,0,0,0,1,0,3,14,6,1,21,2,7,7.6000000000000005,5,1,2,3,2,0
1,0,0,1,0,1,1,3,17,11,1,29,2,11,10.05,2,0,2,4,2,1
1,1,1,1,0,1,1,3,11,13,3,27,2,13,8.55,5,3,3,0,3,0
1,0,0,1,1,0,0,3,3,12,1,16,1,13,4.550000000000001,1,3,1,4,3,4
1,0,0,0,1,0,1,3,17,12,1,30,1,12,10.15,0,2,3,0,3,0
0,1,0,0,0,1,0,3,10,7,1,18,2,8,6.25,3,2,1,4,3,4
0,0,0,1,1,0,0,3,11,11,0,22,1,12,7.300000000000001,5,3,2,4,1,3
1,1,0,0,0,1,1,3,11,9,2,22,2,9,7.3500000000000005,3,3,3,1,0,4
1,1,1,0,0,1,1,3,8,14,3,25,2,14,7.6000000000000005,5,2,1,4,3,0
1,1,1,1,0,0,1,3,6,11,3,20,1,11,5.9,0,3,3,1,1,0
0,0,1,1,1,1,0,3,11,7,1,19,2,8,6.65,3,2,2,1,3,1
1,0,1,0,0,0,1,3,22,8,2,32,1,8,11.350000000000001,3,1,2,4,3,3
1,1,1,0,0,0,1,3,12,11,3,26,1,11,8.3,3,3,0,1,3,1
0,1,1,1,1,1,0,3,13,4,2,19,2,5,6.9,5,3,0,4,3,2
1,0,0,0,0,1,1,3,11,12,1,24,2,12,7.9,3,3,3,4,3,4
1,1,1,0,1,1,0,3,11,6,3,20,2,7,6.8,0,2,0,4,3,3
0,0,1,0,1,0,0,3,14,11,1,26,1,12,8.700000000000001,6,3,3,0,3,3
1,0,0,0,0,1,0,3,21,8,1,30,2,9,10.9,3,0,1,2,3,4
0,0,0,1,1,1,1,3,6,7,0,13,2,7,4.45,1,3,2,4,3,3
1,1,1,1,1,0,0,3,18,13,3,34,1,14,11.2,3,4,1,1,3,1
0,0,1,0,0,1,1,3,18,10,1,29,2,10,10.2,1,3,0,4,1,3
1,0,0,1,0,0,1,3,11,14,1,26,1,14,8.25,6,3,1,1,2,2
0,1,1,1,1,0,1,3,14,10,2,26,1,10,8.650000000000002,2,0,2,1,0,0
1,1,0,1,0,1,0,3,13,10,2,25,2,11,8.4,3,3,2,1,3,3
1,0,1,0,1,0,0,3,10,8,2,20,1,9,6.550000000000001,6,3,2,0,0,3
0,0,0,1,1,0,1,3,16,6,0,22,1,6,8.05,0,4,1,4,0,0
0,0,0,0,1,1,0,3,12,11,0,23,2,12,7.8500000000000005,3,4,0,0,1,1
0,1,1,0,0,0,1,3,7,12,2,21,1,12,6.350000000000001,3,1,3,1,1,2
0,1,1,0,0,1,0,3,9,7,2,18,2,8,6.05,0,3,1,4,3,0
1,0,1,0,1,0,1,3,16,14,2,32,1,14,10.450000000000001,0,3,3,1,2,3
0,0,0,1,1,0,0,3,12,10,0,22,1,11,7.450000000000001,0,3,2,0,2,3
1,0,0,1,0,0,1,3,8,11,1,20,1,11,6.300000000000001,2,3,0,1,3,0
0,0,1,0,0,1,1,3,9,10,1,20,2,10,6.6,1,3,1,3,2,0
1,1,0,1,0,0,0,3,6,9,2,17,1,10,5.200000000000001,3,3,0,4,2,0
1,1,1,0,1,0,0,3,11,6,3,20,1,7,6.65,5,3,0,0,2,0
0,0,0,0,0,0,1,3,10,3,0,13,1,3,4.9,3,2,2,1,0,2
0,1,1,1,0,1,0,3,19,6,2,27,2,7,9.800000000000002,2,3,0,4,1,0
1,0,1,1,0,0,1,3,12,6,2,20,1,6,6.850000000000001,6,3,0,3,3,3
1,1,1,0,1,0,1,3,13,11,3,27,1,11,8.700000000000001,1,2,1,0,2,4
1,0,0,1,0,0,1,3,14,10,1,25,1,10,8.450000000000001,0,3,0,4,1,2
0,0,0,1,0,0,0,3,12,6,0,18,1,7,6.450000000000001,1,3,2,1,3,0
0,1,0,0,1,1,1,3,12,9,1,22,2,9,7.550000000000001,6,3,3,1,1,1
1,0,0,1,0,1,0,3,8,11,1,20,2,12,6.45,6,3,3,1,3,3
1,0,0,1,0,1,1,3,14,11,1,26,2,11,8.850000000000001,1,2,2,4,3,4
1,1,0,0,0,1,1,3,13,12,2,27,2,12,8.9,1,1,2,1,0,3
0,1,0,0,1,1,0,3,11,10,1,22,2,11,7.4,1,3,3,0,1,3
0,0,0,1,1,0,0,3,13,7,0,20,1,8,7.1000000000000005,1,2,0,0,3,1
0,0,0,0,1,0,1,3,12,7,0,19,1,7,6.700000000000001,3,3,0,2,2,0
0,0,0,0,1,0,1,3,12,12,0,24,1,12,7.950000000000001,1,3,3,3,2,2
1,0,1,1,1,1,1,3,9,7,2,18,2,7,6.05,4,3,2,2,3,1
0,1,0,1,1,1,0,3,11,13,1,25,2,14,8.15,1,0,1,4,3,0
1,0,0,1,0,1,0,3,16,7,1,24,2,8,8.65,2,3,3,2,0,0
0,1,1,0,0,0,0,3,18,4,2,24,1,5,8.75,1,4,2,3,3,0
1,1,0,1,1,0,1,3,10,7,2,19,1,7,6.300000000000001,2,3,3,4,2,3
0,0,1,0,1,1,1,3,16,13,1,30,2,13,10.15,3,4,1,3,2,3
1,0,0,1,0,1,1,3,9,6,1,16,2,6,5.6,6,2,0,2,2,3
0,0,1,0,1,1,0,3,9,8,1,18,2,9,6.1,1,3,2,1,3,4
1,0,1,1,1,1,1,3,6,5,2,13,2,5,4.3500000000000005,1,3,3,1,3,4
1,1,0,0,0,0,1,3,17,11,2,30,1,11,10.100000000000001,1,4,0,0,3,4
0,1,0,0,0,0,0,3,16,8,1,25,1,9,8.75,3,3,2,1,3,0
1,0,1,1,1,1,0,3,8,4,2,14,2,5,4.9,3,1,1,2,2,4
0,0,1,0,0,1,1,3,17,6,1,24,2,6,8.8,6,3,2,2,0,4
0,0,0,1,0,1,1,3,10,8,0,18,2,8,6.3,5,2,1,4,3,0
0,0,0,1,0,0,1,3,11,7,0,18,1,7,6.300000000000001,3,2,0,0,1,0
0,0,0,1,1,0,0,3,15,12,0,27,1,13,9.15,3,2,2,0,3,4
1,0,0,0,1,1,0,3,12,10,1,23,2,11,7.800000000000001,2,3,1,1,1,0
1,0,1,1,0,0,0,3,14,10,2,26,1,11,8.650000000000002,0,1,3,4,3,4
0,1,1,0,0,0,0,3,12,13,2,27,1,14,8.600000000000001,5,4,2,4,2,0
0,0,0,1,1,0,0,3,15,5,0,20,1,6,7.4,5,1,3,3,3,1
1,1,0,0,1,0,0,3,6,9,2,17,1,10,5.200000000000001,0,1,2,4,0,1
0,0,0,1,0,1,1,3,11,13,0,24,2,13,7.95,2,1,2,1,3,0
1,0,1,1,0,1,0,3,9,13,2,24,2,14,7.55,0,3,2,4,3,4
0,0,0,0,0,0,1,3,16,5,0,21,1,5,7.800000000000001,0,3,3,4,3,3
1,0,0,1,1,0,1,3,20,7,1,28,1,7,10.1,5,3,1,4,2,1
0,1,0,1,0,1,0,3,14,7,1,22,2,8,7.8500000000000005,5,4,1,3,3,0
1,1,1,1,0,1,0,3,11,12,3,26,2,13,8.3,5,1,0,1,3,1
0,1,1,0,1,1,0,3,10,10,2,22,2,11,7.2,5,2,2,1,0,1
0,1,1,0,1,1,0,3,13,12,2,27,2,13,8.9,4,2,0,4,3,0
0,0,0,1,1,1,0,3,8,12,0,20,2,13,6.5,2,2,1,4,3,1
1,1,1,1,1,0,1,3,12,4,3,19,1,4,6.550000000000001,5,3,1,1,0,0
1,1,1,0,1,1,0,3,18,14,3,35,2,15,11.6,5,3,0,1,0,1
0,1,1,0,1,1,1,3,12,7,2,21,2,7,7.250000000000001,2,3,0,4,3,4
1,0,1,0,1,1,1,3,15,6,2,23,2,6,8.200000000000001,5,3,3,1,3,4
1,1,0,0,1,0,1,3,8,11,2,21,1,11,6.500000000000001,0,3,1,4,1,3
1,1,1,1,1,0,0,3,3,11,3,17,1,12,4.700000000000001,1,4,1,4,0,2
0,0,0,1,1,0,1,3,18,8,0,26,1,8,9.35,1,2,1,3,0,0
0,1,1,1,0,1,1,3,16,12,2,30,2,12,10.100000000000001,3,3,3,4,3,4
1,1,0,0,0,0,0,3,18,8,2,28,1,9,9.75,1,0,0,1,3,2
1,1,1,1,0,0,1,3,16,6,3,25,1,6,8.65,0,0,2,3,0,3
0,0,0,0,1,1,1,3,9,4,0,13,2,4,4.8999999999999995,0,0,0,2,3,2
1,1,0,1,0,1,1,3,13,10,2,25,2,10,8.4,1,3,3,1,3,1
1,1,0,0,1,1,0,3,7,8,2,17,2,9,5.500000000000001,6,1,0,2,2,3
0,0,1,0,1,0,1,3,23,11,1,35,1,11,12.3,5,1,0,2,3,4
0,0,1,1,1,0,1,3,9,6,1,16,1,6,5.45,1,1,3,1,3,0
1,1,1,1,0,1,1,3,15,6,3,24,2,6,8.4,3,3,1,3,3,2
0,0,0,0,1,1,0,3,15,5,0,20,2,6,7.55,3,3,3,0,3,0
0,1,0,0,0,0,1,3,16,10,1,27,1,10,9.25,1,1,3,1,3,0
0,0,1,1,0,0,1,3,9,10,1,20,1,10,6.45,2,0,3,1,1,1
0,1,1,0,0,0,1,3,14,12,2,28,1,12,9.150000000000002,2,0,0,0,2,1
0,1,0,1,0,0,0,3,16,5,1,22,1,6,8.0,5,2,1,1,1,4
1,0,1,0,1,0,0,3,16,5,2,23,1,6,8.200000000000001,6,0,3,0,2,0
0,1,0,1,1,1,1,3,8,11,1,20,2,11,6.45,6,3,0,4,3,1
1,1,0,1,1,0,0,3,10,6,2,18,1,7,6.050000000000001,2,3,2,0,1,0
1,0,1,1,1,1,0,3,12,11,2,25,2,12,8.250000000000002,0,3,2,4,3,2
1,1,1,1,1,1,0,3,15,8,3,26,2,9,8.9,5,1,3,2,3,1
1,1,1,1,1,0,1,3,6,12,3,21,1,12,6.15,0,1,3,4,3,3
0,1,1,0,1,1,1,3,18,4,2,24,2,4,8.9,1,3,2,3,2,4
0,1,1,1,0,0,1,3,15,12,2,29,1,12,9.55,1,0,0,3,1,2
0,0,1,1,0,1,1,3,10,6,1,17,2,6,6.0,1,3,0,4,3,0
1,0,1,1,0,0,0,3,19,8,2,29,1,9,10.150000000000002,6,3,1,1,2,0
0,0,1,0,1,1,1,3,12,8,1,21,2,8,7.300000000000001,0,1,0,1,3,0
0,1,0,1,1,0,0,3,17,7,1,25,1,8,8.9,1,3,3,4,3,1
0,0,1,0,0,1,0,3,12,3,1,16,2,4,6.050000000000001,1,3,2,3,0,1
0,0,1,1,1,1,0,3,4,9,1,14,2,10,4.35,3,4,2,3,3,1
0,0,0,0,0,1,1,3,10,11,0,21,2,11,7.05,5,3,1,4,0,2
1,1,0,1,0,0,1,3,15,5,2,22,1,5,7.800000000000001,5,2,3,0,3,0
1,0,0,1,0,0,0,3,10,7,1,18,1,8,6.1000000000000005,3,4,2,4,3,3
1,0,1,0,1,1,1,3,11,7,2,20,2,7,6.8500000000000005,1,3,0,1,0,3
1,1,0,0,0,0,1,3,19,12,2,33,1,12,11.150000000000002,1,1,3,1,0,3
1,1,1,1,1,0,1,3,18,11,3,32,1,11,10.7,1,0,2,0,3,1
0,1,1,0,0,1,1,3,10,12,2,24,2,12,7.7,0,2,1,4,1,4
1,1,0,0,0,0,0,3,12,9,2,23,1,10,7.600000000000001,3,2,3,4,1,0
1,0,0,0,1,1,0,3,10,6,1,17,2,7,6.0,5,0,0,4,3,4
1,0,1,1,1,1,1,3,9,5,2,16,2,5,5.55,3,3,0,3,3,0
0,1,1,0,1,0,0,3,11,7,2,20,1,8,6.700000000000001,3,4,3,4,3,0
0,0,1,1,0,1,1,3,17,8,1,26,2,8,9.3,6,2,1,1,1,2
0,1,0,0,0,1,0,3,11,12,1,24,2,13,7.9,2,1,0,4,3,1
1,1,0,1,0,0,1,3,20,5,2,27,1,5,9.8,1,3,0,1,2,4
0,0,1,1,0,0,1,3,8,13,1,22,1,13,6.800000000000001,5,3,0,1,1,0
0,0,0,1,0,1,0,3,9,7,0,16,2,8,5.6499999999999995,5,3,3,0,3,1
1,0,0,0,1,1,0,3,18,8,1,27,2,9,9.7,6,3,0,2,3,1
0,0,1,1,1,1,1,3,13,11,1,25,2,11,8.450000000000001,0,3,1,4,3,0
1,1,1,1,0,0,0,3,15,4,3,22,1,5,7.75,5,2,1,0,0,3
1,0,0,0,0,1,1,3,16,9,1,26,2,9,9.15,6,3,3,3,3,0
1,1,0,0,0,0,0,3,12,4,2,18,1,5,6.350000000000001,0,2,0,4,3,0
1,0,1,0,1,1,0,3,20,10,2,32,2,11,11.200000000000001,1,3,1,4,0,0
0,0,1,0,0,0,0,3,14,9,1,24,1,10,8.200000000000001,1,1,2,1,3,3
0,1,0,0,0,1,1,3,21,13,1,35,2,13,12.15,5,3,0,4,0,3
1,1,0,1,0,1,1,3,12,15,2,29,2,15,9.250000000000002,6,0,3,1,1,1
1,0,0,1,1,1,0,3,6,6,1,13,2,7,4.4,0,3,2,1,3,2
1,0,0,0,0,1,0,3,8,10,1,19,2,11,6.2,2,3,0,0,1,0
1,1,1,0,0,0,1,3,17,5,3,25,1,5,8.8,5,3,1,0,0,0
1,0,1,0,0,1,0,3,13,5,2,20,2,6,7.15,3,3,1,1,2,1
0,1,1,0,0,0,1,3,12,7,2,21,1,7,7.100000000000001,6,4,3,1,2,3
0,0,0,0,1,0,0,3,18,7,0,25,1,8,9.1,6,3,0,4,2,0
1,0,0,0,1,0,0,3,14,15,1,30,1,16,9.700000000000001,0,2,3,1,3,0
1,0,0,1,0,1,0,3,13,7,1,21,2,8,7.45,6,2,1,0,0,4
0,1,0,0,0,1,1,3,12,7,1,20,2,7,7.050000000000001,3,2,2,3,0,3
1,0,1,0,1,1,0,3,11,9,2,22,2,10,7.3500000000000005,6,4,1,1,3,3
0,1,0,0,1,1,1,3,18,11,1,30,2,11,10.45,5,3,0,0,3,0
1,1,1,1,1,1,1,3,14,5,3,22,2,5,7.750000000000001,2,3,3,4,3,0
1,0,0,1,1,1,1,3,17,12,1,30,2,12,10.3,0,3,3,4,1,4
1,1,0,1,0,1,1,3,16,14,2,32,2,14,10.600000000000001,6,3,0,3,0,3
1,1,0,0,1,0,0,3,10,4,2,16,1,5,5.550000000000001,2,3,0,0,3,3
0,0,0,0,1,0,1,3,16,7,0,23,1,7,8.3,0,3,2,4,1,4
0,1,1,0,1,1,1,3,6,10,2,18,2,10,5.6000000000000005,3,2,2,4,3,0
0,1,0,1,0,0,1,3,9,9,1,19,1,9,6.2,4,3,0,0,3,2
0,0,0,1,1,0,0,3,5,11,0,16,1,12,4.9,6,3,0,2,0,3
0,0,1,1,0,0,0,3,19,8,1,28,1,9,9.950000000000001,4,0,3,2,3,4
1,1,0,1,1,0,0,3,10,8,2,20,1,9,6.550000000000001,3,3,2,0,3,1
0,0,1,1,0,0,1,3,12,10,1,23,1,10,7.650000000000001,5,3,0,0,3,0
1,0,0,0,1,1,1,3,15,12,1,28,2,12,9.5,0,3,2,1,1,1
1,1,0,0,0,1,0,3,5,7,2,14,2,8,4.45,6,3,3,1,2,3
1,1,1,0,0,1,1,3,4,4,3,11,2,4,3.5,5,4,0,0,3,2
0,1,1,1,0,0,0,3,13,6,2,21,1,7,7.250000000000001,5,0,1,0,0,0
1,1,0,1,0,0,1,3,9,7,2,18,1,7,5.9,0,4,0,0,1,3
1,1,0,1,0,1,1,3,14,11,2,27,2,11,9.050000000000002,3,3,0,4,1,0
1,1,1,0,1,0,1,3,15,13,3,31,1,13,10.0,4,3,1,4,3,4
0,1,1,1,1,1,0,3,6,10,2,18,2,11,5.6000000000000005,6,1,3,1,3,2
1,1,0,1,0,0,0,3,15,6,2,23,1,7,8.05,2,3,1,1,3,1
0,1,1,0,1,1,1,3,9,11,2,22,2,11,7.05,0,4,1,1,3,0
1,0,1,1,1,1,0,3,13,12,2,27,2,13,8.9,5,2,2,0,3,0
1,0,0,0,1,1,0,3,9,9,1,19,2,10,6.35,5,3,1,1,1,3
0,0,1,0,0,0,1,3,15,9,1,25,1,9,8.6,2,3,2,4,2,1
0,0,0,1,1,1,1,3,4,9,0,13,2,9,4.15,2,2,3,1,3,4
0,0,1,1,1,1,0,3,12,11,1,24,2,12,8.05,5,0,3,1,2,4
0,1,0,0,0,1,0,3,4,13,1,18,2,14,5.35,4,2,2,1,3,0
0,0,0,0,1,1,0,3,18,6,0,24,2,7,9.0,0,3,2,4,0,3
0,0,0,0,0,0,0,3,14,10,0,24,1,11,8.250000000000002,2,2,3,0,3,0
1,1,0,0,0,0,0,3,12,6,2,20,1,7,6.850000000000001,1,3,3,4,0,0
0,1,0,1,0,1,0,3,7,14,1,22,2,15,6.800000000000001,0,2,1,1,2,1
0,0,1,1,1,0,1,3,13,11,1,25,1,11,8.3,5,2,0,1,0,0
0,0,1,1,0,0,0,3,14,9,1,24,1,10,8.200000000000001,0,3,3,0,2,4
1,1,1,1,1,1,1,3,13,9,3,25,2,9,8.350000000000001,2,3,2,3,0,4
1,0,0,0,0,1,1,3,9,8,1,18,2,8,6.1,5,0,1,4,0,3
0,1,0,1,0,0,0,3,17,12,1,30,1,13,10.15,5,4,0,1,2,4
1,1,1,0,0,0,1,3,13,8,3,24,1,8,7.950000000000001,0,2,1,0,3,1
1,0,1,0,1,1,0,3,6,9,2,17,2,10,5.3500000000000005,6,1,1,2,3,3
1,0,1,1,1,0,1,3,12,6,2,20,1,6,6.850000000000001,2,3,3,1,3,1
1,1,1,0,0,1,0,3,12,8,3,23,2,9,7.7,3,3,2,4,1,0
0,0,1,1,0,1,0,3,14,14,1,29,2,15,9.600000000000001,2,3,2,2,3,1
1,0,0,1,0,1,0,3,9,6,1,16,2,7,5.6,3,3,3,3,3,4
1,0,1,0,1,0,1,3,8,6,2,16,1,6,5.250000000000001,2,2,1,4,3,2
1,1,0,0,0,0,0,3,12,13,2,27,1,14,8.600000000000001,2,4,0,4,3,4
0,0,0,1,0,0,1,3,15,8,0,23,1,8,8.15,6,3,2,4,3,0
1,1,1,0,0,0,0,3,7,13,3,23,1,14,6.800000000000001,5,3,0,1,3,2
0,0,1,1,1,1,0,3,11,5,1,17,2,6,6.15,5,4,1,2,1,1
1,1,0,1,1,1,0,3,18,9,2,29,2,10,10.15,1,3,1,3,3,1
0,1,0,1,1,1,0,3,10,10,1,21,2,11,7.0,1,4,3,4,3,1
0,0,1,0,0,0,1,3,15,11,1,27,1,11,9.1,5,4,0,4,3,1
0,1,0,1,1,1,1,3,15,10,1,26,2,10,9.0,3,3,1,1,1,4
0,1,0,1,1,0,0,3,8,11,1,20,1,12,6.300000000000001,6,2,0,0,3,0
1,1,1,1,1,0,1,3,11,5,3,19,1,5,6.4,3,0,3,2,3,1
0,1,1,1,0,0,0,3,13,9,2,24,1,10,8.0,3,4,3,4,3,3
1,1,0,0,1,1,1,3,9,12,2,23,2,12,7.3,1,3,0,0,1,0
0,1,1,0,0,1,0,3,14,12,2,28,2,13,9.300000000000002,3,3,3,1,2,4
0,0,1,0,1,1,0,3,8,14,1,23,2,15,7.2,5,0,0,1,3,3
0,0,1,0,0,0,0,3,11,13,1,25,1,14,8.0,0,2,2,4,0,4
1,0,0,1,0,0,1,3,11,8,1,20,1,8,6.750000000000001,2,3,1,4,1,0
1,0,0,1,1,0,1,3,9,7,1,17,1,7,5.7,1,4,2,1,1,3
0,1,0,0,0,1,0,3,17,9,1,27,2,10,9.55,0,3,1,1,1,3
0,1,1,1,1,0,0,3,6,8,2,16,1,9,4.950000000000001,5,2,3,4,3,1
0,1,0,1,0,0,1,3,18,12,1,31,1,12,10.549999999999999,5,3,2,4,3,4
1,1,0,1,0,1,1,3,2,11,2,15,2,11,4.25,1,3,0,4,3,4
0,0,0,1,1,0,1,3,15,12,0,27,1,12,9.15,2,4,1,3,3,3
0,0,1,0,1,1,0,3,23,13,1,37,2,14,12.950000000000001,6,3,3,0,3,1
0,0,0,0,1,0,0,3,15,10,0,25,1,11,8.65,2,3,3,4,0,4
1,1,0,0,1,0,0,3,12,8,2,22,1,9,7.350000000000001,2,0,2,4,0,3
0,1,0,1,0,0,1,3,6,5,1,12,1,5,4.000000000000001,0,3,1,4,2,0
0,0,0,0,0,0,0,3,12,7,0,19,1,8,6.700000000000001,1,3,2,4,0,3
0,0,1,1,1,0,0,3,19,11,1,31,1,12,10.700000000000001,1,0,3,0,3,3
1,1,1,0,1,1,1,3,14,13,3,30,2,13,9.750000000000002,1,3,2,1,0,3
0,0,1,0,0,1,1,3,17,12,1,30,2,12,10.3,0,3,0,1,1,3
0,0,1,1,1,1,0,3,10,10,1,21,2,11,7.0,3,2,3,4,0,2
0,0,0,0,1,1,0,3,8,5,0,13,2,6,4.75,1,0,1,3,3,3
1,0,0,1,1,0,0,3,13,8,1,22,1,9,7.550000000000001,5,3,3,0,2,2
1,0,1,0,0,1,0,3,12,13,2,27,2,14,8.750000000000002,0,4,1,4,3,3
0,1,0,1,1,1,1,3,11,4,1,16,2,4,5.9,2,4,1,0,1,0
0,1,0,1,0,1,1,3,5,7,1,13,2,7,4.25,2,1,2,0,3,3
1,0,1,1,0,0,1,3,14,12,2,28,1,12,9.150000000000002,1,0,0,4,3,0
1,0,0,0,0,1,1,3,14,7,1,22,2,7,7.8500000000000005,0,3,2,1,3,1
1,0,1,1,1,1,1,3,8,8,2,18,2,8,5.9,5,2,3,2,3,0
0,0,0,0,0,1,1,3,8,8,0,16,2,8,5.5,5,3,1,4,3,3
0,0,1,0,1,1,1,3,10,11,1,22,2,11,7.25,2,3,0,1,3,2
1,1,1,0,0,1,0,3,13,9,3,25,2,10,8.350000000000001,5,4,0,1,3,4
0,1,0,1,1,1,1,3,14,8,1,23,2,8,8.100000000000001,1,3,2,2,1,0
1,1,0,1,0,1,0,3,13,14,2,29,2,15,9.4,0,3,3,3,1,3
0,0,1,0,1,1,1,3,9,4,1,14,2,4,5.1,5,2,2,1,2,0
1,0,0,1,0,1,1,3,22,7,1,30,2,7,11.05,0,4,2,1,3,0
1,0,0,0,1,0,1,3,3,15,1,19,1,15,5.300000000000001,0,2,3,0,3,2
1,1,1,0,0,1,1,3,11,8,3,22,2,8,7.3,6,3,2,4,3,1
0,1,0,1,0,1,0,3,9,5,1,15,2,6,5.35,3,4,2,1,3,0
0,1,1,1,0,1,0,3,13,7,2,22,2,8,7.65,3,1,2,3,0,0
0,1,0,1,1,1,0,3,9,5,1,15,2,6,5.35,3,2,0,3,3,2
1,0,0,1,0,0,0,3,11,6,1,18,1,7,6.250000000000001,6,2,3,4,3,1
1,0,1,1,1,1,0,3,14,14,2,30,2,15,9.800000000000002,5,2,1,0,1,4
1,1,1,0,0,1,1,3,10,11,3,24,2,11,7.6499999999999995,6,3,2,0,2,3
0,0,1,1,0,1,1,3,7,13,1,21,2,13,6.550000000000001,0,4,0,0,3,3
0,0,1,0,1,0,0,3,13,11,1,25,1,12,8.3,1,4,0,1,0,4
0,1,0,0,0,0,1,3,9,10,1,20,1,10,6.45,5,4,0,0,3,4
0,0,0,1,1,1,0,3,12,12,0,24,2,13,8.100000000000001,1,1,2,3,3,1
0,1,0,0,0,0,0,3,14,14,1,29,1,15,9.450000000000001,5,3,2,4,2,1
1,0,1,1,0,0,0,3,11,8,2,21,1,9,6.950000000000001,2,1,2,2,3,3
0,0,0,1,1,1,0,3,15,8,0,23,2,9,8.3,5,3,2,0,1,0
1,1,0,0,1,1,1,3,18,12,2,32,2,12,10.9,1,3,2,3,2,2
1,1,1,1,1,1,0,3,13,7,3,23,2,8,7.8500000000000005,3,4,1,4,3,0
1,1,0,1,1,0,1,3,13,12,2,27,1,12,8.75,3,3,0,4,3,3
0,0,0,0,0,1,1,3,13,4,0,17,2,4,6.5,1,2,2,1,3,4
1,0,1,1,0,1,0,3,19,4,2,25,2,5,9.300000000000002,6,4,3,4,3,3
0,0,0,1,0,0,0,3,18,13,0,31,1,14,10.6,2,4,2,2,2,2
0,1,0,0,0,1,1,3,7,8,1,16,2,8,5.300000000000001,5,2,0,0,3,0
0,0,0,1,1,0,1,3,8,7,0,15,1,7,5.1000000000000005,6,3,2,4,2,0
0,0,0,1,1,0,1,3,16,9,0,25,1,9,8.8,0,2,3,4,0,3
1,0,1,1,0,0,0,3,18,5,2,25,1,6,9.0,4,3,3,2,0,0
0,1,1,0,1,1,1,3,12,12,2,26,2,12,8.500000000000002,2,1,1,4,3,4
0,1,1,0,1,0,1,3,14,14,2,30,1,14,9.650000000000002,6,2,1,1,3,1
0,0,1,1,1,1,1,3,13,9,1,23,2,9,7.95,5,1,0,0,3,0
0,0,0,1,0,0,0,3,11,15,0,26,1,16,8.3,6,3,1,3,3,1
0,0,1,0,1,1,1,3,21,12,1,34,2,12,11.9,6,0,0,1,3,0
0,0,1,1,1,0,0,3,11,5,1,17,1,6,6.000000000000001,1,2,0,4,0,4
1,0,0,1,1,1,0,3,8,15,1,24,2,16,7.45,5,4,2,3,3,0
1,1,0,0,0,0,0,3,7,8,2,17,1,9,5.350000000000001,0,3,3,0,0,4
1,1,1,0,1,1,1,3,5,10,3,18,2,10,5.3999999999999995,0,0,3,1,2,4
0,0,0,0,0,1,0,3,19,10,0,29,2,11,10.400000000000002,0,2,1,1,1,3
1,0,0,0,0,1,1,3,20,10,1,31,2,10,11.0,6,2,3,4,1,4
0,1,0,1,0,1,0,3,15,7,1,23,2,8,8.25,1,3,2,0,1,3
0,1,0,1,1,1,1,3,15,8,1,24,2,8,8.5,2,0,3,0,0,4
1,1,1,0,1,0,0,3,11,5,3,19,1,6,6.4,6,3,0,1,0,4
0,0,0,0,0,1,1,3,10,6,0,16,2,6,5.8,1,3,1,1,3,4
0,0,0,0,1,1,0,3,22,5,0,27,2,6,10.350000000000001,6,4,2,4,3,4
1,1,0,1,1,0,0,3,4,8,2,14,1,9,4.15,1,3,0,0,3,0
0,1,1,0,0,0,1,3,17,15,2,34,1,15,11.100000000000001,2,1,3,0,3,3
0,1,0,1,1,1,0,3,10,7,1,18,2,8,6.25,6,1,1,1,3,4
0,0,0,1,1,0,1,3,13,7,0,20,1,7,7.1000000000000005,6,2,0,2,1,3
0,0,1,1,0,0,1,3,18,9,1,28,1,9,9.799999999999999,0,0,0,1,3,0
1,1,1,1,1,0,0,3,15,11,3,29,1,12,9.5,1,3,0,2,1,4
0,0,1,0,1,1,1,3,11,6,1,18,2,6,6.4,6,2,0,0,3,4
0,1,1,1,1,0,0,3,7,11,2,20,1,12,6.100000000000001,1,2,0,1,3,4
1,0,1,1,1,1,0,3,10,7,2,19,2,8,6.45,1,1,2,2,1,0
0,0,1,1,1,0,1,3,20,4,1,25,1,4,9.35,1,3,3,2,2,1
1,1,1,0,0,0,1,3,22,7,3,32,1,7,11.3,1,3,1,1,0,4
0,1,1,0,0,0,0,3,14,7,2,23,1,8,7.900000000000001,6,1,2,2,3,1
0,1,1,1,0,0,0,3,21,10,2,33,1,11,11.450000000000001,0,0,3,0,2,0
0,0,1,0,0,0,0,3,7,4,1,12,1,5,4.15,1,0,3,0,1,0
0,1,1,0,1,1,0,3,13,9,2,24,2,10,8.15,1,3,3,3,2,3
0,0,0,0,1,1,0,3,16,6,0,22,2,7,8.200000000000001,3,3,2,3,3,0
0,0,0,1,1,1,1,3,15,9,0,24,2,9,8.55,1,0,1,4,2,3
1,0,0,1,0,1,0,3,14,7,1,22,2,8,7.8500000000000005,0,2,0,4,0,4
1,0,0,0,1,0,1,3,15,9,1,25,1,9,8.6,1,3,1,0,3,4
1,1,1,1,1,0,1,3,12,6,3,21,1,6,7.050000000000001,1,3,1,1,3,4
1,1,0,1,1,1,1,3,12,9,2,23,2,9,7.750000000000001,5,1,2,1,2,4
0,1,0,1,1,0,0,3,11,6,1,18,1,7,6.250000000000001,3,1,3,2,3,3
1,0,1,1,1,0,0,3,10,3,2,15,1,4,5.300000000000001,1,0,0,4,1,3
1,1,0,1,1,0,0,3,16,7,2,25,1,8,8.700000000000001,6,0,3,3,3,0
1,0,0,1,0,0,0,3,4,8,1,13,1,9,3.95,5,0,1,4,0,1
1,1,0,1,0,0,1,3,16,12,2,30,1,12,9.950000000000001,0,0,2,4,2,3
1,0,1,1,1,0,1,3,12,10,2,24,1,10,7.850000000000001,0,0,2,0,3,4
1,1,1,0,0,0,1,3,15,11,3,29,1,11,9.5,3,1,3,1,2,1
1,0,0,0,0,0,0,3,3,10,1,14,1,11,4.050000000000001,5,0,1,1,0,1
0,1,0,1,1,0,0,3,12,6,1,19,1,7,6.650000000000001,0,1,3,4,1,3
0,1,0,0,0,0,1,3,12,12,1,25,1,12,8.15,1,3,1,1,2,3
0,0,1,1,1,1,1,3,10,6,1,17,2,6,6.0,3,0,0,0,3,0
0,1,1,1,1,0,1,3,8,8,2,18,1,8,5.750000000000001,3,1,3,2,3,4
0,1,0,1,1,1,0,3,13,3,1,17,2,4,6.45,5,3,3,1,2,0
1,0,0,0,0,1,0,3,8,12,1,21,2,13,6.7,3,2,0,4,3,0
0,1,1,1,1,1,0,3,20,7,2,29,2,8,10.450000000000001,1,2,1,4,0,1
0,0,0,0,1,1,0,3,13,5,0,18,2,6,6.75,2,3,2,0,3,0
0,0,1,1,0,1,0,3,17,8,1,26,2,9,9.3,6,3,3,0,1,3
0,1,1,0,0,0,0,3,19,5,2,26,1,6,9.400000000000002,0,4,0,4,3,4
1,0,0,0,0,0,1,3,11,10,1,22,1,10,7.250000000000001,5,1,3,4,0,0
0,0,1,0,0,0,0,3,19,13,1,33,1,14,11.200000000000001,3,3,2,2,3,2
1,0,1,1,1,0,0,3,14,6,2,22,1,7,7.650000000000001,1,1,3,1,0,2
0,1,0,1,1,1,0,3,12,11,1,24,2,12,8.05,3,3,0,4,1,0
0,1,1,1,1,0,1,3,7,8,2,17,1,8,5.350000000000001,2,0,2,1,1,0
0,0,0,0,0,0,1,3,13,14,0,27,1,14,8.85,3,3,0,4,0,3
1,1,0,0,1,1,0,3,13,12,2,27,2,13,8.9,2,3,1,3,3,0
0,0,0,1,0,0,1,3,15,9,0,24,1,9,8.4,0,4,3,3,3,0
0,0,1,0,1,0,1,3,15,7,1,23,1,7,8.1,0,3,2,3,2,3
0,1,1,0,1,0,0,3,11,6,2,19,1,7,6.450000000000001,3,4,0,0,3,1
1,1,0,0,0,0,0,3,19,5,2,26,1,6,9.400000000000002,1,3,3,0,3,0
0,0,0,0,1,1,1,3,15,15,0,30,2,15,10.05,6,2,0,1,0,1
1,0,0,0,1,0,1,3,14,13,1,28,1,13,9.200000000000001,6,3,2,1,2,4
1,1,0,1,0,0,0,3,12,8,2,22,1,9,7.350000000000001,5,3,0,4,0,2
1,1,0,0,1,1,0,3,15,9,2,26,2,10,8.950000000000001,0,2,1,4,1,3
1,1,0,0,0,1,0,3,9,11,2,22,2,12,7.05,5,3,3,4,2,3
1,1,0,1,1,0,0,3,18,6,2,26,1,7,9.25,3,3,3,3,2,0
1,1,1,1,0,1,1,3,15,12,3,30,2,12,9.9,3,3,1,2,3,1
1,1,0,1,1,1,1,3,14,7,2,23,2,7,8.05,4,3,2,1,3,4
0,0,1,1,0,1,0,3,14,10,1,25,2,11,8.600000000000001,3,1,1,0,3,3
1,0,1,0,0,0,0,3,12,12,2,26,1,13,8.350000000000001,1,3,1,0,3,0
0,0,0,0,1,0,0,3,17,11,0,28,1,12,9.700000000000001,6,3,3,3,3,1
0,0,0,1,1,1,0,3,13,10,0,23,2,11,8.0,4,0,2,1,0,3
1,1,0,1,0,1,1,3,7,13,2,22,2,13,6.750000000000001,3,2,1,3,0,4
1,0,0,1,1,0,0,3,6,9,1,16,1,10,5.000000000000001,0,2,2,4,3,0
1,1,1,1,0,0,1,3,9,10,3,22,1,10,6.85,1,2,1,0,3,0
0,1,1,0,0,0,1,3,10,12,2,24,1,12,7.550000000000001,5,4,1,1,3,4
0,0,0,1,0,1,0,3,17,7,0,24,2,8,8.850000000000001,6,3,1,1,3,4
1,0,0,1,1,1,1,3,12,5,1,18,2,5,6.550000000000001,6,0,2,0,3,1
1,0,0,1,1,0,0,3,20,9,1,30,1,10,10.6,6,4,3,1,1,3
1,1,1,0,1,0,1,3,17,12,3,32,1,12,10.55,0,0,3,1,1,3
0,0,0,1,0,1,1,3,13,6,0,19,2,6,7.0,0,4,2,3,0,1
1,0,1,0,0,0,0,3,15,8,2,25,1,9,8.55,3,3,3,0,0,0
0,1,1,1,1,1,0,3,9,8,2,19,2,9,6.3,0,3,3,1,0,3
0,1,1,1,1,0,0,3,10,7,2,19,1,8,6.300000000000001,1,1,0,1,3,0
0,1,1,1,1,1,0,3,8,7,2,17,2,8,5.65,1,3,1,4,0,4
1,1,1,1,0,1,1,3,17,10,3,30,2,10,10.200000000000001,5,3,1,4,1,4
0,1,1,0,1,1,1,3,11,9,2,22,2,9,7.3500000000000005,5,3,2,1,1,0
1,0,0,1,0,0,1,3,14,6,1,21,1,6,7.450000000000001,1,2,1,1,0,2
1,0,0,1,1,1,1,3,20,15,1,36,2,15,12.25,1,3,1,1,3,4
1,0,0,1,1,0,0,3,18,6,1,25,1,7,9.049999999999999,2,3,3,1,3,1
1,1,0,1,0,1,1,3,10,6,2,18,2,6,6.2,5,2,2,4,1,1
1,0,1,0,0,0,0,3,9,12,2,23,1,13,7.15,6,1,3,0,3,3
0,1,1,1,1,0,1,3,18,5,2,25,1,5,9.0,1,0,0,1,3,0
0,1,0,0,0,0,0,3,12,7,1,20,1,8,6.900000000000001,4,1,1,3,2,3
0,0,0,0,0,0,1,3,12,9,0,21,1,9,7.200000000000001,1,3,1,4,2,4
0,1,0,0,0,1,0,3,20,11,1,32,2,12,11.25,2,3,1,3,1,4
0,1,1,1,0,1,0,3,8,13,2,23,2,14,7.15,0,0,0,4,3,0
0,1,1,0,1,1,0,3,9,6,2,17,2,7,5.8,5,3,2,4,3,0
1,1,1,1,0,0,1,3,11,10,3,24,1,10,7.65,6,3,0,0,2,1
1,1,1,1,1,1,1,3,12,12,3,27,2,12,8.700000000000001,0,3,1,2,0,1
1,1,1,0,1,1,1,3,9,9,3,21,2,9,6.749999999999999,1,1,2,2,3,3
0,0,0,1,1,0,0,3,16,12,0,28,1,13,9.55,4,2,1,3,2,1
0,1,1,1,0,1,1,3,13,9,2,24,2,9,8.15,6,4,2,4,3,0
1,0,0,1,1,1,1,3,15,8,1,24,2,8,8.5,6,3,1,1,0,3
1,1,0,0,1,1,0,3,8,12,2,22,2,13,6.9,1,4,0,0,0,3
1,0,0,0,0,0,0,3,6,12,1,19,1,13,5.750000000000001,1,2,0,1,3,1
0,1,0,1,0,0,0,3,18,10,1,29,1,11,10.049999999999999,5,0,2,3,3,0
1,0,0,0,1,0,0,3,14,15,1,30,1,16,9.700000000000001,1,0,0,0,1,1
0,1,0,1,0,0,1,3,15,6,1,22,1,6,7.8500000000000005,0,0,1,4,3,4
0,0,1,0,1,1,1,3,13,11,1,25,2,11,8.450000000000001,1,4,2,1,0,4
1,1,1,0,0,1,0,3,7,6,3,16,2,7,5.2,5,4,1,0,2,4
0,1,1,1,0,1,1,3,12,5,2,19,2,5,6.750000000000001,2,3,2,1,0,4
0,0,1,1,0,0,0,3,11,3,1,15,1,4,5.500000000000001,5,3,3,4,1,3
0,1,0,1,0,1,1,3,16,15,1,32,2,15,10.65,0,3,2,0,3,0
0,0,0,0,0,1,1,3,8,11,0,19,2,11,6.25,2,3,3,0,1,4
1,0,0,0,1,0,0,3,15,5,1,21,1,6,7.6000000000000005,3,2,1,0,2,3
0,1,0,0,0,0,0,3,15,7,1,23,1,8,8.1,6,2,3,1,0,4
0,1,0,1,1,0,0,3,7,14,1,22,1,15,6.650000000000001,1,2,1,4,2,2
1,0,0,1,1,1,0,3,19,13,1,33,2,14,11.350000000000001,2,3,0,0,3,4
0,1,1,0,0,0,1,3,14,10,2,26,1,10,8.650000000000002,6,3,1,4,3,4
0,0,0,0,0,1,0,3,14,5,0,19,2,6,7.15,3,2,2,2,1,3
0,0,1,1,0,0,0,3,17,10,1,28,1,11,9.65,2,3,0,1,3,0
1,1,1,0,1,1,0,3,11,11,3,25,2,12,8.05,2,3,2,1,1,2
1,1,1,1,1,0,0,3,11,12,3,26,1,13,8.15,1,1,0,1,0,2
1,0,0,1,1,0,0,3,14,12,1,27,1,13,8.950000000000001,1,3,1,0,2,0
1,1,1,0,1,1,0,3,18,10,3,31,2,11,10.6,5,3,3,4,3,1
0,0,0,0,0,0,1,3,17,13,0,30,1,13,10.200000000000001,6,3,3,4,3,0
0,1,1,1,0,0,0,3,16,11,2,29,1,12,9.700000000000001,3,1,3,4,2,1
1,1,0,1,1,0,0,3,13,7,2,22,1,8,7.500000000000001,3,2,1,4,3,0
1,0,0,1,1,0,0,3,13,8,1,22,1,9,7.550000000000001,6,0,1,4,1,1
0,0,1,0,0,0,0,3,8,5,1,14,1,6,4.800000000000001,3,4,3,3,1,1
0,0,0,1,0,0,0,3,19,6,0,25,1,7,9.250000000000002,6,2,0,4,3,4
0,1,0,1,1,1,0,3,4,10,1,15,2,11,4.6,6,2,0,4,2,3
1,0,0,1,0,0,1,3,13,14,1,28,1,14,9.049999999999999,3,4,2,0,3,0
1,1,0,0,1,1,1,3,17,6,2,25,2,6,9.000000000000002,0,0,2,2,3,1
1,1,1,0,0,0,0,3,13,14,3,30,1,15,9.45,1,3,1,4,3,4
1,1,1,1,0,1,1,3,9,15,3,27,2,15,8.25,6,2,1,1,3,1
1,1,1,0,1,0,0,3,12,8,3,23,1,9,7.550000000000001,4,2,2,4,3,4
1,0,0,0,0,1,1,3,12,5,1,18,2,5,6.550000000000001,2,3,3,4,3,0
1,0,1,0,0,1,0,3,5,5,2,12,2,6,3.9499999999999997,6,2,1,4,3,0
1,0,0,1,0,1,1,3,13,13,1,27,2,13,8.95,0,4,0,4,2,4
1,1,1,1,0,0,1,3,16,10,3,29,1,10,9.65,1,4,3,0,2,1
0,1,0,1,0,0,0,3,17,7,1,25,1,8,8.9,4,4,2,3,1,0
0,1,0,0,1,1,0,3,17,4,1,22,2,5,8.3,6,2,3,4,3,3
0,1,0,1,0,0,1,3,17,3,1,21,1,3,7.900000000000001,6,3,0,4,0,4
1,0,0,0,1,1,0,3,7,5,1,13,2,6,4.550000000000001,3,0,2,1,3,3
1,0,1,1,0,0,0,3,11,12,2,25,1,13,7.950000000000001,1,3,0,1,1,0
0,0,0,0,1,1,0,3,16,8,0,24,2,9,8.700000000000001,0,3,3,3,3,1
0,1,0,0,0,0,1,3,18,5,1,24,1,5,8.799999999999999,1,2,2,1,3,1
1,1,1,1,1,1,1,3,14,6,3,23,2,6,8.000000000000002,3,2,1,1,0,2
0,0,0,1,0,1,0,3,9,15,0,24,2,16,7.6499999999999995,2,3,1,0,3,4
1,0,1,0,0,0,0,3,13,7,2,22,1,8,7.500000000000001,2,3,3,0,0,3
1,1,1,1,0,0,1,3,22,4,3,29,1,4,10.55,3,3,0,0,0,4
1,0,0,1,0,0,1,3,11,11,1,23,1,11,7.500000000000001,5,3,3,4,0,1
1,0,1,1,1,0,1,3,23,5,2,30,1,5,11.000000000000002,3,3,3,3,3,3
0,1,1,1,0,1,0,3,14,12,2,28,2,13,9.300000000000002,0,3,2,1,3,3
0,0,0,0,0,1,1,3,19,11,0,30,2,11,10.650000000000002,1,1,1,1,1,1
0,1,1,1,0,0,0,3,20,6,2,28,1,7,10.05,1,2,1,1,0,0
1,0,1,1,1,0,1,3,8,9,2,19,1,9,6.000000000000001,0,1,0,4,0,0
0,1,0,1,0,1,0,3,2,10,1,13,2,11,3.8,1,3,1,0,0,1
1,0,1,0,1,0,1,3,11,8,2,21,1,8,6.950000000000001,1,2,1,4,3,3
0,1,0,0,1,1,0,3,7,6,1,14,2,7,4.800000000000001,3,3,3,0,0,1
1,0,0,0,1,1,0,3,14,5,1,20,2,6,7.3500000000000005,2,3,0,2,0,1
0,0,1,1,1,1,1,3,11,8,1,20,2,8,6.9,5,4,2,4,3,0
1,0,0,1,0,1,1,3,15,4,1,20,2,4,7.5,2,3,3,2,1,3
1,1,0,1,1,1,0,3,11,15,2,28,2,16,8.850000000000001,0,3,2,4,3,4
0,0,0,1,1,1,0,3,10,10,0,20,2,11,6.8,5,2,0,1,2,0
0,0,0,1,0,1,0,3,17,4,0,21,2,5,8.100000000000001,1,1,1,4,3,0
0,0,1,1,1,0,0,3,11,5,1,17,1,6,6.000000000000001,2,2,0,3,3,1
1,0,0,0,1,0,0,3,14,8,1,23,1,9,7.950000000000001,3,3,3,4,3,2
1,0,1,1,0,0,1,3,11,8,2,21,1,8,6.950000000000001,1,2,2,2,2,0
0,0,1,1,0,0,1,3,4,7,1,12,1,7,3.7,3,3,1,3,3,1
0,1,1,1,1,0,0,3,10,14,2,26,1,15,8.05,5,2,3,4,1,2
0,0,0,1,1,0,0,3,5,13,0,18,1,14,5.4,2,2,3,3,2,3
1,1,0,0,1,0,0,3,13,13,2,28,1,14,9.0,4,3,2,1,3,1
1,1,1,1,0,1,0,3,18,12,3,33,2,13,11.1,5,3,2,1,3,3
0,0,1,1,1,0,0,3,19,7,1,27,1,8,9.700000000000001,2,2,2,4,2,0
0,0,0,1,0,0,0,3,7,8,0,15,1,9,4.950000000000001,3,0,0,0,3,0
1,1,0,1,0,1,1,3,18,12,2,32,2,12,10.9,6,3,0,4,2,1
0,1,1,1,1,1,1,3,19,10,2,31,2,10,10.800000000000002,5,4,0,0,1,4
0,1,0,0,0,0,0,3,11,9,1,21,1,10,7.000000000000001,2,3,1,2,3,1
0,1,1,1,1,0,0,3,12,11,2,25,1,12,8.100000000000001,2,2,1,2,1,4
1,0,0,0,1,1,1,3,19,4,1,24,2,4,9.100000000000001,6,1,3,1,2,3
1,0,0,0,1,0,0,3,17,14,1,32,1,15,10.65,3,3,0,4,2,0
1,1,1,0,0,1,0,3,10,8,3,21,2,9,6.8999999999999995,5,3,1,4,0,3
0,0,1,0,1,1,1,3,15,8,1,24,2,8,8.5,4,0,0,1,0,0
1,1,1,0,0,1,1,3,9,9,3,21,2,9,6.749999999999999,1,2,3,1,0,4
1,0,1,1,1,1,1,3,7,8,2,17,2,8,5.500000000000001,2,3,1,0,2,2
1,1,0,1,0,0,0,3,15,12,2,29,1,13,9.55,0,4,2,1,3,3
1,0,1,1,1,0,0,3,16,6,2,24,1,7,8.450000000000001,5,3,2,1,0,0
1,1,1,0,0,1,0,3,11,12,3,26,2,13,8.3,0,3,0,2,3,0
0,1,0,0,0,1,0,3,14,8,1,23,2,9,8.100000000000001,4,3,1,1,0,3
0,1,1,1,1,1,0,3,12,9,2,23,2,10,7.750000000000001,1,4,2,1,3,4
1,1,1,1,0,0,1,3,12,13,3,28,1,13,8.8,6,3,2,4,3,0
1,1,1,1,0,0,1,3,10,10,3,23,1,10,7.25,6,1,1,1,0,4
0,0,1,0,1,0,0,3,9,10,1,20,1,11,6.45,6,3,1,1,1,2
0,1,1,0,1,1,0,3,20,11,2,33,2,12,11.450000000000001,6,3,2,3,2,2
0,0,0,0,0,0,1,3,11,8,0,19,1,8,6.550000000000001,3,1,3,1,3,4
0,0,0,0,1,0,1,3,15,9,0,24,1,9,8.4,0,2,1,1,2,0
0,1,1,1,0,0,1,3,16,9,2,27,1,9,9.200000000000001,3,2,3,1,0,1
1,0,0,1,1,1,1,3,13,8,1,22,2,8,7.7,3,0,3,1,0,2
1,0,0,1,0,0,1,3,5,8,1,14,1,8,4.3500000000000005,3,3,0,1,1,0
0,0,1,1,1,0,1,3,18,12,1,31,1,12,10.549999999999999,5,3,2,4,3,1
1,0,0,1,1,0,1,3,20,11,1,32,1,11,11.1,2,3,2,0,1,0
0,1,0,1,1,1,0,3,16,6,1,23,2,7,8.4,0,2,0,4,2,3
1,1,1,0,0,1,0,3,12,8,3,23,2,9,7.7,2,3,1,0,1,0
1,1,1,0,1,1,1,3,7,9,3,19,2,9,5.95,2,3,1,4,1,0
0,1,1,0,1,0,1,3,16,12,2,30,1,12,9.950000000000001,5,4,2,1,2,3
0,0,0,1,1,1,0,3,16,11,0,27,2,12,9.450000000000001,2,2,1,3,3,0
1,0,1,0,0,0,0,3,13,10,2,25,1,11,8.25,6,1,2,0,3,0
0,1,0,1,0,1,0,3,11,13,1,25,2,14,8.15,1,4,1,0,1,0
1,1,1,1,1,0,0,3,12,12,3,27,1,13,8.55,6,0,0,0,3,3
0,0,0,0,1,0,1,3,16,13,0,29,1,13,9.8,1,3,1,1,3,0
0,0,1,1,1,0,1,3,17,11,1,29,1,11,9.9,1,2,2,1,0,1
1,1,1,0,1,1,0,3,10,13,3,26,2,14,8.15,0,3,3,1,3,1
1,1,1,0,1,0,1,3,12,12,3,27,1,12,8.55,1,3,0,0,3,4
0,1,0,0,0,0,0,3,15,12,1,28,1,13,9.35,3,2,0,4,3,0
0,1,1,0,0,1,1,3,9,12,2,23,2,12,7.3,5,3,1,1,1,2
1,0,1,0,0,0,0,3,8,5,2,15,1,6,5.000000000000001,3,3,1,1,0,1
0,1,1,0,1,1,0,3,17,13,2,32,2,14,10.750000000000002,1,3,3,1,0,0
0,1,0,0,0,0,0,3,7,10,1,18,1,11,5.650000000000001,2,4,3,4,1,3
0,0,0,0,0,1,0,3,9,8,0,17,2,9,5.8999999999999995,5,3,0,2,0,0
0,1,1,1,1,0,0,3,22,6,2,30,1,7,10.850000000000001,3,2,3,4,2,0
0,0,0,0,0,0,0,3,6,10,0,16,1,11,5.050000000000001,6,1,1,1,3,0
1,0,0,0,0,0,1,3,10,4,1,15,1,4,5.3500000000000005,1,3,1,4,2,1
1,1,0,0,0,1,0,3,10,12,2,24,2,13,7.7,3,2,3,0,3,0
1,1,1,1,1,1,1,3,5,7,3,15,2,7,4.6499999999999995,3,3,2,1,1,4
0,1,1,0,0,0,0,3,6,11,2,19,1,12,5.700000000000001,5,3,3,0,2,0
0,0,1,0,0,1,1,3,10,12,1,23,2,12,7.5,0,0,3,4,3,3
0,1,0,1,0,1,1,3,12,6,1,19,2,6,6.800000000000001,3,3,2,1,3,1
0,1,1,0,0,0,0,3,11,10,2,23,1,11,7.450000000000001,2,2,2,4,3,4
0,0,1,0,0,0,0,3,16,8,1,25,1,9,8.75,0,2,3,1,3,4
0,1,0,0,1,1,1,3,4,8,1,13,2,8,4.1000000000000005,0,2,3,4,3,3
1,0,0,0,0,0,0,3,17,10,1,28,1,11,9.65,6,3,1,1,3,1
1,0,1,0,0,0,1,3,13,9,2,24,1,9,8.0,2,2,1,0,3,2
1,0,1,0,0,0,1,3,18,14,2,34,1,14,11.25,0,0,1,0,1,3
1,1,1,1,1,1,1,3,7,13,3,23,2,13,6.95,1,3,3,4,0,0
0,0,0,0,1,0,1,3,17,10,0,27,1,10,9.450000000000001,5,4,0,4,3,2
0,1,1,0,0,0,1,3,12,6,2,20,1,6,6.850000000000001,5,3,2,4,2,4
0,0,0,0,1,0,0,3,12,10,0,22,1,11,7.450000000000001,0,2,3,1,3,0
0,0,1,0,1,0,0,3,9,8,1,18,1,9,5.95,2,2,3,4,0,0
0,1,0,0,1,1,1,3,19,12,1,32,2,12,11.100000000000001,6,4,1,4,3,4
1,0,1,0,1,0,1,3,18,7,2,27,1,7,9.5,3,2,2,1,3,2
1,0,1,0,0,0,1,3,20,11,2,33,1,11,11.3,2,1,1,2,1,4
1,0,1,1,0,1,1,3,17,9,2,28,2,9,9.750000000000002,6,3,0,3,3,3
0,1,1,0,0,1,0,3,18,7,2,27,2,8,9.65,5,3,1,0,3,0
0,0,1,1,1,0,0,3,9,8,1,18,1,9,5.95,1,4,1,0,3,0
0,1,0,1,0,1,1,3,16,6,1,23,2,6,8.4,6,4,3,1,3,4
0,1,0,1,0,0,1,3,19,10,1,30,1,10,10.450000000000001,5,0,2,2,3,4
0,0,0,0,0,1,0,3,8,12,0,20,2,13,6.5,2,3,0,3,1,0
0,0,0,1,0,0,0,3,19,6,0,25,1,7,9.250000000000002,1,4,1,4,3,0
0,0,1,0,1,1,0,3,8,8,1,17,2,9,5.7,6,0,0,1,1,4
0,0,0,0,0,1,0,3,9,10,0,19,2,11,6.3999999999999995,0,1,3,4,2,3
0,0,0,0,0,0,1,3,3,7,0,10,1,7,3.1,5,4,3,4,3,2
0,1,0,0,0,1,0,3,10,8,1,19,2,9,6.5,5,2,2,4,0,0
0,0,0,0,0,1,0,3,9,12,0,21,2,13,6.8999999999999995,6,2,0,4,3,3
1,1,1,1,1,1,1,3,9,12,3,24,2,12,7.499999999999999,5,1,1,3,1,0
1,1,1,0,0,1,0,3,19,15,3,37,2,16,12.250000000000002,3,0,1,2,2,0
0,0,0,0,1,1,0,3,14,10,0,24,2,11,8.400000000000002,3,4,2,4,0,4
0,0,0,1,0,1,0,3,16,11,0,27,2,12,9.450000000000001,1,1,1,0,3,3
0,0,1,0,0,0,1,3,13,6,1,20,1,6,7.050000000000001,2,3,1,0,3,1
0,0,0,1,0,1,1,3,19,9,0,28,2,9,10.150000000000002,2,2,2,1,3,4
0,1,0,1,0,0,1,3,15,10,1,26,1,10,8.85,0,0,3,3,2,1
1,0,0,1,1,0,0,3,15,7,1,23,1,8,8.1,3,2,2,4,0,1
0,1,1,0,0,1,1,3,14,13,2,29,2,13,9.550000000000002,6,1,1,2,2,4
0,0,1,1,1,1,0,3,8,4,1,13,2,5,4.7,3,0,2,1,1,0
1,1,0,1,1,0,1,3,16,11,2,29,1,11,9.700000000000001,1,2,0,4,0,0
0,0,1,1,0,1,0,3,10,11,1,22,2,12,7.25,6,3,2,3,1,3
0,0,0,1,1,1,1,3,19,12,0,31,2,12,10.900000000000002,3,4,2,1,3,4
1,1,0,1,1,1,0,3,4,11,2,17,2,12,5.05,1,2,0,1,1,0
1,1,1,0,1,1,1,3,11,6,3,20,2,6,6.8,5,2,0,1,3,4
1,1,1,0,1,1,1,3,18,4,3,25,2,4,9.1,0,0,0,1,3,4
1,0,1,1,0,1,1,3,18,12,2,32,2,12,10.9,3,2,3,4,0,0
1,0,1,1,1,1,0,3,4,7,2,13,2,8,4.05,3,2,0,4,3,1
0,1,0,1,0,0,0,3,12,12,1,25,1,13,8.15,3,0,2,4,0,0
0,1,1,0,0,1,0,3,19,9,2,30,2,10,10.550000000000002,3,4,1,1,1,0
1,1,0,1,1,0,0,3,12,6,2,20,1,7,6.850000000000001,5,0,2,3,0,0
1,1,0,0,0,1,0,3,16,8,2,26,2,9,9.100000000000001,1,3,0,4,1,1
1,0,1,1,1,1,1,3,13,7,2,22,2,7,7.65,5,2,1,2,3,2
0,0,0,0,0,0,0,3,11,8,0,19,1,9,6.550000000000001,5,3,0,2,2,4
1,1,0,1,1,1,1,3,16,12,2,30,2,12,10.100000000000001,6,3,3,0,3,1
0,0,1,1,1,0,0,3,15,5,1,21,1,6,7.6000000000000005,0,3,1,1,0,4
1,1,0,1,1,1,0,3,15,4,2,21,2,5,7.7,2,0,1,4,1,3
1,1,1,0,1,1,1,3,12,12,3,27,2,12,8.700000000000001,1,4,2,1,3,0
1,0,1,1,0,1,1,3,16,8,2,26,2,8,9.100000000000001,0,3,3,4,1,3
0,1,0,1,1,0,0,3,16,11,1,28,1,12,9.5,4,3,0,4,3,4
0,0,0,1,1,0,0,3,5,5,0,10,1,6,3.4,0,4,0,1,2,3
0,0,1,0,0,1,0,3,9,6,1,16,2,7,5.6,5,3,0,4,0,3
0,1,0,1,1,0,0,3,9,8,1,18,1,9,5.95,2,0,1,4,0,1
0,1,0,1,1,1,0,3,12,12,1,25,2,13,8.3,6,3,0,4,2,3
0,1,0,0,0,1,1,3,8,6,1,15,2,6,5.2,5,3,1,4,3,1
0,0,1,0,0,0,0,3,22,13,1,36,1,14,12.4,3,3,2,1,3,4
1,1,1,0,1,0,1,3,12,7,3,22,1,7,7.300000000000001,1,2,1,1,2,0
1,0,1,1,1,1,1,3,12,7,2,21,2,7,7.250000000000001,1,2,2,1,3,2
0,1,1,1,0,0,0,3,20,13,2,35,1,14,11.8,3,1,2,0,3,3
1,0,1,1,0,0,1,3,13,12,2,27,1,12,8.75,1,3,2,0,0,2
1,1,1,1,0,1,1,3,13,12,3,28,2,12,9.1,1,2,1,3,3,0
0,0,0,0,1,1,0,3,14,11,0,25,2,12,8.650000000000002,5,3,1,4,3,4
1,1,1,0,0,0,1,3,16,9,3,28,1,9,9.4,2,3,2,4,1,3
0,0,0,1,1,1,1,3,16,5,0,21,2,5,7.95,6,3,2,0,3,4
1,0,1,0,1,0,1,3,11,7,2,20,1,7,6.700000000000001,1,2,3,3,0,1
0,0,0,0,0,1,1,3,6,13,0,19,2,13,5.95,6,3,2,1,1,4
0,0,0,0,0,0,0,3,8,8,0,16,1,9,5.3500000000000005,6,2,1,0,3,3
1,0,1,0,0,1,0,3,15,9,2,26,2,10,8.950000000000001,2,1,3,4,3,1
1,1,1,0,1,1,1,3,8,11,3,22,2,11,6.8500000000000005,3,3,0,0,2,3
1,0,1,1,0,1,1,3,12,8,2,22,2,8,7.500000000000001,1,2,3,1,1,1
0,1,1,1,0,0,0,3,11,5,2,18,1,6,6.200000000000001,6,0,1,0,3,1
0,0,1,0,0,1,1,3,20,7,1,28,2,7,10.25,0,4,2,4,2,0
1,0,0,0,1,1,1,3,5,7,1,13,2,7,4.25,3,2,3,1,3,3
0,1,1,1,0,0,1,3,18,6,2,26,1,6,9.25,6,0,1,1,3,3
0,0,0,0,1,0,1,3,20,6,0,26,1,6,9.65,0,3,1,2,0,2
1,1,1,1,0,0,1,3,12,5,3,20,1,5,6.800000000000001,6,3,2,4,3,0
1,0,0,0,1,1,1,3,15,14,1,30,2,14,10.0,3,2,1,3,3,1
0,1,0,0,0,1,1,3,14,10,1,25,2,10,8.600000000000001,6,0,3,0,3,0
0,1,0,1,0,1,0,3,15,11,1,27,2,12,9.25,0,3,0,2,3,0
1,0,1,1,0,1,0,3,14,13,2,29,2,14,9.550000000000002,0,2,1,2,2,4
0,1,0,0,1,1,1,3,20,8,1,29,2,8,10.5,3,0,0,4,1,0
0,1,0,0,1,1,1,3,19,7,1,27,2,7,9.850000000000001,3,2,3,4,1,1
0,0,1,1,0,0,0,3,17,14,1,32,1,15,10.65,4,2,1,2,3,0
1,1,1,1,0,1,1,3,11,6,3,20,2,6,6.8,4,1,3,2,3,4
1,0,0,1,1,0,1,3,16,6,1,23,1,6,8.25,5,0,0,2,0,3
0,1,1,0,1,0,0,3,12,13,2,27,1,14,8.600000000000001,3,3,1,1,0,0
0,0,0,1,0,1,0,3,15,11,0,26,2,12,9.05,3,3,1,2,3,3
1,1,0,0,1,0,1,3,19,9,2,30,1,9,10.400000000000002,6,3,0,1,3,0
1,0,1,0,0,0,1,3,15,14,2,31,1,14,10.05,6,3,1,4,2,1
0,0,0,1,0,1,0,3,7,12,0,19,2,13,6.1000000000000005,1,0,2,4,3,1
0,1,1,1,0,1,1,3,15,11,2,28,2,11,9.450000000000001,1,2,3,4,3,4
1,0,1,1,0,1,1,3,8,11,2,21,2,11,6.65,1,4,1,0,3,2
1,0,0,0,0,1,0,3,6,10,1,17,2,11,5.4,3,3,1,1,2,1
1,0,1,1,1,1,1,3,11,7,2,20,2,7,6.8500000000000005,3,3,1,0,3,0
0,1,1,1,0,0,1,3,12,5,2,19,1,5,6.600000000000001,2,2,2,1,3,0
0,1,1,0,0,0,1,3,11,8,2,21,1,8,6.950000000000001,5,3,2,0,2,3
1,1,0,0,0,1,0,3,13,7,2,22,2,8,7.65,3,0,2,1,3,2
0,0,1,0,1,1,0,3,14,6,1,21,2,7,7.6000000000000005,1,3,0,0,3,2
1,1,1,1,1,1,1,3,15,5,3,23,2,5,8.15,3,2,0,1,3,0
1,1,1,0,0,1,1,3,14,6,3,23,2,6,8.000000000000002,6,3,0,2,0,4
0,1,1,0,0,1,1,3,17,7,2,26,2,7,9.250000000000002,2,3,1,1,3,4
1,0,0,1,1,1,1,3,20,9,1,30,2,9,10.75,3,3,2,3,3,1
0,0,0,1,1,1,0,3,15,10,0,25,2,11,8.8,1,3,3,2,1,0
0,1,0,1,0,0,1,3,14,4,1,19,1,4,6.950000000000001,6,0,2,4,3,0
1,1,0,1,1,1,0,3,17,3,2,22,2,4,8.250000000000002,2,3,0,4,2,3
1,1,0,1,0,1,0,3,16,9,2,27,2,10,9.350000000000001,5,1,3,4,2,4
1,0,1,1,0,1,1,3,8,6,2,16,2,6,5.4,2,4,2,4,3,3
1,0,1,0,0,0,1,3,16,4,2,22,1,4,7.950000000000001,3,2,2,4,3,3
0,1,0,1,1,1,1,3,18,14,1,33,2,14,11.2,6,2,2,0,2,0
1,1,0,1,0,1,0,3,17,6,2,25,2,7,9.000000000000002,1,1,1,4,1,0
0,0,1,0,0,1,0,3,14,11,1,26,2,12,8.850000000000001,6,3,2,0,0,1
1,1,1,1,0,0,1,3,17,11,3,31,1,11,10.3,1,2,1,2,3,0
0,1,0,1,0,1,1,3,14,11,1,26,2,11,8.850000000000001,5,2,1,0,0,2
0,0,1,1,0,0,0,3,8,7,1,16,1,8,5.300000000000001,3,1,2,0,2,0
0,1,1,1,0,0,0,3,14,6,2,22,1,7,7.650000000000001,6,3,0,4,2,3
0,1,1,1,0,1,1,3,10,4,2,16,2,4,5.7,6,2,2,4,1,0
0,1,0,1,0,0,0,3,10,6,1,17,1,7,5.8500000000000005,2,3,2,3,3,0
0,1,1,0,1,0,1,3,12,8,2,22,1,8,7.350000000000001,3,3,3,1,2,3
1,1,0,0,1,1,1,3,16,12,2,30,2,12,10.100000000000001,6,2,1,2,2,0
0,0,0,1,1,0,1,3,19,12,0,31,1,12,10.750000000000002,0,3,2,1,0,0
0,1,0,0,0,1,1,3,19,12,1,32,2,12,11.100000000000001,3,3,0,1,2,3
1,0,0,1,0,0,1,3,8,11,1,20,1,11,6.300000000000001,5,3,2,3,3,0
1,1,1,0,0,1,0,3,17,6,3,26,2,7,9.200000000000001,6,2,3,0,3,0
1,1,1,0,0,0,0,3,11,4,3,18,1,5,6.15,0,1,3,0,3,3
1,0,0,0,0,1,1,3,14,7,1,22,2,7,7.8500000000000005,6,2,0,1,3,1
0,0,1,0,0,0,0,3,12,9,1,22,1,10,7.400000000000001,2,2,0,0,0,1
0,0,1,0,1,1,1,3,7,10,1,18,2,10,5.800000000000001,6,3,3,1,1,0
1,1,1,1,1,1,1,3,16,13,3,32,2,13,10.55,1,2,0,1,3,1
0,0,1,1,1,0,0,3,11,9,1,21,1,10,7.000000000000001,5,2,1,0,3,0
1,1,0,1,1,0,0,3,13,7,2,22,1,8,7.500000000000001,6,4,1,0,1,0
1,1,1,1,1,1,0,3,10,12,3,25,2,13,7.8999999999999995,3,2,2,2,3,4
1,0,0,0,1,0,0,3,15,8,1,24,1,9,8.35,0,1,2,0,3,1
1,1,1,1,1,0,1,3,17,8,3,28,1,8,9.55,0,3,3,1,3,0
1,0,0,0,0,0,0,3,10,8,1,19,1,9,6.3500000000000005,5,3,0,0,3,1
0,0,0,1,0,0,1,3,17,8,0,25,1,8,8.950000000000001,3,3,0,1,0,0
0,1,1,0,0,1,1,3,9,7,2,18,2,7,6.05,0,3,2,1,2,1
1,1,1,0,1,1,1,3,10,6,3,19,2,6,6.3999999999999995,5,3,2,1,1,2
0,0,1,1,0,1,0,3,18,6,1,25,2,7,9.2,3,3,0,0,3,0
1,1,1,1,0,0,1,3,18,5,3,26,1,5,9.2,3,3,3,0,2,1
1,1,1,1,1,1,1,3,21,4,3,28,2,4,10.3,5,3,3,4,3,0
1,0,0,1,0,0,1,3,17,6,1,24,1,6,8.65,0,2,0,4,0,4
1,0,0,1,1,1,1,3,20,9,1,30,2,9,10.75,3,4,3,4,3,4
0,1,0,0,1,1,0,3,13,8,1,22,2,9,7.7,5,3,2,3,3,3
0,1,1,0,1,1,0,3,18,10,2,30,2,11,10.4,3,0,2,0,3,4
0,1,0,1,1,1,0,3,12,6,1,19,2,7,6.800000000000001,2,0,3,1,2,1
1,1,0,1,0,1,0,3,14,8,2,24,2,9,8.3,2,3,1,1,1,3
1,0,0,1,0,0,1,3,13,5,1,19,1,5,6.800000000000001,4,3,0,4,3,0
1,1,1,1,0,1,0,3,11,5,3,19,2,6,6.55,6,2,0,1,1,2
1,0,1,0,1,0,1,3,12,11,2,25,1,11,8.100000000000001,6,3,0,0,2,3
0,1,1,1,1,0,0,3,15,11,2,28,1,12,9.3,6,0,2,0,2,4
0,1,1,0,1,1,1,3,16,10,2,28,2,10,9.600000000000001,0,3,0,3,3,1
0,0,1,1,1,1,0,3,21,10,1,32,2,11,11.4,2,0,3,1,3,4
1,0,1,0,0,1,0,3,11,7,2,20,2,8,6.8500000000000005,1,1,0,2,0,4
0,0,0,1,0,1,1,3,14,6,0,20,2,6,7.4,3,0,2,1,3,0
0,1,0,0,0,1,1,3,5,11,1,17,2,11,5.25,0,4,1,4,1,4
0,0,1,0,0,1,0,3,14,10,1,25,2,11,8.600000000000001,0,2,0,4,0,1
1,1,0,1,1,0,0,3,14,7,2,23,1,8,7.900000000000001,6,3,0,4,3,3
0,1,0,1,0,1,0,3,5,7,1,13,2,8,4.25,3,2,1,1,0,3
0,1,1,0,1,1,1,3,9,14,2,25,2,14,7.8,6,1,3,4,3,0
0,0,1,0,1,0,1,3,12,6,1,19,1,6,6.650000000000001,3,0,0,1,0,3
1,1,0,0,1,0,1,3,14,9,2,25,1,9,8.4,1,3,2,3,3,3
1,1,1,0,1,1,0,3,7,10,3,20,2,11,6.2,2,2,1,2,2,2
1,0,0,0,1,1,0,3,13,6,1,20,2,7,7.2,6,1,1,4,0,1
1,0,0,1,0,0,0,3,12,3,1,16,1,4,5.900000000000001,5,3,3,1,0,1
0,0,0,1,1,1,0,3,16,13,0,29,2,14,9.950000000000001,5,2,3,4,1,2
1,1,1,0,0,0,1,3,20,12,3,35,1,12,11.75,2,3,3,4,0,3
1,1,1,0,1,1,0,3,10,5,3,18,2,6,6.1499999999999995,0,4,2,4,1,0
0,1,0,0,0,1,0,3,10,5,1,16,2,6,5.75,0,2,3,0,1,3
1,0,0,0,1,0,1,3,15,9,1,25,1,9,8.6,0,3,2,4,0,2
1,1,1,0,0,0,1,3,21,13,3,37,1,13,12.4,3,0,0,1,0,4
1,0,1,0,1,0,0,3,5,10,2,17,1,11,5.050000000000001,2,3,2,0,3,4
0,0,0,1,1,1,1,3,11,10,0,21,2,10,7.2,5,3,3,3,3,0
1,0,0,1,0,0,1,3,17,6,1,24,1,6,8.65,2,2,3,4,2,1
1,0,1,1,0,1,0,3,12,10,2,24,2,11,8.000000000000002,2,3,3,4,3,1
0,0,0,0,0,0,0,3,20,6,0,26,1,7,9.65,1,1,2,0,0,2
0,0,1,1,0,1,0,3,10,11,1,22,2,12,7.25,1,4,0,0,0,0
1,0,1,0,1,0,1,3,21,5,2,28,1,5,10.200000000000001,5,0,3,1,3,1
1,1,1,0,1,1,1,3,15,5,3,23,2,5,8.15,0,4,1,0,3,3
1,0,1,1,1,1,1,3,14,11,2,27,2,11,9.050000000000002,1,3,2,2,3,2
1,1,0,1,0,1,0,3,12,10,2,24,2,11,8.000000000000002,0,3,0,0,3,1
1,1,1,0,1,0,0,3,13,5,3,21,1,6,7.200000000000001,0,0,3,1,2,3
1,0,1,1,1,1,0,3,15,6,2,23,2,7,8.200000000000001,3,3,0,0,1,1
1,0,0,1,0,1,0,3,16,10,1,27,2,11,9.4,6,3,0,4,3,0
1,1,1,1,1,1,0,3,16,11,3,30,2,12,10.05,5,2,3,0,0,1
1,1,1,0,1,0,0,3,21,5,3,29,1,6,10.4,2,2,0,4,1,2
0,0,0,1,1,0,0,3,13,5,0,18,1,6,6.6000000000000005,0,1,2,4,2,4
1,1,0,1,1,0,0,3,11,7,2,20,1,8,6.700000000000001,5,3,0,3,3,1
1,0,0,0,1,1,1,3,15,8,1,24,2,8,8.5,3,3,1,3,3,4
0,1,0,1,1,1,0,3,20,10,1,31,2,11,11.0,1,3,1,4,2,0
1,0,0,0,1,1,1,3,17,6,1,24,2,6,8.8,5,3,1,4,2,0
1,0,0,1,1,1,0,3,10,9,1,20,2,10,6.75,1,0,1,4,0,0
1,1,0,0,1,0,0,3,8,11,2,21,1,12,6.500000000000001,3,2,0,0,2,0
0,1,1,1,1,1,1,3,18,11,2,31,2,11,10.65,1,3,3,4,1,4
0,1,1,0,0,0,0,3,9,10,2,21,1,11,6.65,0,3,1,0,3,4
1,1,0,0,1,1,0,3,17,10,2,29,2,11,10.000000000000002,3,3,3,4,3,3
1,1,1,1,1,1,1,3,16,11,3,30,2,11,10.05,5,3,3,4,2,3
1,1,0,0,1,1,1,3,15,7,2,24,2,7,8.450000000000001,2,1,1,2,3,4
1,0,1,1,1,1,1,3,10,10,2,22,2,10,7.2,0,1,0,4,0,4
0,0,0,0,0,1,0,3,17,11,0,28,2,12,9.850000000000001,0,2,1,0,3,0
0,0,0,0,1,0,0,3,18,13,0,31,1,14,10.6,3,4,3,2,0,4
0,1,0,0,1,0,1,3,14,12,1,27,1,12,8.950000000000001,2,3,0,2,3,1
1,0,0,1,0,1,1,3,15,6,1,22,2,6,8.0,6,3,2,1,3,3
0,1,1,0,0,1,1,3,10,8,2,20,2,8,6.7,1,3,0,0,3,0
1,1,0,1,0,1,1,3,15,14,2,31,2,14,10.200000000000001,1,3,3,3,3,2
1,1,1,1,1,0,1,3,10,7,3,20,1,7,6.5,3,0,3,1,3,1
1,0,1,1,1,1,1,3,17,7,2,26,2,7,9.250000000000002,5,1,2,1,2,3
0,1,0,1,1,0,1,3,16,6,1,23,1,6,8.25,6,3,0,2,2,4
0,0,0,1,1,0,1,3,18,12,0,30,1,12,10.35,4,3,1,4,3,1
0,0,1,0,1,0,0,3,23,11,1,35,1,12,12.3,0,2,3,4,2,0
1,1,0,1,0,0,0,3,7,8,2,17,1,9,5.350000000000001,6,3,2,4,3,0
0,0,1,1,0,0,0,3,11,7,1,19,1,8,6.500000000000001,3,3,1,1,2,0
0,1,1,1,1,1,1,3,11,12,2,25,2,12,8.100000000000001,6,3,3,1,0,3
1,0,0,0,0,1,1,3,6,6,1,13,2,6,4.4,2,3,0,1,2,4
1,0,0,1,0,1,1,3,15,14,1,30,2,14,10.0,5,2,2,1,2,3
0,1,1,0,1,0,1,3,15,13,2,30,1,13,9.8,3,3,1,4,2,4
1,0,0,1,1,1,1,3,16,6,1,23,2,6,8.4,2,3,1,3,2,0
0,0,0,0,0,0,0,3,11,12,0,23,1,13,7.550000000000001,1,3,3,2,1,1
0,1,0,1,1,1,0,3,15,10,1,26,2,11,9.0,5,3,3,2,1,0
1,0,1,1,0,1,0,3,18,12,2,32,2,13,10.9,1,1,0,2,3,0
1,1,0,1,1,1,0,3,15,8,2,25,2,9,8.700000000000001,0,3,0,1,1,0
1,1,1,0,1,1,0,3,11,6,3,20,2,7,6.8,1,3,1,1,0,4
1,0,0,0,0,1,1,3,7,4,1,12,2,4,4.3,3,4,3,4,2,1
0,1,1,0,0,0,0,3,13,7,2,22,1,8,7.500000000000001,3,3,3,1,3,3
1,0,1,1,0,1,1,3,20,12,2,34,2,12,11.700000000000001,4,4,0,1,3,2
0,0,0,0,0,0,1,3,17,11,0,28,1,11,9.700000000000001,5,3,2,4,2,0
1,0,1,1,0,0,0,3,11,10,2,23,1,11,7.450000000000001,3,2,1,1,1,0
0,1,1,0,0,1,0,3,18,12,2,32,2,13,10.9,5,2,1,1,3,1
0,1,1,1,0,0,1,3,7,8,2,17,1,8,5.350000000000001,2,1,0,1,2,1
0,0,1,0,0,1,0,3,15,14,1,30,2,15,10.0,3,2,1,0,3,0
1,0,0,1,1,1,1,3,11,4,1,16,2,4,5.9,5,3,0,1,3,4
0,1,1,0,0,0,0,3,15,10,2,27,1,11,9.05,0,3,0,4,3,0
0,0,0,1,1,0,1,3,5,13,0,18,1,13,5.4,0,3,1,2,1,1
1,1,0,1,1,1,1,3,15,10,2,27,2,10,9.200000000000001,1,1,2,0,3,3
1,1,0,1,1,0,1,3,16,7,2,25,1,7,8.700000000000001,5,4,1,4,3,3
1,1,0,1,1,1,0,3,12,6,2,20,2,7,7.000000000000001,3,1,2,0,1,0
0,0,1,0,0,1,0,3,12,7,1,20,2,8,7.050000000000001,3,3,0,1,3,1
1,0,1,1,1,0,1,3,13,12,2,27,1,12,8.75,3,3,0,1,1,0
1,1,1,0,0,1,0,3,16,11,3,30,2,12,10.05,1,2,0,0,3,3
1,1,0,1,1,1,0,3,23,9,2,34,2,10,12.150000000000002,4,3,2,0,2,0
0,1,0,1,1,1,1,3,13,7,1,21,2,7,7.45,5,3,0,4,1,3
1,0,1,1,1,1,1,3,14,6,2,22,2,6,7.800000000000001,6,2,0,1,0,3
0,0,1,1,1,0,0,3,12,15,1,28,1,16,8.9,1,3,1,4,1,0
0,0,1,0,1,1,0,3,9,6,1,16,2,7,5.6,1,0,3,4,1,0
1,1,1,0,1,0,1,3,10,8,3,21,1,8,6.75,0,3,1,4,0,0
0,0,0,0,0,1,1,3,17,12,0,29,2,12,10.100000000000001,6,1,0,0,2,4
1,1,1,1,0,0,1,3,19,12,3,34,1,12,11.350000000000001,5,4,2,3,0,4
1,1,0,1,0,0,0,3,18,7,2,27,1,8,9.5,0,2,0,4,2,3
0,0,1,0,1,1,0,3,11,10,1,22,2,11,7.4,1,1,3,0,3,4
1,1,1,1,0,0,1,3,14,13,3,30,1,13,9.600000000000001,6,3,3,4,0,4
0,0,1,0,0,1,0,3,17,6,1,24,2,7,8.8,1,1,0,0,3,1
0,1,1,0,0,0,0,3,10,9,2,21,1,10,6.800000000000001,5,1,1,4,3,3
0,0,0,0,1,0,0,3,14,8,0,22,1,9,7.750000000000001,6,3,0,2,0,0
1,1,0,1,1,0,1,3,13,13,2,28,1,13,9.0,6,3,2,1,3,1
0,1,1,0,0,0,1,3,10,6,2,18,1,6,6.050000000000001,3,3,3,4,0,1
1,0,1,0,1,0,1,3,15,12,2,29,1,12,9.55,0,2,1,4,3,4
0,0,1,1,1,1,0,3,2,15,1,18,2,16,5.05,1,2,3,0,2,3
1,0,0,0,0,1,1,3,3,11,1,15,2,11,4.45,5,3,2,1,1,3
0,1,0,1,0,0,1,3,10,7,1,18,1,7,6.1000000000000005,6,2,3,1,3,4
1,0,0,0,1,0,1,3,20,15,1,36,1,15,12.1,6,4,3,4,3,4
1,0,1,1,1,1,0,3,15,11,2,28,2,12,9.450000000000001,5,2,2,0,1,4
0,1,1,1,1,0,1,3,6,10,2,18,1,10,5.450000000000001,3,3,0,0,3,4
0,1,1,1,1,1,0,3,13,10,2,25,2,11,8.4,6,2,0,3,3,4
1,0,0,0,1,1,1,3,12,5,1,18,2,5,6.550000000000001,6,0,3,4,1,1
0,1,0,1,0,0,0,3,21,13,1,35,1,14,12.0,6,2,2,4,3,0
1,1,1,0,0,1,0,3,5,8,3,16,2,9,4.8999999999999995,0,3,0,3,1,4
0,0,1,0,0,1,1,3,7,10,1,18,2,10,5.800000000000001,1,3,3,0,3,1
1,0,1,1,1,0,1,3,8,8,2,18,1,8,5.750000000000001,5,2,1,4,1,3
1,1,1,0,0,1,1,3,14,9,3,26,2,9,8.750000000000002,3,0,0,3,1,2
1,1,0,1,0,0,1,3,11,6,2,19,1,6,6.450000000000001,1,1,3,2,3,1
1,0,1,1,0,0,0,3,15,4,2,21,1,5,7.550000000000001,1,3,1,1,3,4
1,0,1,0,1,1,1,3,20,7,2,29,2,7,10.450000000000001,1,0,1,0,0,4
0,0,0,0,1,1,1,3,15,8,0,23,2,8,8.3,5,3,1,0,1,0
0,0,1,0,1,1,0,3,13,11,1,25,2,12,8.450000000000001,0,2,2,2,3,3
1,0,1,1,1,0,1,3,9,9,2,20,1,9,6.4,5,2,0,3,3,4
0,0,1,1,0,1,0,3,14,5,1,20,2,6,7.3500000000000005,3,3,3,0,3,1
0,0,1,0,1,1,0,3,12,11,1,24,2,12,8.05,3,2,2,2,3,1
1,0,1,1,1,0,1,3,7,10,2,19,1,10,5.850000000000001,6,3,3,3,3,4
1,0,1,1,1,0,1,3,17,10,2,29,1,10,9.850000000000001,6,1,2,4,2,0
1,1,0,1,0,0,0,3,14,7,2,23,1,8,7.900000000000001,3,0,0,4,3,1
1,1,0,0,1,0,0,3,16,10,2,28,1,11,9.450000000000001,5,3,0,0,3,4
1,1,0,0,1,0,1,3,11,5,2,18,1,5,6.200000000000001,2,3,0,4,3,1
0,1,1,0,0,1,1,3,10,9,2,21,2,9,6.95,6,3,0,1,3,4
1,0,0,0,1,0,1,3,15,6,1,22,1,6,7.8500000000000005,3,1,3,4,3,4
1,0,0,1,1,0,0,3,13,5,1,19,1,6,6.800000000000001,1,3,2,3,2,4
0,0,1,1,0,0,0,3,13,3,1,17,1,4,6.300000000000001,0,3,0,1,3,1
0,1,1,0,0,1,0,3,21,7,2,30,2,8,10.850000000000001,6,3,0,2,0,2
1,1,1,0,0,1,1,3,16,10,3,29,2,10,9.8,0,3,2,0,0,0
1,0,0,1,1,0,1,3,4,10,1,15,1,10,4.45,3,3,0,1,3,0
0,0,1,0,1,1,1,3,21,8,1,30,2,8,10.9,0,1,1,3,3,3
1,0,0,1,0,1,1,3,16,8,1,25,2,8,8.9,0,4,3,1,2,0
0,0,1,1,0,0,0,3,19,8,1,28,1,9,9.950000000000001,0,3,0,1,3,0
0,1,0,0,0,1,0,3,21,7,1,29,2,8,10.65,6,3,0,1,3,4
0,0,0,0,1,1,1,3,14,6,0,20,2,6,7.4,0,1,1,1,2,0
0,1,1,1,1,0,0,3,14,5,2,21,1,6,7.400000000000001,5,3,2,1,2,3
1,1,0,1,0,1,0,3,16,11,2,29,2,12,9.850000000000001,2,4,2,4,2,1
0,0,1,0,0,0,0,3,13,11,1,25,1,12,8.3,2,4,1,0,1,2
0,0,1,1,1,0,0,3,14,11,1,26,1,12,8.700000000000001,3,2,0,2,3,3
0,1,0,0,0,1,0,3,14,6,1,21,2,7,7.6000000000000005,0,1,3,0,3,0
1,1,0,1,0,0,1,3,14,9,2,25,1,9,8.4,0,3,0,4,0,0
0,1,0,1,1,1,0,3,14,12,1,27,2,13,9.100000000000001,1,3,0,0,1,1
1,1,0,1,1,0,1,3,12,12,2,26,1,12,8.350000000000001,5,3,1,1,0,1
0,0,0,1,0,1,0,3,20,6,0,26,2,7,9.8,3,0,3,2,2,4
0,1,1,1,0,0,1,3,22,11,2,35,1,11,12.100000000000001,6,3,0,3,3,4
0,0,0,1,0,1,1,3,10,9,0,19,2,9,6.55,3,3,1,1,3,4
1,0,0,1,0,0,0,3,8,10,1,19,1,11,6.050000000000001,3,4,1,1,0,2
0,0,0,1,0,0,1,3,14,9,0,23,1,9,8.0,0,2,3,1,3,3
0,0,1,1,1,1,0,3,20,11,1,32,2,12,11.25,6,4,0,0,3,3
1,1,0,1,0,0,1,3,12,10,2,24,1,10,7.850000000000001,2,3,1,4,3,3
0,1,0,1,0,0,1,3,12,9,1,22,1,9,7.400000000000001,3,0,0,4,3,4
1,0,0,1,1,1,1,3,13,12,1,26,2,12,8.7,0,3,0,3,3,1
0,0,0,1,0,0,1,3,10,13,0,23,1,13,7.4,0,3,3,4,3,0
1,0,0,1,1,0,0,3,20,7,1,28,1,8,10.1,2,1,1,2,3,1
1,1,0,1,0,0,1,3,18,7,2,27,1,7,9.5,6,2,0,1,3,0
1,0,1,0,0,1,0,3,12,4,2,18,2,5,6.500000000000001,2,1,0,4,2,3
1,0,0,1,0,1,0,3,8,11,1,20,2,12,6.45,1,0,0,3,3,1
1,0,0,0,0,1,0,3,19,5,1,25,2,6,9.350000000000001,0,4,0,1,3,0
1,1,1,0,0,0,0,3,12,11,3,26,1,12,8.3,3,1,1,4,3,4
0,0,1,0,1,0,1,3,17,4,1,22,1,4,8.15,5,0,3,1,2,2
1,1,0,0,1,0,1,3,12,11,2,25,1,11,8.100000000000001,0,0,3,4,2,3
1,1,1,0,1,0,0,3,13,5,3,21,1,6,7.200000000000001,1,2,2,4,3,1
0,1,1,1,1,0,1,3,19,8,2,29,1,8,10.150000000000002,6,2,3,2,3,0
0,0,1,1,0,1,0,3,18,7,1,26,2,8,9.45,1,3,3,1,2,0
0,1,1,1,1,0,1,3,12,11,2,25,1,11,8.100000000000001,0,3,0,1,3,0
1,1,1,1,0,0,1,3,12,5,3,20,1,5,6.800000000000001,5,2,1,0,3,0
0,1,0,1,1,1,1,3,9,10,1,20,2,10,6.6,1,1,3,1,1,0
1,1,0,0,0,0,1,3,18,10,2,30,1,10,10.25,2,0,0,2,0,3
0,1,1,0,1,0,1,3,18,8,2,28,1,8,9.75,6,4,0,4,0,4
0,1,0,0,1,0,1,3,12,6,1,19,1,6,6.650000000000001,5,4,1,3,1,4
1,1,1,0,1,1,0,3,16,9,3,28,2,10,9.55,5,3,0,1,0,3
1,1,1,1,0,0,1,3,10,7,3,20,1,7,6.5,3,2,1,1,2,0
1,1,0,1,0,1,1,3,23,13,2,38,2,13,13.150000000000002,5,4,0,0,1,4
0,1,1,1,1,1,1,3,14,11,2,27,2,11,9.050000000000002,1,2,2,4,1,1
1,0,1,0,1,1,1,3,7,8,2,17,2,8,5.500000000000001,1,1,1,4,3,2
1,1,0,0,1,1,1,3,11,5,2,18,2,5,6.3500000000000005,1,2,3,0,3,1
0,1,0,1,0,0,0,3,16,12,1,29,1,13,9.75,3,3,3,1,1,4
1,0,0,0,0,1,0,3,10,12,1,23,2,13,7.5,3,3,1,4,3,2
0,1,0,0,1,1,0,3,21,8,1,30,2,9,10.9,6,0,1,4,3,3
1,0,0,1,1,1,0,3,16,8,1,25,2,9,8.9,1,3,1,0,3,1
1,1,1,0,0,0,1,3,13,8,3,24,1,8,7.950000000000001,3,2,0,0,3,4
1,0,1,1,0,0,1,3,19,7,2,28,1,7,9.900000000000002,2,1,3,2,3,4
1,0,0,0,1,1,1,3,6,12,1,19,2,12,5.9,0,1,1,0,2,3
1,1,1,0,0,1,0,3,11,5,3,19,2,6,6.55,2,2,0,1,3,2
0,0,1,0,1,0,0,3,7,6,1,14,1,7,4.650000000000001,3,1,1,1,3,4
0,0,0,1,1,0,0,3,14,13,0,27,1,14,9.000000000000002,1,3,3,1,3,3
1,1,1,0,1,0,1,3,21,5,3,29,1,5,10.4,5,4,0,1,2,1
0,1,1,0,0,1,0,3,16,8,2,26,2,9,9.100000000000001,5,2,3,4,3,4
1,1,0,1,0,0,0,3,9,12,2,23,1,13,7.15,1,0,1,0,0,1
0,1,0,0,0,1,0,3,15,6,1,22,2,7,8.0,3,2,2,3,3,4
0,0,1,1,1,1,1,3,15,7,1,23,2,7,8.25,1,3,2,4,3,0
0,0,1,1,0,0,0,3,9,11,1,21,1,12,6.7,1,2,3,1,0,4
1,0,1,1,0,1,0,3,13,13,2,28,2,14,9.15,1,3,0,1,1,0
0,0,0,1,1,1,0,3,13,8,0,21,2,9,7.5,4,0,2,1,3,3
1,0,0,1,0,1,1,3,13,10,1,24,2,10,8.200000000000001,0,3,0,1,1,0
1,0,0,0,0,1,1,3,17,5,1,23,2,5,8.55,0,3,0,4,0,3
1,0,1,1,1,0,0,3,11,6,2,19,1,7,6.450000000000001,1,3,2,3,3,0
1,1,0,1,1,1,0,3,14,8,2,24,2,9,8.3,1,0,0,0,3,1
0,0,0,1,1,1,1,3,12,5,0,17,2,5,6.3500000000000005,2,4,1,1,3,0
0,0,1,1,0,0,0,3,13,14,1,28,1,15,9.049999999999999,3,2,3,4,3,4
1,0,1,1,1,1,0,3,15,7,2,24,2,8,8.450000000000001,1,2,2,0,3,3
0,1,0,0,0,1,1,3,7,11,1,19,2,11,6.050000000000001,0,3,1,4,3,4
1,1,0,0,0,0,1,3,17,14,2,33,1,14,10.850000000000001,2,0,2,1,2,3
1,0,0,0,1,1,0,3,14,10,1,25,2,11,8.600000000000001,6,4,3,1,1,0
1,0,0,0,0,1,0,3,5,9,1,15,2,10,4.75,5,4,2,1,0,0
1,0,1,1,0,1,0,3,12,7,2,21,2,8,7.250000000000001,5,1,1,3,3,3
0,1,0,1,0,1,1,3,13,12,1,26,2,12,8.7,2,0,1,2,1,0
0,0,1,1,1,0,0,3,10,12,1,23,1,13,7.3500000000000005,3,3,1,1,1,3
1,0,0,1,1,0,1,3,7,6,1,14,1,6,4.650000000000001,5,4,0,4,1,0
1,0,0,0,1,0,1,3,9,7,1,17,1,7,5.7,6,3,3,1,3,1
0,1,0,1,0,0,0,3,12,5,1,18,1,6,6.400000000000001,3,3,3,4,3,0
0,1,1,0,1,0,0,3,21,7,2,30,1,8,10.700000000000001,6,3,0,0,1,1
0,0,1,0,0,0,1,3,11,9,1,21,1,9,7.000000000000001,5,3,1,1,3,0
1,1,1,0,1,1,1,3,13,10,3,26,2,10,8.600000000000001,1,3,0,4,3,3
1,0,1,1,0,0,1,3,8,9,2,19,1,9,6.000000000000001,1,3,2,1,1,4
0,0,0,0,0,0,0,3,8,9,0,17,1,10,5.6000000000000005,0,0,2,1,2,0
1,1,1,0,0,1,0,3,12,9,3,24,2,10,7.95,0,2,2,0,3,0
0,1,0,0,0,1,0,3,13,10,1,24,2,11,8.200000000000001,5,0,0,0,3,0
1,0,1,0,0,0,0,3,11,4,2,17,1,5,5.950000000000001,2,4,2,1,3,3
1,1,1,1,1,1,0,3,12,10,3,25,2,11,8.200000000000001,3,3,3,2,3,4
0,0,1,1,0,0,0,3,12,4,1,17,1,5,6.150000000000001,5,3,3,1,1,3
1,0,0,1,0,0,0,3,12,12,1,25,1,13,8.15,5,2,3,4,3,1
0,0,1,0,1,0,1,3,12,11,1,24,1,11,7.900000000000001,2,1,1,1,3,1
1,1,0,0,0,0,0,3,18,13,2,33,1,14,11.0,5,3,3,3,0,4
0,0,0,0,0,1,0,3,10,15,0,25,2,16,8.05,0,4,2,2,3,4
0,1,0,1,0,0,1,3,18,7,1,26,1,7,9.299999999999999,3,3,0,2,3,0
1,1,1,1,1,1,0,3,13,7,3,23,2,8,7.8500000000000005,5,3,2,2,3,4
1,0,1,1,0,1,0,3,18,8,2,28,2,9,9.9,4,4,1,1,0,4
0,1,0,1,1,0,1,3,13,11,1,25,1,11,8.3,6,2,0,3,2,3
1,0,0,1,0,1,0,3,17,13,1,31,2,14,10.55,6,2,3,2,3,2
1,1,1,1,1,0,1,3,11,7,3,21,1,7,6.9,5,1,2,1,1,1
0,1,0,1,1,0,1,3,15,10,1,26,1,10,8.85,4,0,3,1,0,3
0,0,1,0,1,1,0,3,13,10,1,24,2,11,8.200000000000001,1,3,1,1,2,0
1,1,0,0,1,1,1,3,15,6,2,23,2,6,8.200000000000001,4,3,3,2,1,3
1,0,1,0,0,0,1,3,9,6,2,17,1,6,5.65,3,3,1,0,0,3
1,1,1,0,1,1,0,3,17,12,3,32,2,13,10.700000000000001,2,3,0,3,3,0
0,1,1,0,0,1,1,3,12,9,2,23,2,9,7.750000000000001,3,2,2,0,3,1
0,1,0,0,0,0,0,3,18,11,1,30,1,12,10.299999999999999,6,4,3,0,0,4
1,0,1,0,0,1,1,3,11,10,2,23,2,10,7.6000000000000005,6,0,3,0,3,4
0,0,1,0,0,1,1,3,23,8,1,32,2,8,11.700000000000001,1,3,3,1,3,0
1,0,1,0,0,0,1,3,16,11,2,29,1,11,9.700000000000001,1,1,2,3,3,0
1,0,0,1,0,0,0,3,10,7,1,18,1,8,6.1000000000000005,5,3,3,1,3,0
0,0,1,0,0,1,0,3,12,7,1,20,2,8,7.050000000000001,5,2,1,4,0,0
1,1,0,1,0,0,1,3,19,7,2,28,1,7,9.900000000000002,3,2,0,4,0,1
1,1,0,1,1,1,0,3,9,7,2,18,2,8,6.05,0,2,0,2,1,4
0,1,1,0,1,0,0,3,9,14,2,25,1,15,7.65,1,1,0,1,2,0
0,0,1,0,1,1,1,3,11,11,1,23,2,11,7.65,0,3,0,0,3,3
1,1,0,0,0,0,0,3,19,14,2,35,1,15,11.650000000000002,0,2,0,0,1,2
0,1,0,0,1,0,1,3,14,4,1,19,1,4,6.950000000000001,1,0,1,3,0,3
0,1,1,0,1,1,0,3,19,8,2,29,2,9,10.300000000000002,3,0,2,4,1,3
1,0,1,0,1,1,0,3,14,9,2,25,2,10,8.55,1,4,1,4,3,2
0,1,0,0,0,0,0,3,11,6,1,18,1,7,6.250000000000001,3,0,3,1,2,0
1,1,1,1,0,0,0,3,19,5,3,27,1,6,9.600000000000001,6,0,1,4,3,1
1,1,1,0,0,1,1,3,8,8,3,19,2,8,6.1000000000000005,1,1,1,4,3,3
1,0,1,1,1,0,1,3,9,8,2,19,1,8,6.15,3,3,1,0,3,0
0,0,0,0,1,1,0,3,24,13,0,37,2,14,13.150000000000002,3,3,1,4,2,0
1,1,1,0,0,1,1,3,18,4,3,25,2,4,9.1,5,3,3,2,2,4
1,1,1,0,0,0,1,3,12,5,3,20,1,5,6.800000000000001,2,2,3,1,1,0
0,0,1,0,1,1,1,3,10,10,1,21,2,10,7.0,6,0,3,4,1,2
1,1,1,0,1,1,1,3,8,10,3,21,2,10,6.6000000000000005,5,3,1,1,1,3
0,0,0,1,1,0,1,3,17,11,0,28,1,11,9.700000000000001,6,3,3,0,3,2
0,0,1,1,1,1,1,3,11,3,1,15,2,3,5.65,1,1,2,4,3,2
0,0,1,1,1,1,0,3,15,6,1,22,2,7,8.0,1,2,3,1,0,0
0,1,0,0,1,1,0,3,15,5,1,21,2,6,7.75,3,0,1,0,0,1
1,0,1,0,0,1,1,3,7,11,2,20,2,11,6.250000000000001,1,4,1,1,1,0
1,1,0,0,0,1,0,3,16,12,2,30,2,13,10.100000000000001,0,4,2,1,3,0
0,1,0,1,0,1,0,3,10,11,1,22,2,12,7.25,5,2,0,1,3,2
1,0,1,1,1,1,1,3,15,12,2,29,2,12,9.700000000000001,1,2,3,1,1,1
0,0,1,0,0,0,0,3,10,7,1,18,1,8,6.1000000000000005,3,3,1,4,3,4
1,1,0,1,0,1,0,3,14,14,2,30,2,15,9.800000000000002,1,3,2,4,3,4
0,0,0,1,0,1,0,3,13,15,0,28,2,16,9.25,0,1,3,0,2,0
1,1,1,1,0,1,0,3,15,10,3,28,2,11,9.4,0,3,2,1,1,2
1,1,0,1,0,1,1,3,15,13,2,30,2,13,9.950000000000001,3,3,2,1,2,1
1,1,0,1,1,1,0,3,21,7,2,30,2,8,10.850000000000001,1,3,3,2,3,3
0,1,0,0,1,0,0,3,15,7,1,23,1,8,8.1,5,3,2,0,3,4
1,1,1,1,1,0,0,3,16,15,3,34,1,16,10.9,0,3,3,0,1,4
1,1,0,1,0,1,0,3,13,5,2,20,2,6,7.15,2,4,0,4,3,0
1,1,0,0,1,0,0,3,9,12,2,23,1,13,7.15,5,3,3,1,1,3
0,0,1,0,0,1,0,3,11,9,1,21,2,10,7.15,0,3,1,4,3,1
0,0,0,1,0,1,0,3,16,7,0,23,2,8,8.450000000000001,1,3,0,1,0,0
0,1,1,0,1,1,0,3,11,5,2,18,2,6,6.3500000000000005,0,2,0,2,3,4
1,1,0,0,1,1,1,3,9,5,2,16,2,5,5.55,2,1,0,0,1,1
1,1,0,0,1,1,1,3,11,13,2,26,2,13,8.350000000000001,1,3,0,4,3,2
1,1,0,1,1,1,0,3,9,13,2,24,2,14,7.55,3,3,3,3,0,2
1,0,0,1,0,1,0,3,10,8,1,19,2,9,6.5,5,0,1,1,3,4
1,0,1,1,0,1,1,3,16,12,2,30,2,12,10.100000000000001,3,3,2,1,0,1
1,0,1,1,1,1,0,3,11,3,2,16,2,4,5.8500000000000005,0,3,2,0,2,0
1,0,1,0,1,1,0,3,11,11,2,24,2,12,7.8500000000000005,1,3,3,0,0,2
1,1,1,1,1,1,1,3,15,14,3,32,2,14,10.4,6,2,2,2,3,1
0,1,0,0,1,0,0,3,11,6,1,18,1,7,6.250000000000001,6,3,2,1,2,3
0,1,0,0,0,0,0,3,11,6,1,18,1,7,6.250000000000001,1,4,0,4,3,3
0,0,1,1,1,0,1,3,13,8,1,22,1,8,7.550000000000001,2,3,1,3,1,4
1,1,1,1,1,0,0,3,11,7,3,21,1,8,6.9,0,3,2,0,3,0
1,1,1,1,0,1,1,3,4,7,3,14,2,7,4.25,3,3,3,4,3,0
1,0,0,1,0,0,0,3,11,10,1,22,1,11,7.250000000000001,6,3,0,4,2,1
1,0,0,1,1,1,1,3,16,9,1,26,2,9,9.15,1,3,3,1,0,0
0,0,1,0,0,1,1,3,14,8,1,23,2,8,8.100000000000001,5,2,1,0,3,3
1,0,1,0,1,1,0,3,7,11,2,20,2,12,6.250000000000001,0,2,0,1,2,3
1,0,1,0,0,0,1,3,7,14,2,23,1,14,6.850000000000001,1,2,3,0,2,4
1,0,0,1,1,0,0,3,16,8,1,25,1,9,8.75,1,0,1,0,3,4
1,1,1,1,1,0,1,3,14,8,3,25,1,8,8.350000000000001,0,4,1,1,3,1
0,0,0,0,1,0,0,3,10,11,0,21,1,12,6.9,2,2,2,1,1,2
1,1,0,0,0,1,1,3,18,9,2,29,2,9,10.15,6,4,0,4,1,2
1,1,1,1,1,0,1,3,11,13,3,27,1,13,8.4,0,2,0,4,3,1
0,1,0,0,1,1,0,3,19,14,1,34,2,15,11.600000000000001,6,1,0,1,0,3
1,0,0,0,0,1,0,3,18,7,1,26,2,8,9.45,5,1,1,1,3,3
0,1,0,1,1,0,1,3,17,4,1,22,1,4,8.15,3,1,0,3,0,2
0,0,1,1,1,1,0,3,11,13,1,25,2,14,8.15,1,3,0,2,2,1
0,1,0,1,1,0,0,3,13,13,1,27,1,14,8.799999999999999,2,4,2,4,2,1
1,0,1,0,1,0,1,3,13,7,2,22,1,7,7.500000000000001,3,0,1,1,1,1
0,1,0,1,0,1,1,3,12,12,1,25,2,12,8.3,0,3,1,0,3,0
0,1,0,1,0,0,1,3,22,10,1,33,1,10,11.65,1,0,1,0,0,1
0,1,0,1,1,1,0,3,15,11,1,27,2,12,9.25,3,4,3,0,3,3
0,1,0,1,1,1,1,3,11,4,1,16,2,4,5.9,3,2,3,4,3,4
0,1,1,0,1,0,0,3,16,7,2,25,1,8,8.700000000000001,0,2,3,1,1,1
1,0,1,1,1,1,1,3,15,5,2,22,2,5,7.95,3,2,3,4,3,4
1,1,0,0,1,0,1,3,12,11,2,25,1,11,8.100000000000001,0,3,2,0,2,0
1,0,1,0,1,1,1,3,14,11,2,27,2,11,9.050000000000002,6,0,1,4,3,0
1,0,1,1,0,1,0,3,6,14,2,22,2,15,6.6000000000000005,5,3,3,4,1,2
0,0,0,0,1,1,1,3,6,12,0,18,2,12,5.7,3,3,2,4,3,2
1,1,1,0,1,1,0,3,11,8,3,22,2,9,7.3,3,3,0,4,0,4
1,1,0,0,1,0,1,3,5,9,2,16,1,9,4.800000000000001,6,3,3,4,3,1
0,0,1,1,1,1,1,3,6,5,1,12,2,5,4.15,0,1,0,0,3,1
1,0,0,1,0,0,1,3,14,11,1,26,1,11,8.700000000000001,3,3,0,4,3,3
1,0,0,0,0,0,1,3,16,8,1,25,1,8,8.75,3,2,0,4,3,4
1,0,0,0,1,0,1,3,14,6,1,21,1,6,7.450000000000001,0,3,2,4,3,1
1,0,0,1,1,1,0,3,13,11,1,25,2,12,8.450000000000001,1,4,2,0,2,3
0,0,0,1,1,1,0,3,8,8,0,16,2,9,5.5,4,0,2,3,2,3
1,0,1,0,0,1,0,3,9,8,2,19,2,9,6.3,6,4,1,1,3,3
1,0,1,1,0,0,0,3,17,5,2,24,1,6,8.600000000000001,0,3,3,3,3,3
1,1,1,1,0,1,1,3,17,10,3,30,2,10,10.200000000000001,6,3,3,4,2,0
1,0,0,1,0,0,1,3,17,5,1,23,1,5,8.4,0,3,0,4,3,3
1,0,0,0,0,1,1,3,10,8,1,19,2,8,6.5,3,1,2,1,1,1
1,0,0,0,1,1,0,3,18,10,1,29,2,11,10.2,1,3,2,4,3,3
0,1,1,0,0,1,1,3,21,8,2,31,2,8,11.100000000000001,3,3,3,0,3,2
0,0,0,0,1,1,0,3,11,12,0,23,2,13,7.7,2,2,2,1,3,4
1,1,1,1,1,0,1,3,14,13,3,30,1,13,9.600000000000001,5,1,3,4,0,0
0,1,1,1,0,1,0,3,9,10,2,21,2,11,6.8,1,2,2,4,3,0
1,1,1,1,1,0,1,3,16,11,3,30,1,11,9.9,2,3,3,1,3,3
1,0,0,0,0,0,0,3,21,10,1,32,1,11,11.25,5,3,2,4,2,3
1,1,1,1,1,1,1,3,14,4,3,21,2,4,7.500000000000001,1,3,2,4,0,1
0,1,1,0,0,0,1,3,12,5,2,19,1,5,6.600000000000001,1,0,3,1,3,2
1,0,0,0,0,0,0,3,10,11,1,22,1,12,7.1000000000000005,3,2,2,2,1,3
0,1,1,0,0,1,1,3,10,12,2,24,2,12,7.7,3,3,3,1,3,0
0,1,0,0,1,1,0,3,7,14,1,22,2,15,6.800000000000001,3,3,2,0,1,0
1,0,1,0,0,1,0,3,13,10,2,25,2,11,8.4,1,3,3,0,3,4
1,0,1,1,1,1,0,3,16,6,2,24,2,7,8.600000000000001,0,3,2,4,3,3
0,1,0,1,1,1,0,3,15,7,1,23,2,8,8.25,5,2,2,4,1,0
0,0,0,1,1,1,0,3,18,10,0,28,2,11,10.0,0,0,0,4,2,2
0,1,0,1,1,0,0,3,10,5,1,16,1,6,5.6000000000000005,1,0,3,3,3,0
0,1,0,1,1,0,1,3,16,10,1,27,1,10,9.25,3,2,2,1,3,0
0,0,0,1,0,1,0,3,17,7,0,24,2,8,8.850000000000001,2,3,0,4,1,0
0,1,0,0,0,0,0,3,12,11,1,24,1,12,7.900000000000001,5,0,0,4,1,3
1,1,1,0,1,1,1,3,15,7,3,25,2,7,8.65,1,1,0,1,3,0
0,1,0,0,1,0,1,3,10,9,1,20,1,9,6.6000000000000005,2,2,1,1,3,3
0,1,1,0,1,1,1,3,16,11,2,29,2,11,9.850000000000001,1,0,3,1,3,0
1,0,0,1,0,1,1,3,15,4,1,20,2,4,7.5,1,3,1,2,3,3
0,1,1,1,0,1,0,3,18,5,2,25,2,6,9.15,3,2,2,4,1,2
1,0,1,0,1,1,0,3,6,10,2,18,2,11,5.6000000000000005,5,2,0,4,3,1
1,1,1,0,1,1,0,3,12,5,3,20,2,6,6.95,0,3,0,0,2,3
0,1,1,0,1,0,1,3,24,5,2,31,1,5,11.400000000000002,1,3,3,3,1,1
0,1,0,0,0,1,0,3,11,14,1,26,2,15,8.4,6,3,1,4,3,4
0,0,1,1,1,0,1,3,13,11,1,25,1,11,8.3,2,4,1,4,3,1
0,1,1,0,1,1,0,3,17,12,2,31,2,13,10.500000000000002,3,2,0,1,0,4
1,1,0,0,0,1,0,1,8,14,2,24,2,15,7.4,6,3,1,1,3,4
0,1,0,1,0,1,1,1,8,7,1,16,2,7,5.45,0,2,1,1,1,0
1,1,0,1,0,1,0,1,7,8,2,17,2,9,5.500000000000001,2,3,2,1,1,3
0,0,1,0,1,1,0,1,3,6,1,10,2,7,3.2,0,1,3,0,1,3
1,0,0,0,0,0,1,1,12,13,1,26,1,13,8.4,1,1,3,0,3,3
0,1,1,1,1,0,0,1,12,6,2,20,1,7,6.850000000000001,5,3,1,1,0,0
0,1,0,0,0,0,1,1,20,15,1,36,1,15,12.1,5,4,2,4,0,0
1,1,1,0,0,1,1,1,15,9,3,27,2,9,9.15,1,3,2,1,3,2
1,1,1,1,1,1,0,1,10,7,3,20,2,8,6.6499999999999995,0,2,2,2,0,0
1,1,1,0,0,1,0,1,17,7,3,27,2,8,9.450000000000001,4,3,0,1,3,2
0,0,1,1,1,1,1,1,22,9,1,32,2,9,11.55,3,4,1,1,3,3
0,1,0,0,1,0,1,1,13,7,1,21,1,7,7.300000000000001,1,2,1,1,3,1
0,1,0,1,0,0,1,1,19,7,1,27,1,7,9.700000000000001,0,1,1,4,3,4
1,1,1,1,0,0,0,1,20,6,3,29,1,7,10.25,2,3,3,4,3,4
1,1,0,1,0,0,0,1,18,12,2,32,1,13,10.75,6,1,2,1,1,4
1,0,0,1,1,0,1,1,16,10,1,27,1,10,9.25,0,3,2,1,3,0
0,0,0,0,1,1,1,1,17,10,0,27,2,10,9.600000000000001,6,1,2,1,0,4
1,0,1,0,0,1,1,1,9,10,2,21,2,10,6.8,2,3,0,4,3,4
1,0,1,0,0,1,1,1,10,9,2,21,2,9,6.95,1,2,1,4,2,4
0,1,1,0,0,1,0,1,19,7,2,28,2,8,10.050000000000002,0,2,2,0,0,3
1,1,1,0,0,1,0,1,9,6,3,18,2,7,5.999999999999999,3,0,1,1,1,0
1,1,0,0,1,1,1,1,17,3,2,22,2,3,8.250000000000002,5,1,2,1,2,1
0,0,0,1,1,0,0,1,10,6,0,16,1,7,5.65,5,3,3,1,3,1
1,1,0,1,0,1,1,1,13,9,2,24,2,9,8.15,5,2,2,1,3,4
0,0,0,1,1,1,0,1,9,4,0,13,2,5,4.8999999999999995,1,3,0,1,1,3
1,0,0,1,1,1,1,1,14,9,1,24,2,9,8.350000000000001,1,3,1,4,3,1
0,0,1,0,0,0,0,1,11,12,1,24,1,13,7.750000000000001,5,2,1,0,3,3
1,0,0,0,1,1,1,1,10,5,1,16,2,5,5.75,0,0,1,4,0,3
0,1,0,1,1,1,1,1,12,8,1,21,2,8,7.300000000000001,3,4,0,0,0,1
1,1,0,1,1,1,1,1,11,11,2,24,2,11,7.8500000000000005,0,3,3,0,1,4
0,0,0,0,0,0,0,1,18,7,0,25,1,8,9.1,3,3,3,1,3,3
1,0,1,1,0,1,1,1,17,14,2,33,2,14,11.000000000000002,3,4,2,4,3,0
0,1,0,1,1,1,0,1,13,4,1,18,2,5,6.7,0,3,1,1,3,3
0,0,1,1,0,1,0,1,17,10,1,28,2,11,9.8,6,2,3,2,2,3
1,1,1,0,1,1,1,1,16,7,3,26,2,7,9.05,5,3,0,3,1,0
0,1,0,0,0,0,1,1,12,8,1,21,1,8,7.150000000000001,6,3,2,1,3,0
0,0,1,0,1,0,0,1,16,14,1,31,1,15,10.25,1,3,1,1,0,0
1,0,1,1,0,0,0,1,20,9,2,31,1,10,10.8,1,0,3,4,3,2
1,1,0,1,1,1,0,1,6,11,2,19,2,12,5.8500000000000005,5,2,3,2,2,1
0,1,0,1,1,0,0,1,15,8,1,24,1,9,8.35,3,2,0,1,2,3
1,1,1,1,0,1,1,1,19,10,3,32,2,10,11.000000000000002,5,0,1,0,3,0
1,1,0,0,0,1,1,1,9,9,2,20,2,9,6.55,1,0,1,0,1,1
1,1,0,0,1,0,1,1,14,14,2,30,1,14,9.650000000000002,4,2,3,0,2,0
1,1,1,0,0,0,1,1,13,10,3,26,1,10,8.450000000000001,0,2,0,0,3,0
0,1,1,0,1,1,0,1,10,10,2,22,2,11,7.2,0,3,0,0,3,0
0,0,0,0,0,1,0,1,11,7,0,18,2,8,6.45,0,2,0,3,3,4
1,1,1,0,1,0,1,1,18,5,3,26,1,5,9.2,1,3,2,4,2,3
1,1,0,0,1,1,0,1,8,8,2,18,2,9,5.9,2,2,3,1,3,4
0,0,1,1,0,1,0,1,14,7,1,22,2,8,7.8500000000000005,0,0,0,1,3,3
1,0,0,0,1,1,1,1,9,4,1,14,2,4,5.1,3,2,3,1,3,1
0,1,0,1,0,0,0,1,15,7,1,23,1,8,8.1,1,4,3,4,3,0
1,1,1,1,1,1,1,1,17,3,3,23,2,3,8.450000000000001,6,2,1,1,3,3
1,0,1,1,0,0,1,1,7,13,2,22,1,13,6.600000000000001,6,3,1,4,2,3
0,0,1,1,1,0,0,1,17,12,1,30,1,13,10.15,1,2,1,3,3,1
0,0,1,0,1,0,0,1,15,9,1,25,1,10,8.6,0,3,0,0,0,3
1,0,0,0,0,0,0,1,15,7,1,23,1,8,8.1,2,2,0,4,3,3
0,1,1,1,1,1,1,1,6,13,2,21,2,13,6.3500000000000005,5,2,2,3,3,0
0,0,0,0,1,0,1,1,15,4,0,19,1,4,7.15,5,2,0,0,3,4
1,0,1,0,1,0,1,1,3,4,2,9,1,4,2.75,3,2,2,1,2,0
1,1,1,0,0,1,1,1,11,11,3,25,2,11,8.05,2,0,1,1,2,2
0,0,1,0,1,0,0,1,12,6,1,19,1,7,6.650000000000001,0,0,0,2,1,0
1,1,1,0,0,0,0,1,10,10,3,23,1,11,7.25,3,4,1,0,0,0
1,1,0,0,1,0,0,1,6,12,2,20,1,13,5.950000000000001,1,3,3,3,3,0
0,1,1,0,0,0,0,1,20,12,2,34,1,13,11.55,3,3,0,0,3,0
1,1,1,1,1,0,1,1,11,13,3,27,1,13,8.4,1,3,2,4,1,0
0,1,1,1,0,0,0,1,16,11,2,29,1,12,9.700000000000001,4,0,3,0,3,1
0,1,1,1,0,0,1,1,8,4,2,14,1,4,4.750000000000001,5,1,2,4,0,2
1,0,1,0,1,0,0,1,14,15,2,31,1,16,9.900000000000002,3,4,3,1,0,2
1,0,0,0,0,1,0,1,6,10,1,17,2,11,5.4,2,2,1,4,3,1
1,1,1,1,0,1,1,1,13,9,3,25,2,9,8.350000000000001,1,4,3,4,3,1
0,1,0,0,0,1,1,1,21,5,1,27,2,5,10.15,0,0,1,2,1,0
0,1,1,1,0,1,1,1,10,12,2,24,2,12,7.7,6,1,1,4,2,1
0,0,0,1,1,0,1,1,18,11,0,29,1,11,10.1,1,0,3,1,3,4
0,1,1,0,1,0,1,1,12,14,2,28,1,14,8.850000000000001,3,3,2,0,3,4
0,0,1,1,1,1,1,1,11,13,1,25,2,13,8.15,3,2,3,1,3,3
0,0,1,0,0,0,1,1,13,8,1,22,1,8,7.550000000000001,6,2,2,0,3,1
1,0,0,1,0,0,1,1,14,11,1,26,1,11,8.700000000000001,3,2,2,1,3,4
1,1,1,0,1,1,0,1,19,3,3,25,2,4,9.250000000000002,5,3,3,1,3,2
1,1,0,0,1,1,1,1,17,7,2,26,2,7,9.250000000000002,3,3,2,3,0,4
1,1,1,1,0,1,1,1,8,12,3,23,2,12,7.1000000000000005,6,0,3,1,3,1
0,1,1,0,0,0,1,1,10,12,2,24,1,12,7.550000000000001,5,2,2,1,2,4
0,1,0,1,1,0,0,1,16,9,1,26,1,10,9.0,3,0,0,0,1,0
0,1,1,1,1,0,0,1,11,7,2,20,1,8,6.700000000000001,6,3,1,4,3,0
0,0,0,0,0,0,0,1,12,11,0,23,1,12,7.700000000000001,0,4,2,1,3,1
1,0,1,1,1,0,1,1,17,9,2,28,1,9,9.600000000000001,0,3,3,2,3,4
0,1,0,1,1,0,0,1,5,9,1,15,1,10,4.6000000000000005,1,2,3,2,1,3
1,0,0,1,0,1,0,1,18,6,1,25,2,7,9.2,1,3,3,4,1,4
0,1,1,1,1,1,1,1,8,7,2,17,2,7,5.65,3,3,1,4,3,0
0,1,1,0,0,1,1,1,18,8,2,28,2,8,9.9,3,3,1,4,0,0
1,1,0,0,0,0,0,1,9,11,2,22,1,12,6.9,0,3,2,1,0,4
0,1,1,1,0,1,1,1,14,8,2,24,2,8,8.3,3,4,3,0,3,3
1,1,1,0,1,0,0,1,6,12,3,21,1,13,6.15,1,2,3,4,2,0
1,0,1,1,1,0,1,1,15,13,2,30,1,13,9.8,6,1,2,0,2,0
1,0,1,1,0,0,0,1,19,8,2,29,1,9,10.150000000000002,0,1,2,4,1,2
0,0,0,0,1,0,1,1,16,12,0,28,1,12,9.55,1,1,0,1,3,4
1,0,0,1,0,1,1,1,12,9,1,22,2,9,7.550000000000001,0,2,3,1,3,4
0,0,0,1,0,0,1,1,11,9,0,20,1,9,6.800000000000001,2,1,3,4,2,2
1,1,0,0,1,0,0,1,15,8,2,25,1,9,8.55,1,3,0,4,3,3
1,1,1,1,1,1,1,1,10,11,3,24,2,11,7.6499999999999995,1,3,1,1,2,3
1,1,1,1,1,1,0,1,9,11,3,23,2,12,7.249999999999999,5,2,2,4,3,3
0,1,0,0,1,0,1,1,14,10,1,25,1,10,8.450000000000001,5,3,2,0,1,3
1,0,1,1,0,1,1,1,4,5,2,11,2,5,3.55,0,2,1,4,1,1
0,0,1,0,1,1,1,1,19,4,1,24,2,4,9.100000000000001,0,2,3,4,3,4
0,0,0,1,1,1,0,1,4,11,0,15,2,12,4.6499999999999995,6,3,1,3,3,2
1,1,0,1,1,0,0,1,18,10,2,30,1,11,10.25,5,2,0,4,2,4
0,0,0,0,1,0,1,1,9,12,0,21,1,12,6.75,1,1,0,1,3,0
1,0,1,0,1,1,1,1,19,4,2,25,2,4,9.300000000000002,1,3,0,4,0,1
0,1,0,0,1,1,1,1,8,10,1,19,2,10,6.2,2,3,2,4,3,1
1,0,1,0,1,0,1,1,18,9,2,29,1,9,10.0,3,3,2,3,2,0
1,1,0,0,1,0,0,1,12,6,2,20,1,7,6.850000000000001,5,0,0,4,3,3
0,0,1,1,1,0,0,1,19,11,1,31,1,12,10.700000000000001,3,3,0,1,2,4
0,0,0,1,0,1,1,1,13,11,0,24,2,11,8.25,0,3,3,1,3,4
1,1,1,0,1,0,0,1,15,11,3,29,1,12,9.5,2,3,2,1,2,4
1,1,0,1,1,1,0,1,9,11,2,22,2,12,7.05,6,3,1,4,2,4
0,1,1,0,0,0,0,1,15,9,2,26,1,10,8.8,0,2,3,4,3,0
0,1,0,1,1,0,0,1,18,11,1,30,1,12,10.299999999999999,5,3,1,1,3,3
1,1,1,0,0,1,0,1,12,12,3,27,2,13,8.700000000000001,1,2,0,4,2,4
1,1,1,0,1,0,0,1,13,5,3,21,1,6,7.200000000000001,5,1,3,0,0,4
0,0,0,1,0,1,0,1,13,7,0,20,2,8,7.25,0,3,2,4,2,3
1,1,0,1,1,0,0,1,15,10,2,27,1,11,9.05,3,4,2,3,0,3
1,1,1,0,1,1,0,1,20,10,3,33,2,11,11.4,5,3,3,1,3,1
1,1,1,1,1,0,0,1,17,5,3,25,1,6,8.8,0,3,1,0,2,1
1,1,0,1,0,0,1,1,12,5,2,19,1,5,6.600000000000001,3,2,2,0,1,4
1,1,0,1,0,0,0,1,5,12,2,19,1,13,5.550000000000001,5,2,1,1,3,0
1,0,1,0,1,0,0,1,3,8,2,13,1,9,3.75,6,3,3,1,3,1
0,0,1,1,1,1,0,1,17,5,1,23,2,6,8.55,1,3,1,3,0,0
0,0,0,0,0,0,0,1,14,12,0,26,1,13,8.750000000000002,3,4,0,4,3,1
0,1,0,1,0,0,0,1,14,15,1,30,1,16,9.700000000000001,3,3,2,0,3,0
1,1,0,0,1,0,0,1,20,9,2,31,1,10,10.8,1,1,2,4,0,4
1,0,1,0,1,1,1,1,10,13,2,25,2,13,7.95,1,2,0,3,2,1
0,1,1,0,1,1,0,1,6,6,2,14,2,7,4.6000000000000005,2,4,0,1,3,3
0,1,1,1,0,1,1,1,18,8,2,28,2,8,9.9,2,3,0,1,0,1
0,0,0,0,0,1,1,1,22,10,0,32,2,10,11.600000000000001,1,2,0,3,3,3
1,1,1,0,1,1,0,1,10,12,3,25,2,13,7.8999999999999995,5,3,3,4,3,3
0,0,0,0,1,0,0,1,9,12,0,21,1,13,6.75,5,2,2,1,3,3
1,1,1,0,0,0,1,1,12,12,3,27,1,12,8.55,2,4,1,4,1,1
1,0,0,0,1,1,0,1,12,6,1,19,2,7,6.800000000000001,2,3,3,0,3,4
1,1,1,0,1,0,0,1,12,7,3,22,1,8,7.300000000000001,5,4,0,4,1,0
1,0,0,1,0,0,0,1,14,6,1,21,1,7,7.450000000000001,1,0,3,1,0,4
1,0,0,0,1,1,0,1,8,10,1,19,2,11,6.2,0,3,3,1,2,0
1,0,1,0,0,1,0,1,9,10,2,21,2,11,6.8,1,4,0,0,3,3
1,0,1,0,0,0,1,1,13,10,2,25,1,10,8.25,1,4,3,2,3,0
1,1,1,1,1,1,1,1,11,5,3,19,2,5,6.55,3,4,3,1,0,0
1,1,0,1,1,1,0,1,13,6,2,21,2,7,7.4,5,2,0,1,3,1
1,1,1,1,0,1,1,1,13,10,3,26,2,10,8.600000000000001,3,1,2,4,0,4
1,1,0,0,1,1,1,1,8,8,2,18,2,8,5.9,0,1,0,0,3,1
1,0,0,0,0,0,1,1,16,12,1,29,1,12,9.75,5,3,1,0,3,0
1,0,1,0,1,1,0,1,14,11,2,27,2,12,9.050000000000002,0,1,3,0,2,0
0,0,1,0,1,1,0,1,16,7,1,24,2,8,8.65,0,0,1,2,2,1
1,0,0,0,0,0,1,1,6,12,1,19,1,12,5.750000000000001,2,0,0,1,3,1
1,1,0,0,0,1,1,1,19,10,2,31,2,10,10.800000000000002,6,1,0,1,3,2
1,1,1,0,0,1,1,1,17,9,3,29,2,9,9.950000000000001,1,2,0,4,3,4
0,1,0,1,0,0,1,1,14,10,1,25,1,10,8.450000000000001,5,1,1,1,3,0
0,1,1,0,1,0,0,1,19,9,2,30,1,10,10.400000000000002,3,1,3,4,3,1
0,0,1,0,0,1,1,1,17,8,1,26,2,8,9.3,6,3,2,1,3,4
0,0,1,1,0,1,0,1,7,4,1,12,2,5,4.3,1,2,1,4,2,0
0,1,1,1,0,1,0,1,12,14,2,28,2,15,9.000000000000002,0,3,1,4,3,0
1,0,1,1,1,1,0,1,9,11,2,22,2,12,7.05,6,2,0,1,2,3
1,0,0,0,1,0,1,1,13,9,1,23,1,9,7.800000000000001,2,0,1,1,3,0
1,0,1,0,0,1,1,1,10,13,2,25,2,13,7.95,0,1,2,4,2,4
0,0,1,1,0,0,0,1,6,4,1,11,1,5,3.7500000000000004,3,0,0,4,2,4
0,0,0,1,1,0,0,1,9,5,0,14,1,6,5.0,0,3,3,2,3,0
0,1,1,1,0,0,1,1,8,11,2,21,1,11,6.500000000000001,3,3,0,4,3,4
0,1,0,0,1,0,1,1,11,10,1,22,1,10,7.250000000000001,3,0,3,2,3,4
0,0,1,1,0,0,1,1,8,14,1,23,1,14,7.050000000000001,5,3,3,1,3,1
0,0,1,0,0,1,1,1,18,6,1,25,2,6,9.2,6,2,0,0,3,4
1,1,1,0,0,0,1,1,17,5,3,25,1,5,8.8,5,2,2,1,1,2
0,0,0,0,0,0,1,1,11,9,0,20,1,9,6.800000000000001,2,3,1,0,3,1
0,1,0,1,1,0,0,1,14,11,1,26,1,12,8.700000000000001,6,0,0,0,3,3
1,0,0,0,0,1,1,1,19,7,1,27,2,7,9.850000000000001,0,2,0,1,0,4
1,1,0,0,1,1,0,1,11,5,2,18,2,6,6.3500000000000005,0,3,3,4,3,3
1,0,0,0,1,0,1,1,6,7,1,14,1,7,4.500000000000001,5,3,0,1,0,0
1,0,0,1,0,0,1,1,12,8,1,21,1,8,7.150000000000001,1,2,0,2,1,2
1,0,0,0,0,1,1,1,9,8,1,18,2,8,6.1,1,3,1,4,3,4
0,1,1,0,0,1,1,1,17,3,2,22,2,3,8.250000000000002,3,1,0,1,3,3
1,0,0,1,1,1,1,1,12,12,1,25,2,12,8.3,6,3,2,1,3,2
0,1,0,1,0,0,0,1,15,14,1,30,1,15,9.85,5,3,1,1,0,4
1,1,1,0,1,0,0,1,12,7,3,22,1,8,7.300000000000001,0,0,3,1,3,3
0,1,0,1,0,0,0,1,19,13,1,33,1,14,11.200000000000001,1,1,3,4,3,0
1,1,0,0,0,0,0,1,17,13,2,32,1,14,10.600000000000001,3,2,3,4,2,2
1,0,1,1,0,1,0,1,22,12,2,36,2,13,12.500000000000002,6,1,0,4,1,0
1,0,1,1,0,0,0,1,11,6,2,19,1,7,6.450000000000001,3,3,3,2,3,4
0,0,1,1,0,1,0,1,9,7,1,17,2,8,5.85,3,2,3,0,3,0
1,0,1,0,0,1,0,1,12,10,2,24,2,11,8.000000000000002,6,2,0,1,3,1
1,0,1,1,0,1,0,1,15,9,2,26,2,10,8.950000000000001,2,1,0,1,0,0
1,1,1,0,0,0,1,1,7,6,3,16,1,6,5.050000000000001,4,0,2,0,3,0
1,0,0,0,1,1,0,1,14,10,1,25,2,11,8.600000000000001,5,2,3,4,3,3
1,0,1,1,0,0,0,1,23,7,2,32,1,8,11.500000000000002,5,3,2,2,2,3
0,0,0,0,0,1,1,1,15,14,0,29,2,14,9.8,1,2,3,4,3,0
0,1,0,1,1,0,1,1,7,13,1,21,1,13,6.400000000000001,3,3,0,2,3,4
1,0,1,1,0,0,0,1,19,13,2,34,1,14,11.400000000000002,0,2,2,4,3,0
1,0,0,0,1,0,0,1,4,4,1,9,1,5,2.95,1,2,3,2,3,0
1,1,0,0,1,0,1,1,7,5,2,14,1,5,4.600000000000001,4,3,1,1,3,4
0,1,0,0,0,0,0,1,17,8,1,26,1,9,9.15,2,1,0,0,3,3
1,0,0,1,0,0,0,1,14,5,1,20,1,6,7.200000000000001,6,0,0,1,3,0
1,0,1,0,0,1,0,1,17,12,2,31,2,13,10.500000000000002,3,0,3,4,2,3
1,0,1,0,0,0,0,1,9,10,2,21,1,11,6.65,5,3,0,1,3,1
0,1,1,0,1,0,0,1,6,9,2,17,1,10,5.200000000000001,1,3,0,2,1,1
0,0,1,1,0,1,0,1,9,10,1,20,2,11,6.6,3,3,0,4,3,4
1,1,1,1,1,1,0,1,21,4,3,28,2,5,10.3,1,3,2,1,3,0
1,1,0,0,0,0,0,1,22,13,2,37,1,14,12.600000000000001,5,2,1,3,1,4
0,0,0,0,1,1,1,1,14,7,0,21,2,7,7.65,1,3,2,1,0,1
0,0,1,1,1,0,1,1,19,7,1,27,1,7,9.700000000000001,2,3,1,0,3,4
1,0,0,1,0,1,0,1,10,5,1,16,2,6,5.75,5,2,1,1,0,4
0,0,0,1,1,1,1,1,16,13,0,29,2,13,9.950000000000001,1,3,3,3,0,3
1,0,1,1,0,0,1,1,15,10,2,27,1,10,9.05,0,4,2,1,3,1
0,1,1,1,1,1,1,1,11,12,2,25,2,12,8.100000000000001,0,4,0,3,1,4
1,0,0,0,1,1,0,1,7,13,1,21,2,14,6.550000000000001,1,4,3,0,3,0
0,1,1,0,1,1,0,1,4,13,2,19,2,14,5.55,5,1,0,1,1,3
0,0,0,0,0,0,1,1,7,6,0,13,1,6,4.450000000000001,4,4,3,3,3,0
1,1,0,0,1,0,1,1,13,7,2,22,1,7,7.500000000000001,0,3,2,0,2,1
0,0,1,0,1,0,0,1,16,7,1,24,1,8,8.5,1,4,1,3,1,0
0,1,1,1,0,1,1,1,16,6,2,24,2,6,8.600000000000001,5,0,2,4,3,1
1,1,1,1,1,1,1,1,17,6,3,26,2,6,9.200000000000001,2,3,1,1,2,0
0,0,1,0,0,1,0,1,19,7,1,27,2,8,9.850000000000001,5,2,2,4,0,3
1,0,1,0,0,0,0,1,11,7,2,20,1,8,6.700000000000001,0,3,3,1,3,0
1,1,0,0,1,0,0,1,9,6,2,17,1,7,5.65,0,3,0,0,2,3
1,0,1,1,0,1,0,1,13,9,2,24,2,10,8.15,3,2,2,3,2,4
1,1,1,0,0,0,0,1,20,10,3,33,1,11,11.25,6,4,1,1,3,4
0,1,0,0,1,1,0,1,15,11,1,27,2,12,9.25,0,2,3,0,3,0
1,0,0,0,1,0,1,1,4,7,1,12,1,7,3.7,1,2,0,0,1,1
1,0,1,0,0,1,0,1,12,5,2,19,2,6,6.750000000000001,6,2,1,1,3,3
0,0,1,0,1,1,0,1,7,7,1,15,2,8,5.050000000000001,0,3,3,3,2,2
0,1,0,0,1,1,1,1,14,7,1,22,2,7,7.8500000000000005,2,4,3,4,3,3
1,0,1,0,1,1,0,1,6,7,2,15,2,8,4.8500000000000005,3,2,1,0,0,4
1,1,0,1,0,1,1,1,18,12,2,32,2,12,10.9,6,0,0,4,0,3
0,1,1,0,1,0,0,1,9,6,2,17,1,7,5.65,0,3,0,4,2,4
1,1,0,1,1,1,0,1,14,10,2,26,2,11,8.800000000000002,1,2,2,0,3,4
1,0,1,1,1,0,0,1,5,5,2,12,1,6,3.8,6,2,0,3,0,3
0,1,1,1,1,1,1,1,3,10,2,15,2,10,4.4,5,1,2,4,0,2
0,1,0,1,0,0,0,1,13,7,1,21,1,8,7.300000000000001,2,0,1,0,1,0
0,0,0,0,1,1,0,1,13,6,0,19,2,7,7.0,0,2,1,1,0,4
1,0,0,1,1,0,1,1,14,12,1,27,1,12,8.950000000000001,3,3,2,0,2,4
1,0,1,1,0,1,1,1,15,3,2,20,2,3,7.45,1,2,2,1,0,4
0,0,1,1,1,0,0,1,9,8,1,18,1,9,5.95,1,4,0,1,2,3
0,1,0,0,1,0,0,1,9,8,1,18,1,9,5.95,4,4,2,0,1,0
0,0,1,1,1,1,1,1,12,7,1,20,2,7,7.050000000000001,1,1,1,0,3,0
1,1,0,0,0,0,1,1,22,14,2,38,1,14,12.850000000000001,0,1,2,4,3,0
0,0,0,1,1,1,1,1,15,10,0,25,2,10,8.8,5,1,3,0,2,0
1,1,0,0,0,0,0,1,21,7,2,30,1,8,10.700000000000001,6,3,2,4,2,2
1,0,1,0,1,1,1,1,11,13,2,26,2,13,8.350000000000001,0,3,3,1,3,1
1,1,1,0,0,1,1,1,16,9,3,28,2,9,9.55,2,3,3,4,3,1
1,1,1,0,1,0,1,1,21,4,3,28,1,4,10.15,6,3,0,2,0,1
0,1,1,1,0,1,0,1,14,10,2,26,2,11,8.800000000000002,5,3,2,3,0,2
0,1,1,1,1,0,1,1,13,10,2,25,1,10,8.25,5,3,2,0,3,1
1,1,1,1,1,0,0,1,15,9,3,27,1,10,9.0,5,0,0,2,1,3
0,0,1,0,0,0,0,1,13,3,1,17,1,4,6.300000000000001,1,3,0,4,0,4
1,0,0,1,0,1,0,1,17,8,1,26,2,9,9.3,6,4,1,0,0,1
1,0,1,0,0,0,0,1,19,9,2,30,1,10,10.400000000000002,6,1,0,1,2,4
0,1,0,1,0,1,0,1,13,7,1,21,2,8,7.45,0,3,3,0,3,3
0,0,1,0,0,1,0,1,22,14,1,37,2,15,12.8,0,3,2,3,0,0
0,1,1,1,0,1,0,1,15,4,2,21,2,5,7.7,2,3,1,4,2,0
1,0,0,0,1,1,0,1,18,9,1,28,2,10,9.95,5,4,0,1,0,3
0,1,0,1,0,0,0,1,11,12,1,24,1,13,7.750000000000001,6,4,2,1,0,1
0,1,0,0,1,0,0,1,4,14,1,19,1,15,5.45,4,1,2,1,0,0
1,0,0,1,1,0,0,1,10,9,1,20,1,10,6.6000000000000005,6,2,0,1,3,4
0,1,0,1,0,1,1,1,13,4,1,18,2,4,6.7,1,3,1,4,2,3
0,1,1,1,0,0,0,1,18,11,2,31,1,12,10.5,1,3,2,2,3,1
1,0,1,1,1,1,0,1,13,6,2,21,2,7,7.4,6,3,0,0,0,0
0,0,1,1,0,1,1,1,6,10,1,17,2,10,5.4,6,3,1,0,3,1
0,0,1,0,1,1,0,1,14,14,1,29,2,15,9.600000000000001,2,3,3,4,3,3
1,1,1,0,0,0,0,1,9,5,3,17,1,6,5.6,5,0,2,3,3,3
1,0,1,0,1,0,0,1,11,7,2,20,1,8,6.700000000000001,1,3,0,0,3,0
0,0,0,1,0,0,1,1,5,4,0,9,1,4,3.15,1,2,0,3,3,4
0,0,0,0,1,1,0,1,11,6,0,17,2,7,6.2,3,3,2,3,3,4
0,0,0,0,0,0,1,1,16,12,0,28,1,12,9.55,5,0,1,2,2,1
0,0,0,1,0,1,0,1,7,10,0,17,2,11,5.6000000000000005,1,3,3,2,0,1
0,1,1,0,1,0,1,1,11,8,2,21,1,8,6.950000000000001,0,2,0,2,2,0
0,0,1,1,1,0,0,1,10,6,1,17,1,7,5.8500000000000005,5,3,1,0,1,3
0,1,0,0,0,0,0,1,17,5,1,23,1,6,8.4,6,2,0,3,0,4
0,0,0,1,1,0,0,1,14,11,0,25,1,12,8.500000000000002,1,3,3,4,0,4
0,1,1,0,1,0,0,1,10,5,2,17,1,6,5.800000000000001,1,1,3,2,2,1
0,0,1,0,0,1,0,1,7,8,1,16,2,9,5.300000000000001,5,4,3,4,2,0
0,0,0,0,0,0,0,1,20,12,0,32,1,13,11.15,1,4,0,1,0,3
1,0,0,0,0,0,1,1,14,10,1,25,1,10,8.450000000000001,0,0,3,3,2,1
0,0,1,0,1,1,0,1,8,12,1,21,2,13,6.7,0,2,3,1,3,3
0,1,1,0,0,1,0,1,14,5,2,21,2,6,7.550000000000001,1,2,1,2,0,0
0,0,1,0,1,1,1,1,12,14,1,27,2,14,8.8,0,2,1,0,3,0
1,1,0,0,0,1,0,1,9,6,2,17,2,7,5.8,5,4,2,0,3,3
1,0,0,1,0,1,1,1,7,5,1,13,2,5,4.550000000000001,2,4,1,4,3,0
0,0,1,0,0,0,1,1,7,6,1,14,1,6,4.650000000000001,3,3,3,1,0,1
0,0,0,0,1,0,0,1,11,12,0,23,1,13,7.550000000000001,1,2,3,4,0,2
1,0,0,1,1,1,1,1,10,12,1,23,2,12,7.5,1,2,2,1,3,0
1,1,0,0,1,0,1,1,18,11,2,31,1,11,10.5,3,2,1,4,3,0
0,0,0,1,0,1,0,1,15,10,0,25,2,11,8.8,0,4,0,0,3,3
1,0,0,1,1,0,1,1,21,9,1,31,1,9,11.0,1,3,3,0,3,0
0,1,0,0,0,0,1,1,15,12,1,28,1,12,9.35,2,2,0,1,3,3
0,0,0,1,0,1,0,1,15,9,0,24,2,10,8.55,0,3,2,1,2,1
0,1,1,0,1,0,1,1,11,8,2,21,1,8,6.950000000000001,3,3,3,4,1,0
1,1,1,1,0,0,1,1,6,5,3,14,1,5,4.4,3,2,3,3,3,3
1,1,0,0,1,0,1,1,17,10,2,29,1,10,9.850000000000001,3,1,0,1,3,3
1,0,1,1,1,1,1,1,23,7,2,32,2,7,11.650000000000002,1,1,1,2,2,4
0,0,1,0,0,1,1,1,17,12,1,30,2,12,10.3,5,2,2,0,3,4
1,1,0,1,0,0,0,1,14,7,2,23,1,8,7.900000000000001,3,2,3,1,2,2
0,1,0,0,1,0,1,1,9,10,1,20,1,10,6.45,1,3,1,1,3,1
0,0,0,1,1,0,1,1,10,4,0,14,1,4,5.15,6,4,3,0,3,4
1,1,1,0,0,0,0,1,12,15,3,30,1,16,9.3,3,3,0,4,1,0
1,1,1,1,0,0,1,1,20,11,3,34,1,11,11.5,1,2,3,0,2,0
0,0,1,0,1,1,1,1,16,7,1,24,2,7,8.65,0,3,1,4,0,2
1,0,0,0,0,1,0,1,9,13,1,23,2,14,7.35,5,2,3,1,1,0
1,0,1,1,0,0,0,1,13,9,2,24,1,10,8.0,3,4,3,0,3,0
1,0,1,1,1,0,1,1,14,6,2,22,1,6,7.650000000000001,6,2,3,0,1,4
0,1,1,1,1,0,0,1,13,10,2,25,1,11,8.25,1,3,1,4,0,4
1,0,0,0,0,1,0,1,13,12,1,26,2,13,8.7,0,3,0,2,3,1
1,0,1,1,1,1,1,1,11,6,2,19,2,6,6.6000000000000005,6,3,1,4,3,4
1,0,0,0,1,1,1,1,14,9,1,24,2,9,8.350000000000001,6,2,2,0,3,3
1,0,1,1,0,1,1,1,12,11,2,25,2,11,8.250000000000002,1,2,1,0,3,4
0,0,0,0,0,0,1,1,18,6,0,24,1,6,8.85,3,0,0,3,2,3
1,1,0,1,1,0,1,1,13,12,2,27,1,12,8.75,3,0,0,1,1,4
0,0,0,1,0,0,0,1,9,12,0,21,1,13,6.75,1,3,0,0,3,3
0,0,1,1,1,0,1,1,18,13,1,32,1,13,10.799999999999999,1,1,3,4,2,4
1,1,0,0,1,0,1,1,14,7,2,23,1,7,7.900000000000001,0,3,2,4,3,0
1,1,0,1,1,0,1,1,16,11,2,29,1,11,9.700000000000001,3,3,0,2,0,0
1,1,0,1,1,0,1,1,14,13,2,29,1,13,9.400000000000002,0,2,1,1,1,4
1,0,1,1,0,1,1,1,18,12,2,32,2,12,10.9,0,3,1,4,0,3
0,1,1,1,0,1,1,1,10,10,2,22,2,10,7.2,4,2,3,0,2,1
1,1,0,1,1,0,0,1,12,13,2,27,1,14,8.600000000000001,5,2,3,4,3,4
0,0,0,0,1,0,1,1,17,7,0,24,1,7,8.700000000000001,5,3,3,0,0,0
1,1,1,0,1,0,0,1,15,9,3,27,1,10,9.0,0,2,3,0,3,0
1,0,1,1,1,0,0,1,12,3,2,17,1,4,6.100000000000001,0,3,0,4,3,1
0,0,1,1,0,0,0,1,11,12,1,24,1,13,7.750000000000001,5,0,3,0,3,4
1,1,1,1,0,0,1,1,13,13,3,29,1,13,9.2,1,3,0,0,3,0
0,0,1,1,1,0,1,1,7,12,1,20,1,12,6.150000000000001,0,3,2,1,3,4
0,1,1,1,1,0,0,1,4,8,2,14,1,9,4.15,6,3,0,1,3,1
1,0,0,1,0,1,1,1,12,8,1,21,2,8,7.300000000000001,0,1,0,0,0,0
0,1,0,0,1,1,1,1,14,8,1,23,2,8,8.100000000000001,1,2,0,4,1,1
0,1,0,1,0,0,0,1,11,13,1,25,1,14,8.0,3,1,0,0,3,3
0,0,1,0,1,1,1,1,14,8,1,23,2,8,8.100000000000001,0,3,0,2,3,4
0,1,1,1,0,1,0,1,18,11,2,31,2,12,10.65,2,2,0,1,3,1
1,1,1,0,1,1,0,1,16,5,3,24,2,6,8.55,1,1,1,4,0,3
0,1,0,0,0,1,1,1,11,12,1,24,2,12,7.9,6,1,2,2,3,0
0,0,0,0,0,1,0,1,10,11,0,21,2,12,7.05,6,3,2,1,3,3
0,0,0,0,1,1,1,1,7,10,0,17,2,10,5.6000000000000005,2,2,0,3,3,1
0,1,0,1,1,0,0,1,18,6,1,25,1,7,9.049999999999999,0,3,1,3,2,3
1,1,0,1,1,1,0,1,17,13,2,32,2,14,10.750000000000002,3,3,0,0,3,3
1,1,1,1,1,1,0,1,14,12,3,29,2,13,9.500000000000002,0,1,0,1,2,4
1,0,1,0,1,0,0,1,8,10,2,20,1,11,6.250000000000001,0,4,3,2,3,0
1,1,0,1,0,1,0,1,21,6,2,29,2,7,10.600000000000001,2,1,3,2,3,3
0,0,0,0,0,0,1,1,17,9,0,26,1,9,9.200000000000001,5,1,0,0,3,0
0,1,0,1,1,1,1,1,13,6,1,20,2,6,7.2,3,2,1,4,3,4
0,0,0,0,0,1,1,1,12,7,0,19,2,7,6.8500000000000005,0,3,1,4,1,3
0,0,1,0,0,1,0,1,16,9,1,26,2,10,9.15,0,3,1,2,3,1
1,1,0,1,0,1,0,1,11,12,2,25,2,13,8.100000000000001,0,3,3,4,3,0
0,0,0,0,0,0,1,1,19,13,0,32,1,13,11.000000000000002,6,2,1,1,0,4
1,0,1,1,1,1,0,1,9,8,2,19,2,9,6.3,5,3,3,1,2,0
1,0,0,0,1,1,1,1,23,6,1,30,2,6,11.200000000000001,2,0,1,2,3,0
1,1,0,0,0,0,0,1,16,4,2,22,1,5,7.950000000000001,3,2,1,0,2,4
1,1,1,0,1,0,1,1,11,11,3,25,1,11,7.9,2,0,1,2,3,2
1,1,1,0,0,0,1,1,14,10,3,27,1,10,8.850000000000001,1,4,2,1,0,0
1,0,1,0,0,1,1,1,16,5,2,23,2,5,8.350000000000001,2,0,1,1,2,1
1,0,0,1,0,0,1,1,8,12,1,21,1,12,6.550000000000001,6,0,3,3,3,0
0,0,1,1,0,0,1,1,13,6,1,20,1,6,7.050000000000001,2,1,2,4,1,4
0,1,0,1,1,0,1,1,13,5,1,19,1,5,6.800000000000001,1,3,0,2,3,4
0,0,0,1,0,1,1,1,11,10,0,21,2,10,7.2,1,4,2,4,3,2
0,0,0,0,0,1,1,1,12,10,0,22,2,10,7.6000000000000005,6,2,1,4,2,0
1,0,0,0,0,0,0,1,14,11,1,26,1,12,8.700000000000001,0,2,1,1,1,3
1,1,1,1,0,0,1,1,9,11,3,23,1,11,7.1,3,0,3,1,0,0
1,1,0,1,1,1,0,1,13,7,2,22,2,8,7.65,3,3,3,0,3,4
0,0,0,1,1,0,1,1,7,14,0,21,1,14,6.450000000000001,1,3,2,0,2,4
1,0,0,0,1,1,0,1,16,11,1,28,2,12,9.65,1,3,2,3,3,0
0,1,1,0,0,1,1,1,8,9,2,19,2,9,6.15,1,3,3,4,3,3
1,1,1,0,1,1,0,1,13,8,3,24,2,9,8.100000000000001,5,3,0,4,0,0
0,0,1,0,0,0,0,1,14,13,1,28,1,14,9.200000000000001,2,0,2,4,0,1
1,1,1,1,1,1,0,1,16,9,3,28,2,10,9.55,1,3,1,4,0,2
1,1,1,1,1,1,1,1,10,6,3,19,2,6,6.3999999999999995,3,3,2,1,1,3
0,1,1,1,1,0,1,1,9,7,2,18,1,7,5.9,1,2,3,1,3,3
1,0,1,0,0,0,1,1,14,7,2,23,1,7,7.900000000000001,2,3,0,1,0,3
1,0,0,0,1,1,1,1,13,10,1,24,2,10,8.200000000000001,3,1,0,4,0,0
1,1,1,1,0,0,0,1,10,7,3,20,1,8,6.5,6,3,0,1,1,1
1,1,1,1,0,0,0,1,13,6,3,22,1,7,7.450000000000001,5,3,1,4,1,1
0,1,1,0,1,0,0,1,13,11,2,26,1,12,8.5,3,2,1,4,0,0
0,0,0,0,0,0,1,1,16,11,0,27,1,11,9.3,6,1,3,0,3,3
1,0,0,0,1,1,1,1,17,8,1,26,2,8,9.3,6,3,1,0,3,1
0,1,0,0,1,0,1,1,11,8,1,20,1,8,6.750000000000001,4,2,1,1,3,0
0,1,1,0,0,1,1,1,10,8,2,20,2,8,6.7,5,2,3,4,3,0
1,1,0,1,0,1,1,1,11,6,2,19,2,6,6.6000000000000005,3,2,3,1,1,0
1,0,1,0,0,1,0,1,10,7,2,19,2,8,6.45,2,3,2,1,1,3
0,0,1,0,1,1,0,1,7,9,1,17,2,10,5.550000000000001,6,3,2,4,1,3
1,0,0,1,0,0,0,1,13,6,1,20,1,7,7.050000000000001,5,2,1,4,0,4
0,1,0,1,1,0,1,1,17,7,1,25,1,7,8.9,3,3,0,3,3,1
1,1,1,0,1,0,1,1,12,6,3,21,1,6,7.050000000000001,2,3,0,1,0,0
0,1,0,0,0,1,0,1,18,10,1,29,2,11,10.2,6,3,1,3,1,1
0,1,0,1,0,0,0,1,8,7,1,16,1,8,5.300000000000001,0,4,3,0,2,4
0,0,1,0,1,1,0,1,12,5,1,18,2,6,6.550000000000001,1,3,2,2,3,3
0,0,1,0,1,1,1,1,9,9,1,19,2,9,6.35,4,1,1,4,1,0
0,1,1,1,0,0,1,1,18,7,2,27,1,7,9.5,1,3,0,0,1,2
0,1,0,1,0,1,1,1,11,9,1,21,2,9,7.15,1,3,2,1,3,4
1,0,1,1,0,1,0,1,13,10,2,25,2,11,8.4,4,2,2,0,3,0
1,0,0,1,1,0,0,1,14,3,1,18,1,4,6.700000000000001,0,0,2,2,3,1
1,0,0,0,1,0,1,1,19,4,1,24,1,4,8.950000000000001,5,3,1,1,3,0
0,0,0,0,0,0,1,1,14,13,0,27,1,13,9.000000000000002,6,1,0,4,3,4
0,1,0,1,1,0,1,1,13,9,1,23,1,9,7.800000000000001,3,3,0,1,3,0
1,1,0,1,0,1,0,1,8,5,2,15,2,6,5.15,5,3,2,0,1,2
0,0,0,1,1,0,1,1,13,6,0,19,1,6,6.8500000000000005,3,3,0,4,3,1
0,1,1,1,1,1,0,1,14,11,2,27,2,12,9.050000000000002,3,0,2,1,3,3
1,0,1,0,0,1,0,1,10,6,2,18,2,7,6.2,2,4,1,4,0,4
0,1,1,0,1,0,1,1,14,9,2,25,1,9,8.4,3,2,1,0,1,3
1,1,0,0,0,0,0,1,17,13,2,32,1,14,10.600000000000001,1,3,2,4,3,3
0,1,1,1,0,1,1,1,13,6,2,21,2,6,7.4,6,3,1,1,0,3
0,0,0,1,0,0,1,1,14,10,0,24,1,10,8.250000000000002,6,2,0,1,0,3
0,1,0,0,1,0,1,1,23,7,1,31,1,7,11.3,1,2,1,1,3,1
0,0,0,1,0,1,0,1,8,7,0,15,2,8,5.25,1,4,1,1,1,2
0,0,0,0,0,0,1,1,8,13,0,21,1,13,6.6000000000000005,3,3,1,4,3,1
0,0,1,1,0,0,0,1,12,10,1,23,1,11,7.650000000000001,3,4,2,4,3,3
1,0,0,0,1,0,1,1,13,13,1,27,1,13,8.799999999999999,5,3,2,2,1,0
1,1,1,0,1,0,0,1,23,14,3,40,1,15,13.450000000000001,3,2,3,4,3,4
0,0,0,1,1,0,0,1,10,6,0,16,1,7,5.65,6,3,3,1,1,4
1,0,0,0,1,0,1,1,7,10,1,18,1,10,5.650000000000001,1,3,1,4,3,1
1,0,0,1,0,1,1,1,17,9,1,27,2,9,9.55,5,1,1,0,0,1
1,1,0,0,1,0,0,1,11,7,2,20,1,8,6.700000000000001,0,2,2,1,1,4
0,0,0,1,1,0,1,1,8,5,0,13,1,5,4.6000000000000005,1,1,0,2,3,4
0,0,0,1,1,0,0,1,19,14,0,33,1,15,11.250000000000002,2,3,0,4,1,3
1,1,0,0,0,1,1,1,15,5,2,22,2,5,7.95,2,3,3,4,0,4
1,0,0,0,0,0,0,1,15,14,1,30,1,15,9.85,5,2,0,4,0,4
0,1,1,1,0,1,0,1,7,12,2,21,2,13,6.500000000000001,2,2,0,2,0,2
0,1,0,1,1,1,0,1,17,10,1,28,2,11,9.8,1,0,2,0,2,0
1,0,1,1,1,1,0,1,21,13,2,36,2,14,12.350000000000001,3,3,0,0,1,2
0,0,0,0,1,1,0,1,21,12,0,33,2,13,11.700000000000001,0,1,1,4,1,2
0,1,1,0,0,0,1,1,8,5,2,15,1,5,5.000000000000001,6,3,0,2,0,4
1,1,1,0,0,0,0,1,12,6,3,21,1,7,7.050000000000001,2,1,0,4,1,4
0,0,1,0,0,1,1,1,4,6,1,11,2,6,3.6,5,2,3,2,3,1
1,0,0,0,1,1,0,1,8,6,1,15,2,7,5.2,6,0,1,1,3,3
0,0,0,1,0,0,1,1,15,6,0,21,1,6,7.65,4,1,2,4,2,4
1,0,1,0,1,1,1,1,18,10,2,30,2,10,10.4,0,3,1,1,3,4
0,1,1,1,0,0,1,1,15,11,2,28,1,11,9.3,5,2,1,4,3,0
0,0,0,0,0,1,1,1,16,3,0,19,2,3,7.45,6,3,1,2,3,1
1,0,0,1,0,0,0,1,13,12,1,26,1,13,8.549999999999999,3,2,2,3,0,0
0,0,0,0,1,0,0,1,9,5,0,14,1,6,5.0,2,2,0,0,3,2
0,0,1,0,1,1,0,1,17,15,1,33,2,16,11.05,6,4,1,1,0,2
1,0,0,1,0,1,0,1,13,9,1,23,2,10,7.95,0,3,1,4,2,0
1,0,0,1,0,1,1,1,14,7,1,22,2,7,7.8500000000000005,5,2,1,3,0,4
0,0,1,1,1,1,1,1,12,12,1,25,2,12,8.3,2,3,1,0,3,3
1,0,1,0,1,0,0,1,15,9,2,26,1,10,8.8,6,1,2,3,3,4
0,1,0,0,0,1,1,1,19,10,1,30,2,10,10.600000000000001,0,3,2,1,3,0
0,0,0,1,0,1,1,1,8,8,0,16,2,8,5.5,2,3,3,1,0,1
1,1,1,1,0,0,1,1,9,11,3,23,1,11,7.1,2,3,2,4,1,0
0,0,1,0,0,1,0,1,14,10,1,25,2,11,8.600000000000001,1,0,2,0,0,0
1,1,0,0,0,1,0,1,15,9,2,26,2,10,8.950000000000001,3,1,3,1,2,2
1,0,0,0,1,1,1,1,21,5,1,27,2,5,10.15,5,0,3,4,0,1
0,0,0,1,1,0,0,1,11,10,0,21,1,11,7.050000000000001,0,0,0,0,3,1
0,0,1,1,0,0,0,1,14,9,1,24,1,10,8.200000000000001,2,4,0,4,2,4
1,0,0,0,0,0,1,1,11,12,1,24,1,12,7.750000000000001,5,3,0,4,2,0
1,0,1,1,0,0,0,1,10,10,2,22,1,11,7.050000000000001,1,3,1,0,0,0
0,1,1,1,0,0,0,1,18,10,2,30,1,11,10.25,0,3,0,0,3,1
1,0,1,1,1,0,0,1,19,7,2,28,1,8,9.900000000000002,5,2,1,3,1,3
0,0,1,0,1,1,1,1,20,6,1,27,2,6,10.0,3,4,3,0,0,0
0,0,1,1,1,1,1,1,14,9,1,24,2,9,8.350000000000001,3,3,2,0,1,0
0,1,0,0,1,0,0,1,13,11,1,25,1,12,8.3,3,2,0,0,2,4
0,1,0,0,1,0,1,1,14,9,1,24,1,9,8.200000000000001,1,3,1,4,3,2
1,1,1,0,1,1,1,1,14,8,3,25,2,8,8.500000000000002,2,2,1,1,1,1
1,1,0,0,1,1,0,1,18,6,2,26,2,7,9.4,4,1,2,0,3,0
0,0,1,1,1,0,1,1,13,7,1,21,1,7,7.300000000000001,5,2,2,1,3,1
0,1,0,0,0,1,0,1,12,6,1,19,2,7,6.800000000000001,6,2,3,3,3,3
0,1,1,0,1,1,1,1,15,6,2,23,2,6,8.200000000000001,3,2,0,4,3,4
1,0,0,0,1,0,1,1,8,10,1,19,1,10,6.050000000000001,1,2,3,4,3,0
0,1,0,1,1,1,0,1,12,8,1,21,2,9,7.300000000000001,0,4,1,4,0,1
1,0,1,1,0,1,0,1,13,10,2,25,2,11,8.4,0,3,3,4,3,2
1,1,0,0,1,1,0,1,10,11,2,23,2,12,7.45,1,3,1,3,1,1
0,1,1,1,1,1,1,1,16,13,2,31,2,13,10.350000000000001,0,1,2,0,0,3
1,0,1,1,0,0,0,1,13,13,2,28,1,14,9.0,1,3,3,1,3,0
1,1,1,1,1,1,1,1,14,5,3,22,2,5,7.750000000000001,2,2,1,4,3,0
1,0,0,0,1,1,1,1,16,6,1,23,2,6,8.4,1,3,1,0,3,3
1,0,1,1,1,0,1,1,17,10,2,29,1,10,9.850000000000001,6,1,3,1,3,3
1,1,0,0,1,1,0,1,18,10,2,30,2,11,10.4,5,2,1,0,2,4
0,1,1,0,0,0,1,1,5,14,2,21,1,14,6.050000000000001,2,1,2,4,3,0
0,1,1,0,1,0,0,1,13,13,2,28,1,14,9.0,3,2,1,2,3,3
0,0,0,1,1,0,1,1,14,11,0,25,1,11,8.500000000000002,2,1,1,2,0,0
0,0,0,1,1,0,0,1,17,12,0,29,1,13,9.950000000000001,3,3,0,0,3,0
0,0,0,0,0,0,0,1,15,11,0,26,1,12,8.9,2,3,2,2,0,4
1,0,0,0,1,0,0,1,8,12,1,21,1,13,6.550000000000001,3,3,2,1,0,3
1,0,0,0,1,1,0,1,11,6,1,18,2,7,6.4,2,2,3,2,3,0
1,1,0,1,1,0,0,1,15,6,2,23,1,7,8.05,0,0,1,0,0,4
1,1,0,0,1,0,0,1,10,10,2,22,1,11,7.050000000000001,3,0,0,1,0,0
0,0,1,0,1,1,0,1,9,10,1,20,2,11,6.6,5,1,1,1,3,4
1,1,1,1,0,0,1,1,9,10,3,22,1,10,6.85,0,3,2,2,2,0
0,0,1,1,0,0,0,1,18,13,1,32,1,14,10.799999999999999,2,2,1,4,1,1
1,1,0,0,0,1,1,1,15,7,2,24,2,7,8.450000000000001,3,2,2,0,3,4
1,0,0,1,0,1,1,1,15,9,1,25,2,9,8.75,5,2,2,1,3,0
1,1,1,1,1,1,1,1,5,10,3,18,2,10,5.3999999999999995,5,1,3,4,2,2
0,0,1,0,0,0,0,1,7,10,1,18,1,11,5.650000000000001,1,1,0,4,0,0
0,1,0,1,1,0,1,1,7,10,1,18,1,10,5.650000000000001,5,0,3,4,2,0
1,0,1,1,0,0,1,1,12,8,2,22,1,8,7.350000000000001,6,3,1,1,2,0
0,0,1,1,1,0,0,1,15,8,1,24,1,9,8.35,2,4,2,4,3,4
1,1,0,1,0,1,0,1,14,11,2,27,2,12,9.050000000000002,0,0,0,4,0,3
0,1,0,0,0,0,0,1,14,9,1,24,1,10,8.200000000000001,5,2,1,4,2,1
1,0,1,0,0,0,0,1,18,9,2,29,1,10,10.0,3,3,3,2,2,0
0,0,1,0,0,1,0,1,18,8,1,27,2,9,9.7,1,3,2,4,3,0
1,0,0,1,1,0,0,1,13,9,1,23,1,10,7.800000000000001,0,4,0,4,3,4
0,1,1,0,0,1,0,1,15,8,2,25,2,9,8.700000000000001,3,0,3,0,3,4
0,1,1,1,0,1,0,1,7,6,2,15,2,7,5.000000000000001,0,3,3,4,1,1
0,0,1,0,1,1,1,1,15,12,1,28,2,12,9.5,5,0,1,1,3,0
1,0,0,0,1,1,1,1,11,5,1,17,2,5,6.15,2,3,1,1,3,4
1,1,0,0,1,0,1,1,13,8,2,23,1,8,7.750000000000001,5,3,3,3,0,0
1,0,0,0,0,0,1,1,15,3,1,19,1,3,7.1000000000000005,1,3,1,1,3,3
1,1,0,1,1,0,0,1,15,7,2,24,1,8,8.3,4,2,0,1,3,0
0,1,1,1,1,0,0,1,16,11,2,29,1,12,9.700000000000001,3,3,1,4,0,4
1,1,1,0,1,1,1,1,15,8,3,26,2,8,8.9,3,3,0,1,0,0
0,1,0,0,0,1,1,1,19,8,1,28,2,8,10.100000000000001,0,0,0,1,0,4
1,1,1,0,0,1,1,1,11,7,3,21,2,7,7.05,3,0,2,1,0,3
0,0,0,1,0,1,0,1,16,9,0,25,2,10,8.950000000000001,5,2,2,2,2,1
0,0,1,1,0,1,0,1,5,10,1,16,2,11,5.0,1,2,0,4,3,1
0,0,1,0,0,0,1,1,12,13,1,26,1,13,8.4,5,4,3,1,3,0
0,1,0,1,1,1,1,1,18,6,1,25,2,6,9.2,6,3,0,4,1,3
0,1,0,0,0,1,0,1,11,9,1,21,2,10,7.15,3,3,1,2,2,3
1,0,1,1,1,0,1,1,21,10,2,33,1,10,11.450000000000001,1,3,1,4,3,2
1,1,0,1,1,0,0,1,16,12,2,30,1,13,9.950000000000001,1,2,0,4,1,1
0,1,0,0,0,0,1,1,22,8,1,31,1,8,11.15,5,4,2,3,2,2
1,1,0,1,1,0,0,1,16,12,2,30,1,13,9.950000000000001,5,3,1,1,3,2
1,1,0,0,0,0,1,1,22,9,2,33,1,9,11.600000000000001,1,1,0,3,3,3
0,0,1,1,1,0,0,1,3,6,1,10,1,7,3.0500000000000003,1,0,2,4,1,4
1,0,1,1,0,0,0,1,16,4,2,22,1,5,7.950000000000001,4,3,1,4,1,3
0,0,1,0,1,0,0,1,16,5,1,22,1,6,8.0,1,3,2,4,3,4
1,1,1,0,1,1,1,1,14,10,3,27,2,10,9.000000000000002,0,3,3,0,1,4
1,0,1,0,1,0,1,1,16,9,2,27,1,9,9.200000000000001,1,3,2,0,3,0
0,1,1,0,0,0,1,1,8,13,2,23,1,13,7.000000000000001,0,2,1,2,0,0
0,0,1,0,1,0,0,1,13,14,1,28,1,15,9.049999999999999,3,2,2,4,3,1
1,1,0,1,1,1,1,1,8,7,2,17,2,7,5.65,0,0,0,2,3,0
0,0,0,0,0,1,0,1,11,15,0,26,2,16,8.450000000000001,6,2,2,0,2,3
1,1,0,0,0,0,1,1,9,7,2,18,1,7,5.9,6,4,1,1,2,0
0,1,1,1,1,0,0,1,21,13,2,36,1,14,12.200000000000001,1,3,2,4,1,1
1,0,0,1,1,1,0,1,14,5,1,20,2,6,7.3500000000000005,0,2,1,0,3,3
0,0,0,1,1,0,1,1,13,14,0,27,1,14,8.85,3,3,0,1,3,1
0,1,0,1,0,0,1,1,9,4,1,14,1,4,4.95,1,1,2,3,3,3
1,1,0,1,1,1,0,1,13,12,2,27,2,13,8.9,1,0,0,4,3,1
1,0,0,0,0,0,0,1,10,13,1,24,1,14,7.6000000000000005,3,0,0,1,3,0
1,0,0,0,1,0,0,1,9,14,1,24,1,15,7.45,5,2,3,2,3,3
0,0,1,0,0,0,1,1,7,7,1,15,1,7,4.900000000000001,3,3,3,4,2,4
0,0,0,1,0,1,1,1,12,12,0,24,2,12,8.100000000000001,6,2,2,2,1,3
0,0,0,0,0,0,0,1,5,9,0,14,1,10,4.4,0,3,1,3,3,3
1,1,1,1,0,1,1,1,7,13,3,23,2,13,6.95,6,3,1,4,0,2
1,1,0,1,1,1,1,1,10,6,2,18,2,6,6.2,1,2,3,4,3,0
1,0,0,0,0,1,0,1,14,7,1,22,2,8,7.8500000000000005,0,4,3,1,1,2
1,1,0,0,1,0,1,1,15,9,2,26,1,9,8.8,0,3,2,4,3,1
1,1,0,0,0,0,1,1,14,8,2,24,1,8,8.15,1,1,2,1,0,3
0,1,0,1,1,0,0,1,16,9,1,26,1,10,9.0,0,4,3,4,3,1
0,0,1,1,1,1,0,1,13,10,1,24,2,11,8.200000000000001,5,4,3,2,3,3
1,1,1,0,1,0,1,1,13,8,3,24,1,8,7.950000000000001,1,3,0,0,1,1
0,1,0,0,1,0,1,1,19,12,1,32,1,12,10.950000000000001,5,4,2,4,0,0
1,0,0,0,1,0,1,1,12,11,1,24,1,11,7.900000000000001,3,3,2,4,0,2
1,0,1,1,1,0,0,1,15,8,2,25,1,9,8.55,3,2,3,3,0,0
0,1,0,1,0,0,0,1,18,6,1,25,1,7,9.049999999999999,5,4,2,2,2,2
0,0,1,0,0,0,0,1,16,13,1,30,1,14,10.0,3,0,1,1,2,4
1,1,0,0,0,0,1,1,12,4,2,18,1,4,6.350000000000001,6,4,0,4,3,2
0,1,0,0,0,0,1,1,22,7,1,30,1,7,10.9,6,2,1,1,3,1
0,0,0,0,1,1,0,1,20,12,0,32,2,13,11.3,5,4,1,1,3,0
1,0,0,1,0,1,1,1,6,9,1,16,2,9,5.15,0,0,0,0,3,4
1,1,1,1,0,1,0,1,15,8,3,26,2,9,8.9,1,1,0,0,3,1
0,1,0,0,1,0,0,1,13,9,1,23,1,10,7.800000000000001,2,1,0,4,1,4
0,1,0,0,0,1,1,1,5,7,1,13,2,7,4.25,6,4,0,4,3,1
0,0,0,0,1,0,0,1,15,12,0,27,1,13,9.15,0,2,1,4,3,1
1,1,0,1,0,1,0,1,12,7,2,21,2,8,7.250000000000001,2,3,2,0,3,4
1,0,0,0,1,1,1,1,13,12,1,26,2,12,8.7,2,3,1,1,3,4
1,1,1,1,1,1,0,1,12,6,3,21,2,7,7.2,3,2,2,1,3,4
1,0,1,0,1,1,1,1,13,10,2,25,2,10,8.4,3,3,2,1,3,0
0,1,0,0,1,1,1,1,14,10,1,25,2,10,8.600000000000001,1,2,1,0,3,0
0,0,1,1,0,0,1,1,17,13,1,31,1,13,10.4,0,2,1,0,1,1
1,1,1,1,0,0,0,1,18,7,3,28,1,8,9.7,0,3,3,0,2,3
0,0,1,0,1,0,0,1,11,7,1,19,1,8,6.500000000000001,4,0,2,1,3,3
1,0,1,0,0,1,0,1,12,12,2,26,2,13,8.500000000000002,0,3,1,2,3,0
0,0,0,0,1,1,0,1,15,13,0,28,2,14,9.55,3,2,0,1,3,0
0,1,0,0,0,1,0,1,18,10,1,29,2,11,10.2,2,3,2,1,1,0
1,0,1,1,0,1,0,1,13,10,2,25,2,11,8.4,6,3,0,0,2,4
0,1,0,0,0,1,0,1,8,11,1,20,2,12,6.45,3,3,1,4,3,3
1,0,0,1,0,0,1,1,16,9,1,26,1,9,9.0,6,0,3,1,0,4
0,1,0,0,1,1,1,1,14,7,1,22,2,7,7.8500000000000005,5,1,1,0,0,4
1,1,0,1,0,1,1,1,19,4,2,25,2,4,9.300000000000002,0,4,3,1,0,1
1,0,0,0,0,0,0,1,11,5,1,17,1,6,6.000000000000001,4,4,3,0,0,1
1,0,0,0,0,1,0,1,13,9,1,23,2,10,7.95,3,3,2,3,3,2
0,0,0,0,1,1,0,1,15,12,0,27,2,13,9.3,6,3,1,4,0,2
1,0,1,0,1,1,1,1,7,7,2,16,2,7,5.250000000000001,6,3,3,1,2,1
1,1,1,0,0,1,0,1,15,12,3,30,2,13,9.9,0,3,1,4,2,2
1,0,1,0,0,0,1,1,11,9,2,22,1,9,7.200000000000001,0,2,2,1,3,4
0,1,1,1,0,1,1,1,15,10,2,27,2,10,9.200000000000001,1,3,3,4,0,4
1,0,0,1,1,1,0,1,14,13,1,28,2,14,9.350000000000001,0,3,1,0,1,2
0,1,1,1,0,1,0,1,19,5,2,26,2,6,9.550000000000002,1,4,1,1,3,0
1,1,0,0,1,1,0,1,11,7,2,20,2,8,6.8500000000000005,3,2,2,2,1,2
0,0,0,0,0,1,0,1,12,6,0,18,2,7,6.6000000000000005,2,3,0,3,3,4
1,0,1,1,0,1,0,1,10,3,2,15,2,4,5.45,1,3,2,3,3,4
1,0,0,0,0,0,1,1,10,12,1,23,1,12,7.3500000000000005,5,3,0,0,2,0
0,0,1,1,0,1,0,1,10,8,1,19,2,9,6.5,5,3,3,0,3,3
1,0,1,0,0,1,1,1,7,10,2,19,2,10,6.000000000000001,1,4,3,4,0,2
0,0,0,0,0,1,1,3,11,12,0,23,2,12,7.7,3,1,0,1,1,0
0,1,1,1,0,0,1,3,10,10,2,22,1,10,7.050000000000001,3,2,3,1,1,3
0,0,0,1,1,1,1,3,6,8,0,14,2,8,4.7,5,3,3,4,3,1
0,0,1,0,0,1,0,3,15,6,1,22,2,7,8.0,0,3,1,4,0,1
1,0,1,1,1,1,0,3,9,13,2,24,2,14,7.55,5,3,2,4,3,0
1,1,0,1,0,1,1,3,22,11,2,35,2,11,12.250000000000002,1,1,1,4,3,0
0,1,0,1,0,1,1,3,12,11,1,24,2,11,8.05,3,4,2,1,3,3
0,1,0,0,1,1,0,3,7,9,1,17,2,10,5.550000000000001,1,0,0,1,3,3
0,1,1,1,0,0,1,3,11,5,2,18,1,5,6.200000000000001,3,3,3,0,3,3
1,0,0,0,0,0,0,3,7,10,1,18,1,11,5.650000000000001,5,3,2,3,3,2
0,1,1,1,0,1,1,3,9,7,2,18,2,7,6.05,2,2,3,4,1,0
1,1,0,1,0,0,1,3,14,11,2,27,1,11,8.900000000000002,2,2,1,4,0,4
0,0,0,0,0,0,0,3,17,13,0,30,1,14,10.200000000000001,0,1,1,4,3,3
0,0,0,0,0,1,0,3,20,15,0,35,2,16,12.05,3,0,2,3,2,0
0,0,0,0,1,0,0,3,13,10,0,23,1,11,7.8500000000000005,0,0,0,1,0,4
1,0,1,0,1,1,1,3,15,6,2,23,2,6,8.200000000000001,2,2,2,4,0,4
1,0,0,0,1,1,1,3,19,7,1,27,2,7,9.850000000000001,3,2,2,3,0,0
1,0,1,1,0,1,1,3,17,10,2,29,2,10,10.000000000000002,6,2,3,2,0,2
0,1,1,0,0,0,1,3,8,9,2,19,1,9,6.000000000000001,1,3,1,4,3,3
1,1,0,0,0,1,1,3,18,11,2,31,2,11,10.65,5,2,0,3,3,3
1,0,1,0,1,1,0,3,13,10,2,25,2,11,8.4,0,0,1,0,3,1
0,0,1,1,1,0,0,3,19,7,1,27,1,8,9.700000000000001,3,0,0,4,3,0
0,0,0,0,0,1,0,3,12,9,0,21,2,10,7.3500000000000005,3,3,0,1,0,3
0,1,0,0,1,0,0,3,12,8,1,21,1,9,7.150000000000001,5,1,0,2,0,1
1,1,0,0,1,0,0,3,21,9,2,32,1,10,11.200000000000001,2,2,0,1,3,2
1,0,0,0,0,1,1,3,19,7,1,27,2,7,9.850000000000001,5,0,2,0,0,3
1,0,0,0,1,1,1,3,13,9,1,23,2,9,7.95,1,3,3,1,3,0
0,1,0,1,0,1,0,3,20,12,1,33,2,13,11.5,0,4,0,1,3,0
0,1,1,0,0,0,1,3,17,10,2,29,1,10,9.850000000000001,0,1,1,1,3,4
0,1,1,1,0,0,1,3,12,13,2,27,1,13,8.600000000000001,6,4,2,4,1,1
1,0,1,0,1,0,1,3,12,5,2,19,1,5,6.600000000000001,5,0,2,2,0,0
0,0,0,1,0,1,1,3,9,12,0,21,2,12,6.8999999999999995,3,2,1,4,3,2
1,0,1,0,1,1,1,3,19,8,2,29,2,8,10.300000000000002,0,2,0,4,3,4
0,1,0,0,0,0,0,3,16,8,1,25,1,9,8.75,3,3,1,0,0,1
1,0,1,0,1,0,0,3,11,8,2,21,1,9,6.950000000000001,3,1,2,1,3,1
0,0,1,1,0,1,1,3,10,11,1,22,2,11,7.25,5,0,2,1,2,3
0,1,0,0,0,1,1,3,15,12,1,28,2,12,9.5,1,0,0,1,0,1
0,1,0,1,0,0,1,3,17,10,1,28,1,10,9.65,1,3,0,0,3,0
1,0,0,1,1,0,1,3,13,11,1,25,1,11,8.3,5,2,0,4,0,2
1,0,0,1,0,0,0,3,15,8,1,24,1,9,8.35,3,3,3,4,0,3
1,1,1,1,0,0,1,3,9,9,3,21,1,9,6.6,0,3,3,1,0,1
1,0,1,0,1,1,1,3,16,9,2,27,2,9,9.350000000000001,3,3,1,4,3,3
0,0,0,1,0,0,1,3,12,8,0,20,1,8,6.950000000000001,1,3,2,1,2,4
0,1,1,0,0,1,1,3,19,5,2,26,2,5,9.550000000000002,1,2,0,3,1,0
1,0,1,1,1,0,1,3,11,13,2,26,1,13,8.200000000000001,5,3,3,1,2,3
1,0,1,0,1,0,1,3,14,7,2,23,1,7,7.900000000000001,1,3,0,0,0,1
0,0,0,0,1,1,1,3,7,7,0,14,2,7,4.8500000000000005,5,3,0,4,2,2
0,0,0,0,0,0,1,3,13,14,0,27,1,14,8.85,3,3,3,0,2,0
0,1,0,1,0,1,1,3,9,6,1,16,2,6,5.6,3,0,1,1,3,4
1,0,1,0,0,1,0,3,8,10,2,20,2,11,6.4,0,3,3,4,3,0
1,1,0,1,1,1,0,3,9,12,2,23,2,13,7.3,1,3,1,2,1,3
0,1,1,0,1,0,1,3,15,6,2,23,1,6,8.05,0,2,3,1,3,0
1,1,0,1,1,1,0,3,8,13,2,23,2,14,7.15,6,4,0,1,2,4
1,0,0,0,1,0,1,3,22,4,1,27,1,4,10.15,5,2,1,1,3,3
0,0,1,1,0,1,0,3,10,10,1,21,2,11,7.0,3,3,3,1,1,0
0,0,1,1,0,1,0,3,13,12,1,26,2,13,8.7,6,0,2,1,0,4
0,1,1,1,0,1,1,3,21,9,2,32,2,9,11.350000000000001,6,3,2,1,2,0
1,0,1,1,1,0,1,3,11,11,2,24,1,11,7.700000000000001,3,2,3,0,1,0
0,0,0,0,1,1,0,3,10,5,0,15,2,6,5.55,2,4,0,1,3,4
1,0,0,0,0,0,1,3,15,11,1,27,1,11,9.1,2,4,1,3,3,4
1,0,0,0,0,0,1,3,20,8,1,29,1,8,10.35,6,3,2,4,1,4
0,1,0,1,0,1,1,3,7,12,1,20,2,12,6.300000000000001,6,1,2,0,3,1
0,0,0,1,0,0,0,3,17,5,0,22,1,6,8.200000000000001,1,1,2,0,1,2
1,1,0,0,0,1,1,3,16,10,2,28,2,10,9.600000000000001,6,3,2,1,3,1
0,1,1,0,1,1,0,3,10,6,2,18,2,7,6.2,6,4,1,4,1,0
1,0,1,0,1,1,0,3,11,11,2,24,2,12,7.8500000000000005,3,3,1,3,2,0
1,0,0,0,1,1,1,3,22,10,1,33,2,10,11.8,0,3,3,1,3,3
1,1,0,1,1,0,1,3,16,10,2,28,1,10,9.450000000000001,0,3,3,3,3,4
0,0,1,0,0,0,0,3,7,8,1,16,1,9,5.150000000000001,3,4,2,2,3,4
1,0,0,0,0,1,1,3,15,13,1,29,2,13,9.75,3,2,2,0,0,0
1,0,0,1,0,1,0,3,12,7,1,20,2,8,7.050000000000001,5,3,3,1,3,0
0,0,1,1,1,1,1,3,17,6,1,24,2,6,8.8,1,1,0,3,0,0
0,1,0,0,0,1,0,3,14,10,1,25,2,11,8.600000000000001,1,3,1,1,3,3
0,1,1,0,0,0,0,3,12,10,2,24,1,11,7.850000000000001,5,3,1,3,1,0
1,1,1,0,0,0,0,3,16,11,3,30,1,12,9.9,6,2,1,1,0,4
0,0,0,0,0,1,0,3,4,9,0,13,2,10,4.15,1,4,3,0,0,0
1,1,1,1,0,0,0,3,10,13,3,26,1,14,8.0,1,2,2,3,3,4
0,1,0,1,1,0,0,3,13,10,1,24,1,11,8.05,5,1,3,0,3,3
1,0,0,0,1,0,1,3,11,9,1,21,1,9,7.000000000000001,6,3,0,1,0,3
1,0,1,1,1,0,0,3,15,6,2,23,1,7,8.05,5,2,2,4,3,1
1,1,0,0,1,1,0,3,14,7,2,23,2,8,8.05,6,2,2,2,1,3
1,0,0,0,1,0,0,3,19,10,1,30,1,11,10.450000000000001,0,3,0,4,3,2
1,1,1,0,1,1,0,3,13,14,3,30,2,15,9.6,1,3,2,1,1,3
1,0,1,0,1,1,0,3,17,11,2,30,2,12,10.250000000000002,6,2,3,2,3,0
0,0,1,1,1,1,0,3,15,11,1,27,2,12,9.25,3,3,3,1,3,4
1,0,0,1,0,1,0,3,10,7,1,18,2,8,6.25,4,2,3,4,3,0
1,0,1,1,1,0,1,3,11,5,2,18,1,5,6.200000000000001,3,3,1,2,3,0
1,1,0,1,1,0,1,3,14,5,2,21,1,5,7.400000000000001,1,3,0,3,0,0
0,1,1,0,0,0,0,3,12,11,2,25,1,12,8.100000000000001,0,4,1,0,3,0
1,1,0,0,0,1,0,3,15,9,2,26,2,10,8.950000000000001,0,2,0,4,3,0
0,1,0,0,0,1,1,3,19,7,1,27,2,7,9.850000000000001,1,2,3,1,3,3
0,1,0,1,1,1,0,3,17,9,1,27,2,10,9.55,2,4,1,0,3,3
0,0,1,0,1,0,0,3,22,12,1,35,1,13,12.15,1,2,0,4,1,2
1,1,0,1,0,0,1,3,12,9,2,23,1,9,7.600000000000001,6,0,1,0,3,1
1,1,1,1,0,0,0,3,5,11,3,19,1,12,5.5,3,3,1,4,2,0
0,0,0,0,1,1,0,3,21,5,0,26,2,6,9.950000000000001,1,1,3,0,0,0
0,0,1,1,1,0,0,3,13,7,1,21,1,8,7.300000000000001,6,4,3,3,1,1
0,1,1,1,0,0,0,3,11,13,2,26,1,14,8.200000000000001,1,4,1,3,3,0
0,1,1,0,0,1,1,3,16,8,2,26,2,8,9.100000000000001,1,3,1,4,3,1
0,0,1,0,0,0,0,3,7,11,1,19,1,12,5.900000000000001,1,2,2,3,3,0
0,1,0,0,1,0,0,3,4,11,1,16,1,12,4.7,2,2,2,0,3,0
1,1,0,0,0,0,1,3,8,7,2,17,1,7,5.500000000000001,3,3,0,3,0,3
1,1,0,0,1,1,1,3,13,6,2,21,2,6,7.4,3,2,3,0,2,4
0,1,1,0,1,1,0,3,7,5,2,14,2,6,4.750000000000001,2,3,0,4,3,4
1,1,0,0,1,1,1,3,12,8,2,22,2,8,7.500000000000001,6,3,2,0,2,4
0,1,0,1,1,0,0,3,17,9,1,27,1,10,9.4,5,3,0,1,1,3
1,1,1,1,1,1,0,3,10,6,3,19,2,7,6.3999999999999995,3,2,1,1,3,4
0,0,1,0,0,1,1,3,16,11,1,28,2,11,9.65,3,0,1,2,0,3
0,0,0,0,1,0,0,3,15,5,0,20,1,6,7.4,5,2,1,4,3,3
0,1,0,1,0,0,0,3,21,7,1,29,1,8,10.5,2,3,2,2,0,0
1,1,0,0,0,1,1,3,15,12,2,29,2,12,9.700000000000001,2,3,1,2,3,2
1,1,1,1,1,0,0,3,14,12,3,29,1,13,9.350000000000001,5,3,1,2,3,4
0,1,0,0,1,1,0,3,14,11,1,26,2,12,8.850000000000001,6,3,1,4,3,0
0,1,1,0,0,1,1,3,17,11,2,30,2,11,10.250000000000002,6,0,2,3,1,0
0,0,0,0,1,0,0,3,11,15,0,26,1,16,8.3,5,2,2,0,3,3
1,0,1,1,1,0,1,3,9,11,2,22,1,11,6.9,3,1,3,2,3,3
1,1,1,0,1,1,1,3,4,11,3,18,2,11,5.249999999999999,0,0,2,1,2,3
0,1,1,0,0,1,1,3,15,6,2,23,2,6,8.200000000000001,2,3,1,1,1,1
0,0,0,0,1,0,1,3,13,11,0,24,1,11,8.1,2,2,1,4,0,1
0,0,0,0,0,0,1,3,11,5,0,16,1,5,5.800000000000001,0,4,2,4,0,0
0,1,1,1,0,0,0,3,17,11,2,30,1,12,10.100000000000001,1,1,3,1,3,4
1,0,0,1,0,1,0,3,16,7,1,24,2,8,8.65,6,3,3,4,1,0
0,0,0,1,1,1,1,3,14,12,0,26,2,12,8.900000000000002,3,2,1,0,2,2
0,1,0,1,0,1,0,3,10,9,1,20,2,10,6.75,0,4,2,2,1,0
0,1,1,0,1,1,1,3,14,6,2,22,2,6,7.800000000000001,5,2,3,0,3,2
1,1,1,0,0,1,0,3,12,7,3,22,2,8,7.45,6,0,3,1,0,1
1,0,0,1,1,1,0,3,17,8,1,26,2,9,9.3,5,3,0,4,2,0
1,0,1,0,0,0,1,3,16,9,2,27,1,9,9.200000000000001,5,3,3,2,1,0
0,0,1,1,1,1,0,3,11,14,1,26,2,15,8.4,0,3,0,1,3,0
0,0,1,0,0,1,0,3,11,5,1,17,2,6,6.15,5,3,1,4,3,2
1,0,0,0,0,1,0,3,9,6,1,16,2,7,5.6,1,1,0,1,3,0
0,0,0,1,1,0,1,3,6,12,0,18,1,12,5.550000000000001,3,3,3,4,3,0
1,1,0,0,0,1,0,3,19,8,2,29,2,9,10.300000000000002,1,2,3,4,3,0
0,0,0,0,1,1,0,3,15,9,0,24,2,10,8.55,0,3,1,4,3,0
1,0,1,0,0,0,0,3,10,14,2,26,1,15,8.05,0,3,1,0,3,4
1,1,1,1,0,1,0,3,16,6,3,25,2,7,8.8,3,2,2,0,3,3
1,1,1,1,1,1,0,3,13,13,3,29,2,14,9.35,1,2,3,0,2,3
1,1,1,0,1,1,0,3,12,7,3,22,2,8,7.45,1,1,0,4,3,3
0,1,0,1,0,0,0,3,6,10,1,17,1,11,5.250000000000001,1,3,0,4,3,4
1,0,0,1,1,1,0,3,9,13,1,23,2,14,7.35,0,3,0,4,3,1
0,1,1,1,1,0,1,3,11,13,2,26,1,13,8.200000000000001,1,3,2,0,2,3
0,1,0,1,1,0,0,3,18,6,1,25,1,7,9.049999999999999,1,2,1,1,2,3
0,1,1,1,0,0,0,3,17,6,2,25,1,7,8.850000000000001,6,0,2,1,3,3
0,1,0,1,1,1,0,3,12,8,1,21,2,9,7.300000000000001,3,3,3,1,3,1
0,1,0,1,1,0,0,3,15,5,1,21,1,6,7.6000000000000005,2,4,2,4,3,4
0,1,0,0,1,0,0,3,15,10,1,26,1,11,8.85,3,3,2,2,3,4
1,1,1,1,1,0,0,3,9,11,3,23,1,12,7.1,6,0,1,4,1,1
1,0,1,0,1,1,1,3,3,5,2,10,2,5,3.15,6,3,2,1,3,4
1,1,1,0,1,1,1,3,15,6,3,24,2,6,8.4,5,1,3,2,1,0
0,1,0,0,0,1,0,3,10,10,1,21,2,11,7.0,2,2,3,4,1,0
1,1,1,1,1,1,1,3,14,8,3,25,2,8,8.500000000000002,2,3,1,1,0,3
1,0,1,0,1,0,0,3,12,11,2,25,1,12,8.100000000000001,1,2,1,2,2,4
0,0,0,1,1,1,0,3,16,5,0,21,2,6,7.95,0,0,0,3,3,0
1,0,1,1,1,1,1,3,7,6,2,15,2,6,5.000000000000001,1,4,0,4,0,0
1,1,1,0,0,0,1,3,11,7,3,21,1,7,6.9,4,3,0,1,1,4
1,1,1,1,1,1,0,3,21,13,3,37,2,14,12.55,5,2,1,4,2,0
0,0,0,0,0,0,1,3,16,8,0,24,1,8,8.55,1,3,0,0,2,3
1,0,1,1,1,0,1,3,21,9,2,32,1,9,11.200000000000001,3,3,2,1,1,0
0,0,0,0,0,1,0,3,15,11,0,26,2,12,9.05,0,3,3,1,1,3
0,0,1,0,1,0,1,3,8,7,1,16,1,7,5.300000000000001,3,3,0,1,2,4
0,1,0,0,0,1,0,3,14,13,1,28,2,14,9.350000000000001,0,1,2,3,1,3
0,0,0,0,0,0,0,3,19,14,0,33,1,15,11.250000000000002,0,1,1,0,0,0
0,0,1,0,1,1,1,3,14,13,1,28,2,13,9.350000000000001,0,2,3,1,0,4
1,1,0,0,0,1,1,3,9,11,2,22,2,11,7.05,2,3,3,2,2,3
0,0,0,1,1,0,0,3,13,5,0,18,1,6,6.6000000000000005,1,3,0,0,0,1
0,0,0,1,1,0,1,3,8,8,0,16,1,8,5.3500000000000005,4,0,0,4,3,1
1,0,0,0,1,0,0,3,11,9,1,21,1,10,7.000000000000001,3,3,0,2,3,2
0,0,1,1,1,1,0,3,8,13,1,22,2,14,6.95,3,1,1,1,0,4
1,1,0,1,0,0,1,3,12,13,2,27,1,13,8.600000000000001,6,3,0,4,3,3
0,0,0,1,1,1,0,3,14,4,0,18,2,5,6.9,3,3,0,0,0,4
1,1,0,0,1,0,0,3,15,5,2,22,1,6,7.800000000000001,3,2,2,4,3,1
1,0,0,1,0,0,0,3,11,8,1,20,1,9,6.750000000000001,2,4,1,4,3,0
0,1,0,0,0,1,0,3,11,11,1,23,2,12,7.65,0,3,2,0,1,1
1,1,0,1,0,0,1,3,14,12,2,28,1,12,9.150000000000002,3,3,2,1,3,1
0,0,0,1,0,0,1,3,9,8,0,17,1,8,5.75,5,3,2,0,2,1
0,1,1,1,1,0,0,3,12,10,2,24,1,11,7.850000000000001,0,0,3,4,1,0
0,0,0,1,0,0,0,3,19,9,0,28,1,10,10.000000000000002,2,3,0,0,2,3
1,1,1,0,1,0,1,3,21,8,3,32,1,8,11.15,2,3,1,4,3,3
0,1,1,0,0,1,1,3,18,7,2,27,2,7,9.65,0,3,0,1,3,0
0,0,0,0,1,0,1,3,3,10,0,13,1,10,3.85,3,2,1,1,1,3
0,1,1,0,1,0,1,3,16,7,2,25,1,7,8.700000000000001,2,2,2,0,3,1
0,1,0,1,0,0,0,3,17,14,1,32,1,15,10.65,6,3,3,1,3,1
1,1,1,0,1,0,0,3,12,8,3,23,1,9,7.550000000000001,2,3,3,2,3,0
0,1,0,1,1,1,0,3,14,6,1,21,2,7,7.6000000000000005,1,3,3,4,3,3
1,0,1,1,0,0,1,3,5,6,2,13,1,6,4.05,3,0,2,0,3,0
1,1,0,1,1,1,1,3,13,9,2,24,2,9,8.15,6,0,0,1,3,3
0,0,1,1,0,0,0,3,15,10,1,26,1,11,8.85,5,3,0,4,3,4
0,0,0,1,1,0,1,3,12,4,0,16,1,4,5.950000000000001,1,3,2,0,0,1
0,0,1,0,0,0,1,3,15,10,1,26,1,10,8.85,3,1,3,0,2,4
0,1,0,0,1,0,1,3,17,11,1,29,1,11,9.9,2,0,1,4,1,3
0,1,1,1,0,0,0,3,18,12,2,32,1,13,10.75,5,3,0,4,3,0
1,0,0,1,0,0,1,3,13,9,1,23,1,9,7.800000000000001,0,3,3,1,1,0
0,1,1,1,1,1,1,3,17,10,2,29,2,10,10.000000000000002,0,0,0,0,3,0
0,1,0,1,0,1,0,3,15,4,1,20,2,5,7.5,0,3,0,2,0,2
1,1,0,0,1,1,0,3,15,13,2,30,2,14,9.950000000000001,6,3,3,1,3,0
1,1,0,0,1,1,0,3,15,8,2,25,2,9,8.700000000000001,1,2,1,0,0,3
0,0,1,1,1,1,0,3,9,9,1,19,2,10,6.35,2,3,2,4,3,0
0,0,1,0,0,0,1,3,15,14,1,30,1,14,9.85,1,1,3,3,0,1
0,0,1,1,0,0,1,3,14,10,1,25,1,10,8.450000000000001,5,1,1,1,1,0
1,0,0,0,1,0,1,3,13,8,1,22,1,8,7.550000000000001,5,3,2,1,3,4
1,0,1,0,0,1,0,3,7,3,2,12,2,4,4.25,3,3,1,4,3,0
0,0,1,0,1,1,1,3,14,4,1,19,2,4,7.1000000000000005,2,2,0,0,0,2
0,1,0,0,1,0,1,3,14,6,1,21,1,6,7.450000000000001,0,4,1,4,2,0
0,1,1,0,0,0,0,3,15,8,2,25,1,9,8.55,2,2,0,4,3,2
0,0,1,0,0,1,0,3,11,6,1,18,2,7,6.4,1,3,3,0,3,4
0,0,0,0,0,1,0,3,10,11,0,21,2,12,7.05,5,3,0,2,3,3
1,0,1,1,0,0,0,3,12,13,2,27,1,14,8.600000000000001,5,3,2,0,3,3
1,0,0,0,0,1,1,3,17,11,1,29,2,11,10.05,1,2,3,4,1,0
0,1,1,1,1,1,0,3,24,6,2,32,2,7,11.800000000000002,0,3,0,4,3,1
1,0,0,1,0,0,0,3,15,12,1,28,1,13,9.35,1,1,3,4,1,0
1,1,0,0,0,0,1,3,14,8,2,24,1,8,8.15,1,1,0,1,2,2
1,0,1,1,0,0,1,3,7,7,2,16,1,7,5.100000000000001,1,3,3,0,3,0
0,0,0,0,1,1,0,3,18,6,0,24,2,7,9.0,1,1,2,1,0,4
1,0,1,0,1,1,1,3,12,6,2,20,2,6,7.000000000000001,6,2,3,0,0,0
0,0,1,1,0,1,0,3,16,5,1,22,2,6,8.15,6,1,0,0,3,2
1,0,0,1,0,1,0,3,24,10,1,35,2,11,12.600000000000001,5,2,3,4,2,0
1,0,0,0,1,0,0,3,13,12,1,26,1,13,8.549999999999999,2,1,0,1,3,0
1,0,1,1,0,1,1,3,19,11,2,32,2,11,11.050000000000002,0,2,2,4,3,1
1,0,1,1,1,0,0,3,13,13,2,28,1,14,9.0,6,3,3,3,3,4
0,1,1,0,1,0,0,3,11,10,2,23,1,11,7.450000000000001,1,0,3,1,3,1
0,1,0,0,0,1,1,3,14,12,1,27,2,12,9.100000000000001,0,3,1,1,1,1
0,1,1,1,1,1,1,3,9,11,2,22,2,11,7.05,5,4,2,1,3,0
0,1,0,1,1,1,0,3,6,11,1,18,2,12,5.65,2,1,3,4,1,4
0,0,0,1,0,1,0,3,15,11,0,26,2,12,9.05,5,2,3,0,3,1
1,1,0,1,0,1,1,3,17,7,2,26,2,7,9.250000000000002,3,2,0,3,3,3
1,0,1,0,0,1,0,3,21,8,2,31,2,9,11.100000000000001,0,0,2,1,3,3
0,1,0,1,1,1,0,3,14,10,1,25,2,11,8.600000000000001,1,3,3,4,3,3
1,1,0,1,0,0,0,3,9,8,2,19,1,9,6.15,6,0,1,4,3,1
1,1,1,1,0,0,1,3,4,7,3,14,1,7,4.1000000000000005,1,2,1,0,3,4
1,1,0,0,1,0,0,3,8,7,2,17,1,8,5.500000000000001,1,3,0,4,3,0
0,0,1,1,1,0,1,3,13,11,1,25,1,11,8.3,1,1,2,1,1,3
1,0,1,1,1,1,0,3,14,7,2,23,2,8,8.05,1,3,2,4,2,1
0,0,0,0,1,0,1,3,13,14,0,27,1,14,8.85,5,2,3,4,1,0
0,0,0,1,0,1,0,3,10,5,0,15,2,6,5.55,6,0,1,1,3,1
0,1,1,1,1,0,0,3,15,7,2,24,1,8,8.3,1,4,1,4,1,4
1,1,1,1,1,1,0,3,10,9,3,22,2,10,7.1499999999999995,1,3,0,1,3,4
1,0,0,1,0,0,1,3,5,6,1,12,1,6,3.85,3,3,3,1,3,1
1,1,0,0,1,1,0,3,9,8,2,19,2,9,6.3,3,3,1,4,0,0
1,0,0,0,1,1,1,3,13,9,1,23,2,9,7.95,5,1,1,1,3,3
1,1,1,1,1,1,1,3,12,15,3,30,2,15,9.450000000000001,5,3,0,2,0,1
1,0,0,0,0,1,1,3,15,5,1,21,2,5,7.75,5,3,3,0,1,0
0,0,1,0,0,1,1,3,13,8,1,22,2,8,7.7,0,2,2,0,3,0
1,0,0,0,0,0,0,3,11,7,1,19,1,8,6.500000000000001,6,3,1,3,3,2
0,1,0,0,1,1,1,3,12,9,1,22,2,9,7.550000000000001,6,2,3,1,3,2
1,0,0,1,1,0,0,3,8,6,1,15,1,7,5.050000000000001,5,0,2,2,3,4
1,1,1,0,0,0,0,3,13,7,3,23,1,8,7.700000000000001,5,2,0,4,3,2
1,0,1,1,0,1,1,3,16,13,2,31,2,13,10.350000000000001,2,2,0,1,2,4
0,0,1,0,1,0,0,3,17,9,1,27,1,10,9.4,2,4,3,1,3,4
1,1,0,0,0,0,1,3,14,14,2,30,1,14,9.650000000000002,3,3,2,0,3,2
0,0,1,0,0,1,1,3,8,7,1,16,2,7,5.45,3,3,0,1,1,4
0,1,1,0,0,0,0,3,15,10,2,27,1,11,9.05,1,0,3,1,3,0
1,1,0,1,0,0,1,3,13,14,2,29,1,14,9.25,2,0,2,1,0,3
1,1,0,0,1,1,1,3,12,11,2,25,2,11,8.250000000000002,0,3,1,2,3,0
1,0,0,1,0,0,1,3,19,12,1,32,1,12,10.950000000000001,6,3,0,2,3,0
0,1,0,1,0,0,1,3,23,12,1,36,1,12,12.55,0,2,1,1,3,0
0,1,0,0,1,0,1,3,20,11,1,32,1,11,11.1,0,3,1,4,3,4
0,0,1,0,0,0,0,3,6,12,1,19,1,13,5.750000000000001,0,2,2,1,3,1
1,0,1,1,1,0,1,3,14,6,2,22,1,6,7.650000000000001,5,2,0,3,0,4
1,1,0,0,1,0,1,3,11,7,2,20,1,7,6.700000000000001,3,3,3,1,2,1
1,0,1,0,1,0,1,3,12,14,2,28,1,14,8.850000000000001,1,3,2,4,1,4
0,0,1,1,1,1,1,3,14,7,1,22,2,7,7.8500000000000005,1,4,3,0,3,1
1,1,0,1,1,0,1,3,14,10,2,26,1,10,8.650000000000002,3,3,2,1,3,0
0,1,0,0,0,0,0,3,13,6,1,20,1,7,7.050000000000001,5,2,1,4,3,0
0,0,0,0,1,0,1,3,10,11,0,21,1,11,6.9,3,3,0,4,0,2
1,0,1,1,1,1,1,3,15,7,2,24,2,7,8.450000000000001,5,3,2,2,0,1
1,1,1,1,0,0,0,3,17,6,3,26,1,7,9.05,1,3,2,3,2,0
1,1,1,0,0,0,1,3,7,10,3,20,1,10,6.050000000000001,6,0,3,1,1,3
1,1,0,0,0,1,1,3,15,10,2,27,2,10,9.200000000000001,2,2,3,0,2,0
0,1,0,1,0,1,1,3,13,8,1,22,2,8,7.7,0,3,0,0,3,0
1,0,0,0,1,1,0,3,5,11,1,17,2,12,5.25,6,0,3,2,2,0
1,1,0,0,1,0,1,3,17,13,2,32,1,13,10.600000000000001,4,4,0,1,1,4
1,0,1,0,0,1,1,3,18,9,2,29,2,9,10.15,1,3,0,2,3,3
0,1,0,0,1,0,0,3,13,13,1,27,1,14,8.799999999999999,1,3,3,4,2,3
1,1,1,1,0,1,0,3,14,5,3,22,2,6,7.750000000000001,0,0,1,0,3,1
1,1,0,0,1,0,1,3,15,3,2,20,1,3,7.300000000000001,6,3,2,0,3,2
1,1,1,1,1,1,1,3,20,6,3,29,2,6,10.4,3,2,1,1,1,0
1,1,0,1,1,0,0,3,8,13,2,23,1,14,7.000000000000001,3,3,3,0,1,2
0,0,1,0,1,0,0,3,11,13,1,25,1,14,8.0,1,4,2,3,1,4
1,0,1,0,1,0,1,3,11,10,2,23,1,10,7.450000000000001,1,3,0,3,0,3
1,0,1,1,1,0,1,3,10,5,2,17,1,5,5.800000000000001,2,3,1,1,3,1
0,1,0,1,0,1,0,3,11,10,1,22,2,11,7.4,5,0,1,1,3,3
1,1,1,1,1,0,1,3,6,12,3,21,1,12,6.15,0,2,3,1,1,4
0,0,0,1,1,0,1,3,13,12,0,25,1,12,8.35,6,2,2,3,3,0
0,1,0,0,1,1,0,3,8,14,1,23,2,15,7.2,1,3,3,4,1,4
1,1,0,0,1,0,1,3,13,6,2,21,1,6,7.250000000000001,4,3,2,0,0,0
0,0,0,0,1,0,1,3,8,8,0,16,1,8,5.3500000000000005,1,4,2,2,3,4
1,1,0,1,1,1,1,3,9,7,2,18,2,7,6.05,1,2,0,0,0,4
0,0,1,1,0,1,1,3,16,12,1,29,2,12,9.9,2,3,0,0,1,1
1,0,1,0,1,0,1,3,12,6,2,20,1,6,6.850000000000001,4,0,1,4,3,1
1,0,1,0,0,0,0,3,19,5,2,26,1,6,9.400000000000002,0,0,3,0,1,1
1,1,0,0,0,0,1,3,13,13,2,28,1,13,9.0,3,2,3,0,3,4
0,0,0,0,1,1,0,3,8,10,0,18,2,11,6.0,1,1,2,2,2,1
0,0,0,0,1,0,0,3,9,13,0,22,1,14,7.0,5,3,3,1,0,2
1,1,1,0,1,1,0,3,17,9,3,29,2,10,9.950000000000001,1,3,2,0,2,2
1,0,1,0,0,1,1,3,6,7,2,15,2,7,4.8500000000000005,1,3,2,3,0,0
1,0,1,1,0,0,0,3,12,5,2,19,1,6,6.600000000000001,6,3,1,2,2,1
0,0,0,0,0,0,0,3,14,5,0,19,1,6,7.000000000000001,1,3,2,4,3,3
1,1,0,1,0,0,0,3,18,12,2,32,1,13,10.75,2,3,2,1,3,2
1,1,0,0,1,1,1,3,12,10,2,24,2,10,8.000000000000002,3,3,1,1,0,1
0,0,1,0,1,1,0,3,10,13,1,24,2,14,7.75,5,0,2,4,0,1
0,0,1,1,1,0,1,3,20,9,1,30,1,9,10.6,1,3,2,0,1,4
0,1,0,1,1,1,1,3,8,13,1,22,2,13,6.95,3,3,1,4,2,3
0,0,0,0,1,0,1,3,11,7,0,18,1,7,6.300000000000001,1,2,2,4,1,4
0,0,0,1,0,1,1,3,19,7,0,26,2,7,9.650000000000002,0,2,3,0,3,3
1,1,0,0,1,0,0,3,7,12,2,21,1,13,6.350000000000001,1,1,3,2,3,0
0,1,1,1,0,0,1,3,9,12,2,23,1,12,7.15,0,1,3,4,2,3
0,0,0,0,1,1,1,3,21,12,0,33,2,12,11.700000000000001,1,4,2,0,3,3
1,0,1,1,0,1,0,3,14,8,2,24,2,9,8.3,3,2,0,4,1,0
1,0,0,1,1,0,1,3,10,12,1,23,1,12,7.3500000000000005,6,0,2,1,1,0
0,1,1,1,0,0,0,3,3,7,2,12,1,8,3.5,1,0,0,4,3,4
1,1,1,1,1,0,1,3,10,13,3,26,1,13,8.0,5,1,0,1,3,0
0,1,0,0,0,0,0,3,15,12,1,28,1,13,9.35,5,3,2,1,3,4
1,0,0,0,0,1,1,3,18,10,1,29,2,10,10.2,0,3,0,0,3,0
1,1,0,0,0,0,0,3,10,5,2,17,1,6,5.800000000000001,4,1,1,1,3,0
0,1,0,1,1,1,1,3,10,8,1,19,2,8,6.5,0,3,0,1,3,0
0,1,1,0,0,1,0,3,16,8,2,26,2,9,9.100000000000001,5,4,1,3,0,0
1,1,1,0,0,0,1,3,19,5,3,27,1,5,9.600000000000001,5,1,3,3,2,0
1,1,1,0,1,1,1,3,9,9,3,21,2,9,6.749999999999999,5,3,2,2,3,4
1,0,0,1,1,1,0,3,15,13,1,29,2,14,9.75,4,2,2,1,1,1
0,0,1,0,1,1,0,3,6,8,1,15,2,9,4.9,0,0,3,4,3,4
1,1,0,1,0,0,1,3,13,8,2,23,1,8,7.750000000000001,4,2,3,1,3,1
0,1,0,1,1,0,0,3,10,9,1,20,1,10,6.6000000000000005,6,3,0,0,3,2
1,0,1,0,1,0,0,3,15,5,2,22,1,6,7.800000000000001,6,3,2,0,1,1
1,0,0,0,1,1,1,3,15,6,1,22,2,6,8.0,1,3,3,1,2,1
1,0,0,0,0,0,1,3,9,14,1,24,1,14,7.45,5,2,3,1,0,0
1,1,1,1,0,0,1,3,13,7,3,23,1,7,7.700000000000001,6,2,2,2,0,3
1,1,1,1,0,0,0,3,17,7,3,27,1,8,9.3,1,3,1,4,2,3
1,0,0,1,1,0,0,3,10,10,1,21,1,11,6.8500000000000005,2,3,3,1,3,0
1,0,0,0,1,0,1,3,7,11,1,19,1,11,5.900000000000001,1,1,3,4,3,0
1,1,0,1,0,1,0,3,12,6,2,20,2,7,7.000000000000001,6,2,1,4,2,0
0,1,0,1,1,1,1,3,16,9,1,26,2,9,9.15,5,3,0,4,1,3
1,1,0,0,1,0,1,3,12,4,2,18,1,4,6.350000000000001,0,4,2,1,0,0
1,0,0,1,1,1,0,3,19,9,1,29,2,10,10.350000000000001,6,4,3,1,1,3
1,0,1,0,1,1,1,3,20,12,2,34,2,12,11.700000000000001,1,2,2,1,0,1
1,1,0,0,1,1,0,3,7,14,2,23,2,15,7.000000000000001,1,0,1,4,2,0
1,1,0,1,1,1,1,3,15,8,2,25,2,8,8.700000000000001,6,2,3,0,3,0
1,1,1,1,1,0,0,3,14,4,3,21,1,5,7.350000000000001,1,4,0,1,3,4
0,1,1,1,0,0,1,3,19,11,2,32,1,11,10.900000000000002,0,0,1,4,3,0
1,0,1,0,0,0,1,3,12,13,2,27,1,13,8.600000000000001,5,2,0,0,0,0
1,1,1,0,1,0,0,3,9,5,3,17,1,6,5.6,0,4,3,4,2,3
1,1,1,0,0,1,0,3,16,13,3,32,2,14,10.55,5,4,0,4,1,4
0,1,1,1,1,1,1,3,3,13,2,18,2,13,5.15,3,4,0,1,3,1
1,0,0,1,0,0,1,3,12,10,1,23,1,10,7.650000000000001,0,3,0,4,3,4
0,1,0,0,1,1,1,3,12,5,1,18,2,5,6.550000000000001,5,3,2,4,3,0
0,1,0,0,1,1,0,3,17,5,1,23,2,6,8.55,2,3,1,1,2,2
0,0,0,1,0,0,1,3,11,13,0,24,1,13,7.800000000000001,6,4,2,1,3,0
0,0,0,1,1,0,0,3,14,6,0,20,1,7,7.250000000000001,5,2,2,1,0,1
0,1,0,0,1,0,0,3,14,13,1,28,1,14,9.200000000000001,2,3,2,3,0,0
0,0,1,1,0,0,1,3,11,13,1,25,1,13,8.0,3,0,1,4,3,4
0,1,0,1,0,1,1,3,13,11,1,25,2,11,8.450000000000001,5,3,1,2,3,0
1,0,0,0,0,0,0,3,15,10,1,26,1,11,8.85,5,4,3,1,3,0
1,1,0,0,1,1,1,3,8,13,2,23,2,13,7.15,3,0,2,0,1,1
1,1,1,0,0,0,1,3,9,8,3,20,1,8,6.35,1,2,1,4,1,0
1,1,1,0,0,1,0,3,17,5,3,25,2,6,8.950000000000001,1,3,3,1,0,0
0,1,0,1,1,0,0,3,17,12,1,30,1,13,10.15,5,4,0,1,1,2
1,1,1,1,0,0,1,3,12,14,3,29,1,14,9.05,1,2,3,0,2,3
0,1,1,1,1,1,0,3,14,8,2,24,2,9,8.3,3,3,2,4,1,2
0,1,0,1,0,1,1,3,6,6,1,13,2,6,4.4,3,3,0,4,3,0
0,0,0,1,1,0,1,3,12,6,0,18,1,6,6.450000000000001,5,0,0,4,3,1
0,0,1,0,1,0,1,3,4,7,1,12,1,7,3.7,0,0,3,0,3,2
1,0,1,0,0,0,0,3,14,3,2,19,1,4,6.900000000000001,4,2,3,4,3,0
0,0,1,0,0,1,1,3,10,4,1,15,2,4,5.5,2,3,3,4,3,4
1,0,0,0,1,0,0,3,13,12,1,26,1,13,8.549999999999999,0,0,0,4,3,0
0,1,0,1,0,1,1,3,8,11,1,20,2,11,6.45,3,2,1,0,3,0
1,1,0,1,1,1,0,3,14,8,2,24,2,9,8.3,2,1,2,0,3,1
0,1,0,1,0,0,0,3,6,11,1,18,1,12,5.500000000000001,4,0,0,0,0,4
0,0,1,1,0,1,1,3,14,5,1,20,2,5,7.3500000000000005,0,1,2,1,1,4
0,1,0,1,1,1,1,3,16,6,1,23,2,6,8.4,6,3,3,0,3,4
1,0,1,0,0,0,1,3,13,10,2,25,1,10,8.25,2,2,3,0,1,0
1,1,0,0,1,1,0,3,8,11,2,21,2,12,6.65,3,2,1,1,3,0
0,1,1,1,1,0,1,3,12,8,2,22,1,8,7.350000000000001,6,0,1,1,0,4
1,0,0,1,1,0,1,3,17,14,1,32,1,14,10.65,5,3,2,0,0,4
0,0,1,0,0,1,1,3,16,6,1,23,2,6,8.4,3,2,3,2,0,1
0,0,1,1,0,1,1,3,7,7,1,15,2,7,5.050000000000001,0,3,1,4,0,1
1,1,1,0,0,1,0,3,16,10,3,29,2,11,9.8,0,2,3,0,3,2
0,0,0,1,0,1,0,3,21,12,0,33,2,13,11.700000000000001,2,0,0,1,0,2
0,1,0,0,0,0,1,3,10,5,1,16,1,5,5.6000000000000005,3,1,1,4,0,0
1,0,1,0,1,0,0,3,12,10,2,24,1,11,7.850000000000001,5,1,3,2,3,3
1,0,1,0,0,1,1,3,21,6,2,29,2,6,10.600000000000001,1,2,2,4,1,1
1,0,1,0,0,0,1,3,17,9,2,28,1,9,9.600000000000001,0,3,3,3,2,0
0,0,1,0,0,1,1,3,11,12,1,24,2,12,7.9,6,4,3,0,3,1
0,1,1,1,0,1,1,3,6,7,2,15,2,7,4.8500000000000005,0,4,3,4,3,0
1,0,1,1,0,0,0,3,15,8,2,25,1,9,8.55,3,3,3,2,0,4
1,0,0,1,0,1,1,3,16,10,1,27,2,10,9.4,6,4,0,1,3,0
0,0,0,1,1,1,0,3,9,9,0,18,2,10,6.1499999999999995,1,2,2,4,2,2
0,1,1,1,1,0,0,3,4,5,2,11,1,6,3.4,0,1,1,3,2,3
0,1,1,1,0,1,0,3,17,14,2,33,2,15,11.000000000000002,5,1,0,4,2,2
0,1,0,0,1,1,0,3,10,12,1,23,2,13,7.5,5,2,2,4,3,3
0,0,0,1,0,1,1,3,16,8,0,24,2,8,8.700000000000001,3,3,2,1,3,1
1,0,0,1,0,1,0,3,8,15,1,24,2,16,7.45,1,4,3,4,1,3
1,0,1,1,0,1,1,3,19,7,2,28,2,7,10.050000000000002,0,3,2,1,3,4
0,0,1,0,0,1,1,3,14,12,1,27,2,12,9.100000000000001,1,2,1,4,0,4
1,1,1,0,0,0,1,3,11,8,3,22,1,8,7.15,3,4,3,1,2,1
0,0,1,0,0,0,0,3,13,10,1,24,1,11,8.05,5,0,3,1,0,2
0,0,0,0,1,1,1,3,5,6,0,11,2,6,3.8,4,3,2,0,1,2
0,1,1,0,1,1,0,3,18,8,2,28,2,9,9.9,5,2,2,4,1,1
0,0,1,1,1,0,0,3,22,13,1,36,1,14,12.4,5,4,1,2,3,0
1,0,0,0,0,0,1,3,9,11,1,21,1,11,6.7,3,3,0,0,1,0
0,1,1,0,1,1,0,3,5,13,2,20,2,14,5.95,1,4,0,4,0,4
1,0,1,1,0,0,0,3,8,7,2,17,1,8,5.500000000000001,0,3,1,0,2,4
0,0,1,0,0,0,1,3,14,5,1,20,1,5,7.200000000000001,5,1,1,2,0,0
1,0,1,1,1,0,0,3,16,5,2,23,1,6,8.200000000000001,5,3,3,4,3,2
0,0,0,0,1,0,1,3,16,11,0,27,1,11,9.3,4,2,2,0,3,3
0,1,0,1,1,1,0,3,12,3,1,16,2,4,6.050000000000001,6,3,1,4,3,1
0,1,0,1,0,0,0,3,12,8,1,21,1,9,7.150000000000001,0,2,2,4,3,4
0,0,0,1,1,1,1,3,8,8,0,16,2,8,5.5,3,1,0,2,1,4
0,0,1,0,0,1,1,3,10,5,1,16,2,5,5.75,3,2,1,1,2,0
0,1,1,0,1,1,0,3,11,13,2,26,2,14,8.350000000000001,3,3,3,2,3,2
1,0,1,0,0,0,1,3,9,8,2,19,1,8,6.15,2,0,0,1,3,0
0,1,1,1,1,1,0,3,21,15,2,38,2,16,12.850000000000001,0,4,1,4,3,1
1,1,0,0,1,1,1,3,11,12,2,25,2,12,8.100000000000001,0,2,1,0,3,0
1,1,0,1,0,0,0,3,23,4,2,29,1,5,10.750000000000002,3,2,0,0,2,3
0,0,0,0,0,1,1,3,12,7,0,19,2,7,6.8500000000000005,1,3,3,4,1,3
0,1,0,1,0,0,1,3,5,11,1,17,1,11,5.1000000000000005,4,0,3,2,1,3
0,1,0,0,0,0,0,3,14,11,1,26,1,12,8.700000000000001,3,3,3,0,0,0
0,0,0,1,1,1,0,3,13,6,0,19,2,7,7.0,2,3,2,4,3,3
1,1,1,1,1,0,0,3,8,5,3,16,1,6,5.200000000000001,1,0,2,4,0,0
1,1,0,1,1,1,0,3,13,13,2,28,2,14,9.15,0,2,0,2,0,1
1,1,1,0,1,0,1,3,8,10,3,21,1,10,6.450000000000001,5,1,3,2,3,4
1,1,0,0,0,0,0,3,13,4,2,19,1,5,6.750000000000001,3,1,0,0,0,4
1,1,0,0,1,0,0,3,9,5,2,16,1,6,5.4,6,3,2,0,2,0
0,1,1,1,0,1,0,3,10,10,2,22,2,11,7.2,5,1,1,1,2,1
1,0,0,0,0,0,1,3,12,11,1,24,1,11,7.900000000000001,6,3,2,2,3,3
0,0,1,0,0,1,1,3,13,12,1,26,2,12,8.7,6,2,0,4,2,4
0,0,0,0,1,0,0,3,15,8,0,23,1,9,8.15,1,2,0,4,3,4
0,0,0,0,1,1,1,3,8,8,0,16,2,8,5.5,3,0,3,0,3,1
0,0,1,1,1,1,0,3,11,13,1,25,2,14,8.15,1,4,1,4,2,3
1,0,0,1,1,0,1,3,11,12,1,24,1,12,7.750000000000001,6,3,1,1,1,4
0,0,1,1,0,0,1,3,7,7,1,15,1,7,4.900000000000001,2,2,0,1,3,0
0,0,0,1,0,1,0,3,13,10,0,23,2,11,8.0,3,3,1,1,2,2
0,1,1,0,0,0,1,3,9,12,2,23,1,12,7.15,6,2,1,4,3,4
1,1,1,0,0,1,1,3,15,10,3,28,2,10,9.4,2,1,0,3,3,1
0,0,0,0,1,1,0,3,12,11,0,23,2,12,7.8500000000000005,6,3,3,4,1,0
0,1,1,0,1,0,0,3,10,5,2,17,1,6,5.800000000000001,5,2,1,4,3,3
0,0,0,0,1,1,1,3,18,8,0,26,2,8,9.5,6,2,3,4,0,3
0,0,1,1,1,0,0,3,14,9,1,24,1,10,8.200000000000001,0,2,0,2,3,4
0,0,1,1,0,0,0,3,12,14,1,27,1,15,8.65,3,2,3,4,3,0
0,0,0,1,0,1,0,3,17,4,0,21,2,5,8.100000000000001,3,3,3,4,2,2
1,1,0,1,1,0,0,3,8,11,2,21,1,12,6.500000000000001,5,3,0,1,0,4
0,0,0,1,0,0,1,3,16,8,0,24,1,8,8.55,4,0,0,4,3,0
1,1,1,1,0,0,0,3,21,5,3,29,1,6,10.4,6,2,2,2,3,3
1,1,0,1,0,0,1,3,12,7,2,21,1,7,7.100000000000001,1,0,2,3,3,0
0,0,1,0,0,1,1,3,10,8,1,19,2,8,6.5,5,2,1,4,3,3
0,1,0,1,1,0,1,3,7,4,1,12,1,4,4.15,5,2,1,4,2,1
0,0,1,0,1,0,1,3,10,9,1,20,1,9,6.6000000000000005,0,0,1,3,1,0
0,1,1,0,0,0,1,3,16,7,2,25,1,7,8.700000000000001,3,3,1,1,2,0
1,1,0,1,0,0,0,3,14,6,2,22,1,7,7.650000000000001,5,4,0,0,0,3
0,0,1,1,1,1,0,3,16,13,1,30,2,14,10.15,1,4,2,0,3,4
0,1,1,0,0,0,0,3,11,6,2,19,1,7,6.450000000000001,0,0,3,2,3,1
0,0,0,0,0,1,1,3,18,4,0,22,2,4,8.5,0,3,0,1,1,4
0,0,0,0,1,1,1,3,17,10,0,27,2,10,9.600000000000001,0,3,1,2,2,1
1,1,1,0,1,1,0,3,17,13,3,33,2,14,10.950000000000001,2,3,2,1,3,0
1,1,1,0,1,0,0,3,8,8,3,19,1,9,5.950000000000001,0,2,1,1,2,3
1,1,0,0,1,1,0,3,15,11,2,28,2,12,9.450000000000001,3,2,3,4,0,1
0,1,0,1,0,1,1,3,16,10,1,27,2,10,9.4,0,3,0,0,3,0
0,1,0,0,1,1,1,3,12,13,1,26,2,13,8.55,3,2,3,4,3,4
1,1,1,0,1,1,0,3,11,8,3,22,2,9,7.3,2,0,0,1,0,4
0,1,1,1,0,1,1,3,16,8,2,26,2,8,9.100000000000001,3,3,3,4,1,1
0,0,1,0,1,1,1,3,15,5,1,21,2,5,7.75,1,3,2,0,2,3
1,1,0,1,1,1,0,3,13,10,2,25,2,11,8.4,3,3,2,1,2,3
0,0,1,0,0,1,0,3,20,9,1,30,2,10,10.75,6,3,2,0,3,4
0,1,1,1,1,1,1,3,17,6,2,25,2,6,9.000000000000002,6,3,1,1,1,4
0,0,0,1,1,0,1,3,10,11,0,21,1,11,6.9,2,4,2,1,3,3
1,0,0,0,0,1,0,3,8,3,1,12,2,4,4.45,6,3,0,4,0,3
0,1,0,0,1,0,1,3,15,14,1,30,1,14,9.85,5,0,3,1,1,4
1,0,0,1,1,1,0,3,12,8,1,21,2,9,7.300000000000001,6,4,0,2,3,0
1,1,0,0,1,0,0,3,12,10,2,24,1,11,7.850000000000001,5,3,0,4,3,0
0,0,1,1,0,0,0,3,11,6,1,18,1,7,6.250000000000001,6,3,1,4,1,4
1,0,0,1,1,0,0,3,13,8,1,22,1,9,7.550000000000001,2,3,2,1,3,0
1,1,0,0,1,0,0,3,6,7,2,15,1,8,4.700000000000001,5,2,3,1,3,3
1,1,1,0,1,0,1,3,22,7,3,32,1,7,11.3,1,3,0,1,3,3
1,1,0,1,1,0,1,3,14,6,2,22,1,6,7.650000000000001,1,3,3,4,3,0
1,1,1,0,0,1,1,3,11,6,3,20,2,6,6.8,2,0,2,4,3,3
0,1,0,0,0,0,1,3,12,9,1,22,1,9,7.400000000000001,0,0,0,1,3,0
0,1,1,1,1,0,0,3,8,6,2,16,1,7,5.250000000000001,5,3,0,4,3,3
0,1,1,0,1,1,1,3,11,14,2,27,2,14,8.600000000000001,6,2,0,3,1,4
1,0,0,1,1,0,1,3,14,10,1,25,1,10,8.450000000000001,2,3,0,0,2,3
0,0,1,0,0,1,0,3,7,7,1,15,2,8,5.050000000000001,0,3,1,1,2,3
1,0,1,0,0,1,0,3,12,11,2,25,2,12,8.250000000000002,5,3,3,3,3,4
1,1,0,1,1,0,0,3,9,8,2,19,1,9,6.15,4,3,0,1,3,0
1,0,1,0,0,1,1,3,21,7,2,30,2,7,10.850000000000001,5,3,2,1,3,0
0,0,1,0,1,0,1,3,15,9,1,25,1,9,8.6,0,2,1,4,3,0
1,0,0,1,1,1,1,3,13,7,1,21,2,7,7.45,5,0,1,1,1,4
1,1,1,1,0,1,0,3,11,6,3,20,2,7,6.8,6,3,1,4,3,0
0,1,0,0,0,0,1,3,11,13,1,25,1,13,8.0,1,0,3,1,1,1
0,1,0,0,1,1,1,3,13,12,1,26,2,12,8.7,6,3,3,4,3,4
0,0,1,0,0,1,0,3,13,13,1,27,2,14,8.95,0,3,0,1,0,1
1,0,1,0,1,1,1,3,18,7,2,27,2,7,9.65,6,2,1,0,3,1
1,1,0,0,0,1,0,3,13,4,2,19,2,5,6.9,1,2,3,0,3,0
1,0,1,1,0,0,1,3,19,5,2,26,1,5,9.400000000000002,1,3,2,4,3,0
0,1,1,1,1,0,0,3,12,7,2,21,1,8,7.100000000000001,5,3,0,1,2,3
1,1,1,0,1,1,1,3,15,11,3,29,2,11,9.65,0,3,1,4,3,0
1,0,1,0,1,0,0,3,6,10,2,18,1,11,5.450000000000001,3,4,3,4,3,3
1,0,1,1,0,0,0,3,18,9,2,29,1,10,10.0,5,3,1,0,3,1
1,1,0,0,1,0,0,3,10,7,2,19,1,8,6.300000000000001,5,3,2,0,3,0
1,0,1,0,0,1,0,3,15,4,2,21,2,5,7.7,1,3,3,4,3,4
0,1,0,0,1,0,1,3,17,8,1,26,1,8,9.15,1,2,0,4,3,0
1,0,1,0,0,0,0,3,9,8,2,19,1,9,6.15,0,4,0,4,3,0
0,1,0,0,0,0,1,3,11,5,1,17,1,5,6.000000000000001,3,1,3,0,3,0
1,0,0,1,0,1,0,3,18,8,1,27,2,9,9.7,3,3,1,1,3,0
0,0,0,0,1,0,0,3,14,12,0,26,1,13,8.750000000000002,5,4,1,2,3,1
1,0,0,0,1,1,1,3,9,4,1,14,2,4,5.1,3,2,2,0,3,4
0,1,1,1,1,0,1,3,11,10,2,23,1,10,7.450000000000001,3,2,3,4,3,4
0,1,0,0,1,0,0,3,19,12,1,32,1,13,10.950000000000001,1,1,3,1,2,1
1,0,0,1,1,0,1,3,10,9,1,20,1,9,6.6000000000000005,2,3,0,1,0,1
1,0,1,1,1,0,1,3,18,9,2,29,1,9,10.0,1,2,2,1,0,2
0,1,1,0,1,0,1,3,15,4,2,21,1,4,7.550000000000001,0,4,0,4,3,0
0,1,0,1,0,0,1,3,14,4,1,19,1,4,6.950000000000001,4,3,3,1,2,0
0,0,1,1,0,0,1,3,5,4,1,10,1,4,3.35,1,3,3,0,3,3
0,1,1,0,0,0,0,3,21,13,2,36,1,14,12.200000000000001,6,4,3,4,3,3
1,0,1,0,0,0,1,3,7,12,2,21,1,12,6.350000000000001,1,3,2,4,2,2
1,0,0,0,0,0,1,3,11,10,1,22,1,10,7.250000000000001,6,3,3,2,2,1
1,0,0,1,1,0,1,3,10,6,1,17,1,6,5.8500000000000005,1,3,1,0,0,3
1,0,0,1,0,1,1,3,11,6,1,18,2,6,6.4,5,1,1,2,3,2
0,0,1,0,0,0,1,3,15,10,1,26,1,10,8.85,1,3,3,4,3,0
0,1,0,1,0,1,0,3,9,9,1,19,2,10,6.35,4,3,2,0,3,0
1,1,0,0,0,1,1,3,15,12,2,29,2,12,9.700000000000001,1,2,0,0,0,0
1,1,0,1,0,1,1,3,11,15,2,28,2,15,8.850000000000001,3,1,1,1,3,3
1,0,1,1,0,1,0,3,17,9,2,28,2,10,9.750000000000002,0,3,3,3,3,2
1,1,0,1,1,0,0,3,8,4,2,14,1,5,4.750000000000001,1,4,3,4,1,4
0,1,1,0,1,1,1,3,15,6,2,23,2,6,8.200000000000001,3,0,1,1,2,0
0,1,1,0,0,1,0,3,9,11,2,22,2,12,7.05,5,2,0,4,3,1
0,1,1,1,1,0,1,3,10,12,2,24,1,12,7.550000000000001,0,1,2,4,3,2
0,0,1,1,0,0,0,3,13,10,1,24,1,11,8.05,5,2,0,1,0,0
1,1,1,1,1,0,1,3,16,10,3,29,1,10,9.65,3,1,3,4,3,3
1,0,0,1,0,1,1,3,10,15,1,26,2,15,8.25,1,3,3,4,3,0
0,0,1,1,1,0,1,3,5,11,1,17,1,11,5.1000000000000005,6,3,3,4,3,1
1,1,1,0,1,1,0,3,12,9,3,24,2,10,7.95,1,0,1,0,3,0
1,1,0,0,1,0,0,3,16,11,2,29,1,12,9.700000000000001,0,1,2,3,0,4
0,1,1,0,0,0,0,3,15,4,2,21,1,5,7.550000000000001,6,2,1,1,3,3
1,1,0,0,0,1,0,3,13,7,2,22,2,8,7.65,0,3,0,4,3,0
0,1,1,1,0,1,0,3,19,10,2,31,2,11,10.800000000000002,1,2,3,2,3,1
1,0,1,1,1,0,1,3,7,7,2,16,1,7,5.100000000000001,5,3,1,0,0,3
0,1,0,1,1,0,1,3,13,7,1,21,1,7,7.300000000000001,5,2,2,3,3,3
1,1,1,1,0,0,1,3,13,7,3,23,1,7,7.700000000000001,6,3,1,1,3,4
0,0,0,0,1,1,1,3,22,12,0,34,2,12,12.100000000000001,5,3,0,4,3,0
1,1,0,0,1,0,0,3,15,10,2,27,1,11,9.05,0,3,3,0,1,1
1,1,0,1,1,1,1,3,18,13,2,33,2,13,11.15,1,3,2,2,1,1
1,1,1,1,0,1,1,0,12,13,3,28,2,13,8.950000000000001,5,3,3,2,3,0
0,1,0,0,0,0,1,0,13,13,1,27,1,13,8.799999999999999,2,4,1,1,0,0
0,1,0,0,1,0,1,0,11,5,1,17,1,5,6.000000000000001,6,2,2,4,2,1
0,1,1,0,1,0,0,0,14,8,2,24,1,9,8.15,5,2,3,1,1,1
1,1,0,1,0,0,1,0,8,11,2,21,1,11,6.500000000000001,0,3,2,1,3,4
0,0,1,1,1,0,0,0,14,10,1,25,1,11,8.450000000000001,2,1,1,1,3,0
0,1,1,0,0,1,0,0,20,12,2,34,2,13,11.700000000000001,3,0,2,4,0,3
0,1,1,0,1,1,1,0,12,9,2,23,2,9,7.750000000000001,1,2,0,4,2,4
1,0,1,1,0,1,0,0,17,10,2,29,2,11,10.000000000000002,3,3,0,1,0,0
0,0,1,0,1,0,0,0,10,11,1,22,1,12,7.1000000000000005,1,3,1,4,3,1
0,1,1,1,0,0,0,0,14,13,2,29,1,14,9.400000000000002,3,3,0,0,3,2
1,0,0,0,0,0,1,0,13,11,1,25,1,11,8.3,0,3,1,3,0,4
1,1,0,0,0,1,1,0,9,8,2,19,2,8,6.3,0,3,2,0,0,0
1,0,1,0,0,1,1,0,11,11,2,24,2,11,7.8500000000000005,0,2,1,4,3,2
1,1,0,0,0,1,0,0,12,6,2,20,2,7,7.000000000000001,1,4,3,1,2,0
1,1,1,0,0,0,1,0,16,13,3,32,1,13,10.4,3,3,3,0,2,3
1,0,0,0,0,1,1,0,13,5,1,19,2,5,6.95,1,2,2,3,1,0
1,0,1,1,1,0,1,0,17,7,2,26,1,7,9.100000000000001,5,2,3,1,3,1
1,0,0,0,1,0,0,0,16,9,1,26,1,10,9.0,5,3,2,4,3,0
0,0,1,1,0,1,1,0,17,11,1,29,2,11,10.05,5,1,1,0,3,0
1,0,0,1,1,1,0,0,7,12,1,20,2,13,6.300000000000001,2,3,0,4,0,4
0,1,1,1,1,1,0,0,15,6,2,23,2,7,8.200000000000001,6,3,3,2,3,0
0,0,0,0,1,1,0,0,12,9,0,21,2,10,7.3500000000000005,4,2,1,4,1,0
0,0,0,0,0,1,1,0,15,10,0,25,2,10,8.8,5,3,0,4,1,0
1,0,0,0,0,1,1,0,9,9,1,19,2,9,6.35,2,3,3,0,3,0
1,1,0,1,1,1,1,0,7,5,2,14,2,5,4.750000000000001,6,3,1,0,3,4
0,0,1,1,0,1,1,0,16,8,1,25,2,8,8.9,6,4,3,3,2,2
0,0,1,1,0,1,0,0,6,12,1,19,2,13,5.9,5,3,1,1,3,3
0,1,0,1,0,1,1,0,10,7,1,18,2,7,6.25,4,2,0,1,3,1
1,0,1,1,1,1,0,0,18,7,2,27,2,8,9.65,5,3,1,1,3,0
1,0,1,0,1,1,1,0,7,14,2,23,2,14,7.000000000000001,3,4,3,4,3,4
0,0,0,1,1,1,1,0,3,11,0,14,2,11,4.25,1,2,2,0,1,0
0,0,0,1,1,0,0,0,16,10,0,26,1,11,9.05,6,3,3,4,2,3
1,1,0,0,1,0,1,0,12,8,2,22,1,8,7.350000000000001,6,2,1,4,0,1
0,1,0,0,1,1,1,0,17,8,1,26,2,8,9.3,4,3,0,4,0,1
0,0,1,1,1,1,1,0,18,11,1,30,2,11,10.45,1,3,2,4,3,3
0,1,1,1,1,1,0,0,15,10,2,27,2,11,9.200000000000001,6,0,0,4,1,0
1,1,1,1,0,1,0,0,15,4,3,22,2,5,7.8999999999999995,3,3,0,4,3,2
1,1,1,1,0,1,1,0,11,10,3,24,2,10,7.8,2,4,1,4,3,3
0,0,1,0,0,0,1,0,13,3,1,17,1,3,6.300000000000001,0,2,0,2,0,1
0,1,0,1,1,1,1,0,18,6,1,25,2,6,9.2,5,3,1,0,0,4
0,1,1,1,0,0,0,0,14,8,2,24,1,9,8.15,1,2,3,0,3,3
0,0,0,1,0,0,1,0,12,5,0,17,1,5,6.200000000000001,2,3,0,4,3,0
1,0,0,1,1,1,1,0,17,8,1,26,2,8,9.3,5,1,0,2,3,1
1,0,0,0,0,0,0,0,17,12,1,30,1,13,10.15,5,3,1,1,3,2
0,1,1,0,1,1,0,0,20,11,2,33,2,12,11.450000000000001,3,2,1,2,1,0
1,0,0,1,1,0,1,0,13,9,1,23,1,9,7.800000000000001,5,3,1,0,1,0
1,0,0,1,0,1,1,0,8,8,1,17,2,8,5.7,1,4,0,1,2,4
1,1,0,0,0,0,1,0,16,10,2,28,1,10,9.450000000000001,1,2,2,4,2,1
0,0,1,1,0,0,1,0,14,11,1,26,1,11,8.700000000000001,2,4,1,3,2,0
1,1,1,0,1,1,0,0,2,5,3,10,2,6,2.9499999999999997,6,2,2,4,3,0
0,0,0,0,1,0,0,0,12,14,0,26,1,15,8.450000000000001,1,4,3,4,3,3
0,0,1,1,1,0,1,0,17,5,1,23,1,5,8.4,3,2,2,0,2,4
0,0,1,0,0,1,1,0,15,14,1,30,2,14,10.0,2,3,2,1,3,3
1,0,0,1,0,1,1,0,14,6,1,21,2,6,7.6000000000000005,3,3,1,1,3,3
1,0,0,1,1,0,1,0,15,13,1,29,1,13,9.6,2,0,1,1,3,1
1,1,0,1,0,1,0,0,16,14,2,32,2,15,10.600000000000001,0,2,0,4,1,4
0,0,0,0,0,0,0,0,18,10,0,28,1,11,9.85,4,0,2,4,2,2
1,1,1,1,1,0,0,0,8,9,3,20,1,10,6.200000000000001,4,2,0,1,0,1
0,0,1,0,0,1,1,0,12,6,1,19,2,6,6.800000000000001,2,0,0,4,1,0
1,0,1,0,1,0,1,0,9,7,2,18,1,7,5.9,6,3,3,4,3,2
0,0,1,1,0,0,0,0,11,9,1,21,1,10,7.000000000000001,1,3,1,1,0,0
1,1,0,0,1,1,1,0,18,4,2,24,2,4,8.9,0,3,2,4,1,2
1,1,0,0,0,1,0,0,14,3,2,19,2,4,7.050000000000001,6,0,3,1,0,4
0,0,0,1,0,1,0,0,10,12,0,22,2,13,7.3,6,3,1,1,3,0
0,1,1,1,1,1,0,0,10,6,2,18,2,7,6.2,4,1,3,1,3,1
1,0,0,0,0,1,0,0,14,8,1,23,2,9,8.100000000000001,0,3,0,3,1,1
0,1,0,0,0,1,1,0,16,6,1,23,2,6,8.4,0,3,2,4,3,3
1,0,1,1,1,1,0,0,15,12,2,29,2,13,9.700000000000001,0,1,0,4,3,0
1,1,0,0,0,1,1,0,9,8,2,19,2,8,6.3,0,1,1,4,3,0
0,0,1,1,1,1,0,0,15,7,1,23,2,8,8.25,6,3,1,4,0,2
1,1,1,0,1,1,0,0,8,14,3,25,2,15,7.6000000000000005,3,1,0,1,3,2
0,1,0,1,0,0,1,0,13,6,1,20,1,6,7.050000000000001,6,1,0,2,3,4
1,1,1,0,0,1,0,0,12,7,3,22,2,8,7.45,4,3,1,1,3,0
1,0,0,0,1,0,1,0,12,12,1,25,1,12,8.15,3,2,0,1,3,4
1,0,0,1,0,0,1,0,17,14,1,32,1,14,10.65,3,2,3,3,3,1
1,0,1,1,1,1,0,0,17,4,2,23,2,5,8.500000000000002,5,0,1,1,3,0
0,1,0,0,1,0,0,0,14,10,1,25,1,11,8.450000000000001,2,2,3,4,2,0
0,0,1,0,1,1,0,0,13,14,1,28,2,15,9.2,0,3,2,4,3,0
0,0,0,0,1,1,0,0,9,11,0,20,2,12,6.6499999999999995,2,3,3,1,3,1
0,0,0,1,0,1,0,0,15,5,0,20,2,6,7.55,1,3,3,1,0,0
1,0,1,1,1,0,0,0,18,6,2,26,1,7,9.25,6,3,0,0,0,3
0,0,0,1,1,1,1,0,6,9,0,15,2,9,4.95,0,4,2,4,0,3
0,1,0,0,0,1,0,0,9,12,1,22,2,13,7.1,5,4,2,1,1,3
0,0,1,0,0,1,1,0,14,8,1,23,2,8,8.100000000000001,1,0,0,4,1,3
0,0,0,1,0,0,1,0,8,13,0,21,1,13,6.6000000000000005,5,3,3,4,3,3
1,1,1,1,1,1,0,0,19,12,3,34,2,13,11.500000000000002,5,1,1,1,0,4
0,1,0,0,1,0,0,0,8,11,1,20,1,12,6.300000000000001,3,1,3,1,3,3
1,1,0,0,0,0,1,0,10,9,2,21,1,9,6.800000000000001,1,4,0,0,1,1
1,1,0,1,0,0,0,0,14,8,2,24,1,9,8.15,3,1,1,2,2,2
1,0,0,1,1,1,1,0,6,5,1,12,2,5,4.15,2,3,0,4,3,3
0,1,1,1,0,1,0,0,16,4,2,22,2,5,8.100000000000001,1,2,2,1,3,0
0,0,1,1,0,1,0,0,17,8,1,26,2,9,9.3,1,0,1,1,2,0
1,0,0,1,1,1,1,0,17,4,1,22,2,4,8.3,3,3,2,4,3,4
1,1,1,1,0,0,0,0,17,8,3,28,1,9,9.55,3,1,1,4,2,2
1,1,0,0,0,0,1,0,16,14,2,32,1,14,10.450000000000001,0,3,3,4,0,0
1,0,0,0,1,0,1,0,18,14,1,33,1,14,11.049999999999999,6,1,2,4,2,0
1,1,0,1,0,0,1,0,12,12,2,26,1,12,8.350000000000001,3,3,2,4,3,4
1,0,0,1,1,0,1,0,8,9,1,18,1,9,5.800000000000001,1,3,3,4,3,4
1,1,1,1,0,1,0,0,18,6,3,27,2,7,9.6,0,4,2,2,3,0
1,0,0,1,0,0,0,0,14,8,1,23,1,9,7.950000000000001,0,2,1,4,3,0
0,0,0,0,0,0,1,0,7,11,0,18,1,11,5.700000000000001,5,2,1,4,3,0
1,1,0,0,1,1,1,0,15,11,2,28,2,11,9.450000000000001,1,1,2,3,3,2
0,1,0,1,1,0,1,0,11,6,1,18,1,6,6.250000000000001,1,3,3,1,1,1
0,0,0,0,0,1,1,0,12,12,0,24,2,12,8.100000000000001,6,1,2,0,1,1
1,0,0,1,1,1,1,0,14,5,1,20,2,5,7.3500000000000005,6,4,2,3,3,1
1,1,1,0,0,1,0,0,16,7,3,26,2,8,9.05,6,3,3,4,0,0
0,1,1,0,0,1,1,0,13,8,2,23,2,8,7.9,2,2,1,0,3,3
1,0,1,1,1,1,1,0,13,7,2,22,2,7,7.65,3,3,3,4,0,3
0,0,0,0,1,1,1,0,5,8,0,13,2,8,4.3,2,2,0,1,3,2
0,0,1,0,0,1,0,0,7,9,1,17,2,10,5.550000000000001,6,2,3,1,3,1
0,0,1,0,0,1,1,0,10,6,1,17,2,6,6.0,3,2,3,0,3,3
1,0,1,1,0,1,0,0,7,9,2,18,2,10,5.750000000000001,0,1,3,3,3,1
1,1,1,1,1,1,0,0,13,6,3,22,2,7,7.6000000000000005,0,3,2,0,2,2
0,1,1,1,0,1,0,0,15,10,2,27,2,11,9.200000000000001,3,2,2,0,2,0
0,0,1,1,1,0,1,0,16,5,1,22,1,5,8.0,3,2,0,4,3,1
0,1,1,1,0,1,1,0,8,6,2,16,2,6,5.4,3,3,2,1,1,0
1,1,0,1,0,0,1,0,18,5,2,25,1,5,9.0,6,2,3,0,3,3
1,1,1,0,0,1,0,0,12,9,3,24,2,10,7.95,5,3,3,0,3,0
1,0,1,1,1,0,1,0,20,12,2,34,1,12,11.55,5,3,1,0,2,4
1,0,1,1,0,0,0,0,14,8,2,24,1,9,8.15,6,2,3,4,0,4
1,0,0,1,0,1,1,0,7,11,1,19,2,11,6.050000000000001,5,3,1,1,1,2
1,0,1,0,0,1,1,0,17,10,2,29,2,10,10.000000000000002,1,4,1,4,3,3
1,1,0,0,0,1,0,0,19,12,2,33,2,13,11.300000000000002,3,2,0,0,3,3
0,0,0,0,0,1,0,0,21,9,0,30,2,10,10.950000000000001,5,1,0,1,3,3
0,0,0,1,0,0,0,0,14,3,0,17,1,4,6.500000000000001,6,1,2,3,3,4
0,1,0,1,0,1,1,0,11,6,1,18,2,6,6.4,1,3,0,0,3,1
1,0,1,1,0,0,1,0,11,7,2,20,1,7,6.700000000000001,6,3,0,1,3,3
1,0,0,1,0,0,1,0,17,7,1,25,1,7,8.9,2,2,1,0,0,3
1,0,1,0,1,0,0,0,22,6,2,30,1,7,10.850000000000001,1,2,1,3,1,4
1,0,1,1,1,1,1,0,15,11,2,28,2,11,9.450000000000001,6,2,1,0,0,0
0,1,1,0,1,1,1,0,11,3,2,16,2,3,5.8500000000000005,5,4,1,3,3,3
1,1,0,1,1,1,1,0,18,12,2,32,2,12,10.9,6,0,3,4,3,3
0,0,0,1,1,1,0,0,8,12,0,20,2,13,6.5,6,0,1,0,0,3
0,0,0,0,1,0,0,0,12,8,0,20,1,9,6.950000000000001,3,3,1,1,3,2
0,0,1,1,1,0,1,0,11,12,1,24,1,12,7.750000000000001,1,3,3,1,3,3
0,0,0,0,1,1,0,0,14,7,0,21,2,8,7.65,6,0,1,2,3,3
0,0,0,1,1,0,0,0,11,11,0,22,1,12,7.300000000000001,5,1,3,0,3,3
1,1,1,1,0,1,0,0,10,8,3,21,2,9,6.8999999999999995,5,1,1,1,0,1
1,0,0,1,0,1,1,0,15,14,1,30,2,14,10.0,1,3,2,1,3,3
0,0,0,1,0,0,0,0,13,7,0,20,1,8,7.1000000000000005,1,2,1,0,2,3
0,0,0,1,1,0,0,0,18,10,0,28,1,11,9.85,1,4,0,2,2,1
1,0,0,1,1,0,0,0,8,9,1,18,1,10,5.800000000000001,2,3,0,1,3,3
1,1,1,0,1,0,1,0,10,11,3,24,1,11,7.5,2,3,2,4,3,1
1,0,1,1,1,0,1,0,15,9,2,26,1,9,8.8,0,2,3,0,2,4
1,1,1,1,1,0,1,0,11,5,3,19,1,5,6.4,1,3,3,1,3,2
0,1,0,0,1,0,0,0,10,10,1,21,1,11,6.8500000000000005,1,3,2,4,3,4
0,0,1,1,0,1,0,0,20,12,1,33,2,13,11.5,5,1,2,3,3,0
0,1,0,0,0,1,1,0,16,9,1,26,2,9,9.15,3,3,3,0,1,4
0,0,0,1,1,1,1,0,13,11,0,24,2,11,8.25,3,2,1,4,3,4
0,0,1,1,0,0,1,0,16,5,1,22,1,5,8.0,2,1,1,0,3,3
1,0,0,0,1,1,1,0,19,11,1,31,2,11,10.850000000000001,0,2,1,4,3,0
1,0,0,0,0,1,1,0,21,12,1,34,2,12,11.9,2,3,0,1,3,4
0,1,1,0,0,0,0,0,9,8,2,19,1,9,6.15,3,2,2,4,3,0
1,1,1,0,0,1,0,0,18,11,3,32,2,12,10.85,0,4,1,1,2,0
0,1,0,1,1,0,1,0,13,11,1,25,1,11,8.3,6,3,1,2,2,3
0,1,1,0,0,1,0,0,14,7,2,23,2,8,8.05,3,1,2,0,0,4
1,0,1,0,1,0,1,0,11,11,2,24,1,11,7.700000000000001,5,0,1,0,3,3
1,0,1,0,0,0,1,0,17,10,2,29,1,10,9.850000000000001,6,3,3,1,2,4
1,0,0,1,1,1,1,0,13,13,1,27,2,13,8.95,0,3,2,1,1,1
0,0,0,0,0,1,0,0,11,11,0,22,2,12,7.45,0,3,3,2,3,0
1,0,0,1,1,0,1,0,14,12,1,27,1,12,8.950000000000001,6,0,2,4,0,2
0,0,1,0,1,0,1,0,15,11,1,27,1,11,9.1,3,0,2,0,3,0
0,1,1,1,1,0,1,0,12,6,2,20,1,6,6.850000000000001,5,3,3,0,3,2
0,0,0,0,0,0,1,0,21,8,0,29,1,8,10.55,3,3,3,2,1,0
1,1,0,0,0,1,1,0,8,8,2,18,2,8,5.9,5,4,0,1,1,4
1,1,1,1,0,1,0,0,20,6,3,29,2,7,10.4,5,0,3,3,3,0
0,1,0,1,0,0,1,0,14,10,1,25,1,10,8.450000000000001,5,3,2,4,2,4
0,0,0,1,1,1,1,0,8,6,0,14,2,6,5.0,2,3,2,1,1,1
1,1,1,1,0,0,0,0,15,10,3,28,1,11,9.25,1,2,0,3,2,2
0,1,1,1,0,0,1,0,12,9,2,23,1,9,7.600000000000001,6,3,2,1,1,1
0,0,1,0,0,0,0,0,8,11,1,20,1,12,6.300000000000001,1,1,3,1,3,4
1,0,1,1,0,0,1,0,12,6,2,20,1,6,6.850000000000001,1,2,2,2,3,3
0,0,0,1,1,0,1,0,16,12,0,28,1,12,9.55,6,2,3,1,2,3
0,1,1,1,1,0,0,0,4,8,2,14,1,9,4.15,6,2,3,1,3,4
0,1,0,1,0,0,1,0,10,10,1,21,1,10,6.8500000000000005,2,3,0,4,3,4
1,1,1,0,0,1,0,0,9,8,3,20,2,9,6.499999999999999,0,2,0,2,3,1
0,0,1,0,1,1,1,0,9,11,1,21,2,11,6.85,5,3,1,0,3,2
0,1,1,1,1,1,0,0,14,8,2,24,2,9,8.3,2,0,1,4,2,0
0,1,0,0,1,1,1,0,14,13,1,28,2,13,9.350000000000001,1,0,3,1,0,2
1,1,0,1,1,0,1,0,12,10,2,24,1,10,7.850000000000001,0,3,3,0,3,0
1,1,1,0,0,1,0,0,11,7,3,21,2,8,7.05,3,0,1,4,2,4
0,0,0,1,0,1,1,0,8,10,0,18,2,10,6.0,3,2,0,4,3,3
0,0,1,0,1,1,0,0,12,13,1,26,2,14,8.55,3,3,0,0,3,1
1,0,1,1,1,0,1,0,9,8,2,19,1,8,6.15,0,2,3,4,2,1
1,1,1,1,0,1,1,0,12,7,3,22,2,7,7.45,1,3,0,0,3,0
1,0,1,1,1,0,1,0,16,10,2,28,1,10,9.450000000000001,2,2,3,2,2,1
1,1,1,1,1,1,1,0,10,7,3,20,2,7,6.6499999999999995,1,3,0,1,3,0
0,1,1,0,0,0,1,0,6,10,2,18,1,10,5.450000000000001,5,3,2,3,3,1
1,1,1,0,1,1,1,0,8,8,3,19,2,8,6.1000000000000005,1,3,1,1,2,3
1,1,0,1,1,0,0,0,8,9,2,19,1,10,6.000000000000001,6,1,0,4,3,1
1,1,0,0,0,1,1,0,17,6,2,25,2,6,9.000000000000002,2,2,2,1,2,1
0,0,0,0,1,1,0,0,16,8,0,24,2,9,8.700000000000001,0,2,1,1,0,1
0,0,0,1,0,1,1,0,17,11,0,28,2,11,9.850000000000001,0,3,2,1,1,4
0,0,0,1,0,0,1,0,4,13,0,17,1,13,5.0,3,4,0,2,1,4
1,0,0,1,0,1,0,0,10,6,1,17,2,7,6.0,5,3,3,1,1,3
1,0,0,0,0,0,1,0,20,6,1,27,1,6,9.85,4,2,3,2,3,0
1,0,1,1,1,0,0,0,14,7,2,23,1,8,7.900000000000001,3,1,2,1,1,0
1,0,0,0,1,0,0,0,13,8,1,22,1,9,7.550000000000001,3,4,2,0,3,3
1,0,1,1,1,0,0,0,11,9,2,22,1,10,7.200000000000001,2,2,3,2,0,2
1,0,0,0,1,1,0,0,10,10,1,21,2,11,7.0,5,1,3,1,3,4
0,0,0,0,0,1,1,0,6,8,0,14,2,8,4.7,1,3,3,4,3,0
0,1,0,0,1,0,0,0,12,8,1,21,1,9,7.150000000000001,3,1,3,3,3,4
0,1,1,0,0,1,0,0,11,4,2,17,2,5,6.1000000000000005,3,0,0,0,2,3
1,0,0,1,1,1,1,0,13,11,1,25,2,11,8.450000000000001,5,2,0,1,2,4
1,1,0,1,0,0,0,0,12,10,2,24,1,11,7.850000000000001,2,1,3,1,3,4
1,1,1,0,0,0,0,0,17,11,3,31,1,12,10.3,1,4,0,4,0,1
1,0,0,1,1,0,1,0,15,6,1,22,1,6,7.8500000000000005,0,3,0,4,3,1
0,0,0,0,0,0,1,0,14,7,0,21,1,7,7.500000000000001,2,3,0,4,3,1
0,1,1,1,0,0,0,0,9,11,2,22,1,12,6.9,0,3,1,0,3,2
1,1,0,0,1,1,0,0,11,13,2,26,2,14,8.350000000000001,2,3,3,2,2,1
1,0,0,0,1,0,0,0,9,5,1,15,1,6,5.2,5,3,0,4,3,0
1,0,0,0,1,1,1,0,8,8,1,17,2,8,5.7,5,3,3,4,3,0
0,0,1,0,1,0,0,0,14,7,1,22,1,8,7.700000000000001,5,1,0,4,1,4
0,1,0,1,0,0,0,0,5,8,1,14,1,9,4.3500000000000005,2,2,0,3,2,1
0,1,1,0,1,1,0,0,14,8,2,24,2,9,8.3,1,3,1,4,2,0
0,0,0,0,0,1,1,0,17,7,0,24,2,7,8.850000000000001,5,3,2,2,3,2
1,1,1,1,0,0,0,0,19,14,3,36,1,15,11.850000000000001,3,4,3,1,3,4
0,1,0,1,0,0,1,0,18,11,1,30,1,11,10.299999999999999,1,0,2,1,1,3
0,1,1,1,0,0,0,0,14,9,2,25,1,10,8.4,0,3,2,2,3,1
1,0,0,0,1,1,0,0,12,6,1,19,2,7,6.800000000000001,3,0,2,4,3,0
1,1,1,0,0,0,0,0,13,9,3,25,1,10,8.200000000000001,0,3,1,4,1,4
1,1,1,0,1,1,1,0,11,12,3,26,2,12,8.3,3,3,2,2,2,2
0,1,1,1,1,0,0,0,12,6,2,20,1,7,6.850000000000001,6,2,0,2,0,4
1,0,1,1,0,1,1,0,13,10,2,25,2,10,8.4,3,1,2,0,2,0
1,0,0,1,0,1,0,0,18,10,1,29,2,11,10.2,6,1,0,1,3,0
1,0,1,1,0,0,1,0,14,10,2,26,1,10,8.650000000000002,1,3,0,4,3,4
1,1,0,1,0,0,0,0,9,12,2,23,1,13,7.15,0,3,2,3,2,4
0,1,1,1,0,1,0,0,14,6,2,22,2,7,7.800000000000001,1,3,3,1,0,2
0,0,1,1,1,0,1,0,10,10,1,21,1,10,6.8500000000000005,3,4,1,4,2,3
0,0,0,1,0,1,0,0,19,9,0,28,2,10,10.150000000000002,2,3,0,4,3,3
0,1,1,0,1,0,1,0,13,9,2,24,1,9,8.0,6,2,0,1,3,2
0,0,0,0,0,1,0,0,11,10,0,21,2,11,7.2,6,3,1,1,3,0
1,0,1,0,0,1,0,0,9,3,2,14,2,4,5.05,4,1,1,0,3,0
1,1,1,1,0,0,1,0,12,7,3,22,1,7,7.300000000000001,5,3,1,2,3,4
1,1,0,1,1,0,0,0,21,12,2,35,1,13,11.950000000000001,5,3,0,3,3,1
1,0,0,1,0,0,0,0,19,6,1,26,1,7,9.450000000000001,5,4,3,1,1,4
0,0,1,0,1,1,0,0,11,6,1,18,2,7,6.4,1,4,2,4,1,0
1,0,1,0,1,1,0,0,12,12,2,26,2,13,8.500000000000002,1,2,2,2,0,0
0,0,1,0,1,0,1,0,12,11,1,24,1,11,7.900000000000001,3,1,1,4,0,0
0,1,0,0,1,1,0,0,11,6,1,18,2,7,6.4,5,3,0,4,0,1
0,1,1,0,0,0,0,0,11,7,2,20,1,8,6.700000000000001,5,4,2,1,2,4
0,1,1,1,0,0,0,0,16,11,2,29,1,12,9.700000000000001,4,1,2,0,2,3
1,1,0,0,0,0,0,0,14,14,2,30,1,15,9.650000000000002,6,1,0,3,3,3
0,1,0,0,1,0,1,0,11,9,1,21,1,9,7.000000000000001,5,3,1,2,0,4
0,0,1,0,1,1,0,0,11,10,1,22,2,11,7.4,1,3,3,3,3,1
1,0,1,0,0,1,0,0,14,5,2,21,2,6,7.550000000000001,5,2,1,3,2,3
0,1,1,1,1,0,1,0,10,5,2,17,1,5,5.800000000000001,2,3,0,1,1,2
1,0,1,1,1,0,0,0,20,8,2,30,1,9,10.55,4,3,2,3,3,4
0,0,1,0,1,0,0,0,12,9,1,22,1,10,7.400000000000001,3,3,3,4,2,4
1,1,0,0,0,0,0,0,17,11,2,30,1,12,10.100000000000001,3,4,0,1,3,0
0,0,1,1,0,1,1,0,7,11,1,19,2,11,6.050000000000001,3,0,1,4,3,2
1,0,0,0,0,0,0,0,20,8,1,29,1,9,10.35,6,3,2,2,3,4
0,1,0,0,0,1,0,0,13,15,1,29,2,16,9.45,3,0,3,0,1,0
0,0,0,0,0,0,0,0,17,8,0,25,1,9,8.950000000000001,5,4,3,4,3,0
0,1,1,0,1,1,1,0,11,11,2,24,2,11,7.8500000000000005,5,1,0,3,3,0
1,1,0,1,1,0,1,0,12,8,2,22,1,8,7.350000000000001,0,3,1,4,3,4
1,0,0,0,0,1,1,0,18,13,1,32,2,13,10.95,5,4,1,4,3,1
1,0,1,1,0,0,0,0,7,11,2,20,1,12,6.100000000000001,0,2,3,2,1,4
1,1,0,0,0,1,0,0,14,10,2,26,2,11,8.800000000000002,5,3,0,0,3,1
1,0,1,0,0,0,0,0,17,9,2,28,1,10,9.600000000000001,3,0,3,0,3,0
0,0,0,0,1,0,0,0,20,8,0,28,1,9,10.15,1,1,2,0,1,3
0,1,0,0,0,1,0,0,11,8,1,20,2,9,6.9,3,1,1,2,3,4
0,0,0,1,0,1,0,0,11,8,0,19,2,9,6.7,3,4,3,0,1,3
0,0,1,0,0,1,1,0,14,10,1,25,2,10,8.600000000000001,1,1,3,1,3,3
1,1,1,1,1,0,1,0,14,5,3,22,1,5,7.600000000000001,1,3,0,1,3,1
1,1,1,0,1,1,0,0,18,8,3,29,2,9,10.1,1,1,0,4,3,0
0,0,0,1,0,0,1,0,13,6,0,19,1,6,6.8500000000000005,0,1,0,4,0,1
1,1,1,1,0,1,1,0,18,7,3,28,2,7,9.85,3,4,2,4,1,1
0,1,1,1,0,0,0,0,9,5,2,16,1,6,5.4,1,2,0,0,3,0
0,0,1,0,1,0,1,0,9,13,1,23,1,13,7.2,1,2,2,4,2,3
0,1,1,0,1,0,1,0,13,10,2,25,1,10,8.25,3,3,3,0,3,1
0,0,1,1,1,0,1,0,12,15,1,28,1,15,8.9,2,0,0,4,3,3
1,1,1,1,1,1,0,0,9,9,3,21,2,10,6.749999999999999,6,1,2,0,3,0
1,1,0,0,0,1,0,0,20,4,2,26,2,5,9.700000000000001,2,3,0,0,2,0
0,1,0,0,0,0,0,0,9,11,1,21,1,12,6.7,0,2,0,4,3,4
0,1,1,1,0,1,1,0,13,5,2,20,2,5,7.15,2,2,1,4,0,0
1,0,1,0,0,0,1,0,7,11,2,20,1,11,6.100000000000001,2,3,2,0,3,1
0,0,1,0,0,1,0,0,17,14,1,32,2,15,10.8,3,3,3,1,0,1
1,0,0,0,1,1,0,0,17,12,1,30,2,13,10.3,5,3,0,4,2,0
1,0,1,1,0,0,0,0,10,9,2,21,1,10,6.800000000000001,0,3,0,1,3,1
0,1,0,1,0,1,0,0,5,10,1,16,2,11,5.0,1,1,3,1,3,0
1,1,1,1,1,1,1,0,19,5,3,27,2,5,9.750000000000002,0,3,2,3,0,0
1,0,0,0,1,1,0,0,12,8,1,21,2,9,7.300000000000001,5,3,1,4,3,4
1,1,1,0,1,0,1,0,14,7,3,24,1,7,8.100000000000001,6,1,0,1,3,0
1,0,1,1,1,1,1,0,9,7,2,18,2,7,6.05,5,4,3,1,3,0
1,0,1,0,0,0,0,0,13,8,2,23,1,9,7.750000000000001,5,3,3,3,0,0
0,0,1,0,0,1,0,0,9,7,1,17,2,8,5.85,1,2,3,0,3,0
0,0,0,0,0,1,1,0,19,5,0,24,2,5,9.150000000000002,0,3,2,3,1,1
0,1,0,0,1,0,1,0,16,6,1,23,1,6,8.25,3,2,3,4,2,1
0,0,1,0,1,0,0,0,15,11,1,27,1,12,9.1,3,3,2,2,3,1
1,1,0,0,0,1,1,0,9,11,2,22,2,11,7.05,6,3,0,4,3,4
1,0,0,0,1,1,0,0,17,12,1,30,2,13,10.3,5,1,2,1,1,0
0,1,0,1,0,1,0,0,9,11,1,21,2,12,6.85,3,3,1,2,1,3
1,1,0,0,1,0,1,0,9,6,2,17,1,6,5.65,3,3,0,4,3,2
1,0,1,0,1,0,1,0,11,11,2,24,1,11,7.700000000000001,5,3,2,4,2,4
0,0,0,0,0,0,1,0,19,11,0,30,1,11,10.500000000000002,0,1,2,4,3,2
1,1,1,1,0,0,0,0,6,5,3,14,1,6,4.4,5,3,1,4,3,0
1,1,1,1,1,1,0,0,10,7,3,20,2,8,6.6499999999999995,2,2,3,2,1,0
1,0,0,1,1,1,0,0,8,7,1,16,2,8,5.45,1,4,3,4,3,4
1,1,1,1,1,0,0,0,13,8,3,24,1,9,7.950000000000001,0,3,2,3,2,2
0,1,0,1,1,0,1,0,15,12,1,28,1,12,9.35,6,2,1,1,3,2
1,0,0,0,0,0,1,0,12,11,1,24,1,11,7.900000000000001,6,4,2,1,3,2
0,1,1,1,1,0,1,0,10,8,2,20,1,8,6.550000000000001,6,1,2,0,3,1
1,1,1,1,0,1,1,0,10,7,3,20,2,7,6.6499999999999995,5,3,2,1,0,2
0,1,0,1,1,1,0,0,15,8,1,24,2,9,8.5,2,3,0,4,2,4
1,0,1,0,1,1,1,0,11,10,2,23,2,10,7.6000000000000005,2,1,1,1,3,4
0,0,1,0,0,1,1,0,11,7,1,19,2,7,6.65,2,0,2,4,3,1
0,0,1,0,0,0,1,0,22,13,1,36,1,13,12.4,6,2,2,4,0,3
1,1,0,0,1,0,1,0,13,14,2,29,1,14,9.25,3,3,2,4,3,0
1,1,0,1,1,0,1,0,6,10,2,18,1,10,5.450000000000001,6,2,0,4,3,0
0,0,0,1,1,1,1,0,12,4,0,16,2,4,6.1000000000000005,5,2,1,1,1,3
0,0,0,1,0,0,1,0,12,12,0,24,1,12,7.950000000000001,3,0,2,4,0,4
1,0,0,0,0,1,1,0,13,8,1,22,2,8,7.7,1,2,2,4,2,1
0,1,0,0,1,0,0,0,18,9,1,28,1,10,9.799999999999999,2,3,2,3,3,3
1,0,1,0,1,1,1,0,10,8,2,20,2,8,6.7,1,3,1,1,3,1
0,0,0,1,1,0,0,0,19,13,0,32,1,14,11.000000000000002,5,1,1,1,2,3
1,0,1,0,0,0,0,0,15,10,2,27,1,11,9.05,3,2,3,2,3,3
1,0,1,0,1,0,1,0,11,5,2,18,1,5,6.200000000000001,1,3,3,3,0,1
1,0,0,1,0,1,1,0,13,5,1,19,2,5,6.95,4,2,0,2,0,0
0,1,1,0,0,0,1,0,14,11,2,27,1,11,8.900000000000002,0,3,2,0,3,0
1,1,0,1,1,1,0,0,10,4,2,16,2,5,5.7,2,3,0,4,3,0
1,1,1,0,0,0,0,0,13,10,3,26,1,11,8.450000000000001,3,2,2,1,3,0
1,0,1,1,0,1,1,0,6,7,2,15,2,7,4.8500000000000005,3,3,2,3,3,4
1,0,0,1,1,1,1,0,15,10,1,26,2,10,9.0,6,3,3,1,3,2
1,1,0,0,0,0,1,0,15,7,2,24,1,7,8.3,1,2,0,1,3,0
0,0,0,0,1,0,1,0,9,10,0,19,1,10,6.25,1,3,3,1,3,2
0,1,1,1,1,1,1,0,9,13,2,24,2,13,7.55,3,3,3,0,1,3
1,1,1,0,1,0,0,0,9,9,3,21,1,10,6.6,3,3,1,4,0,1
1,0,0,0,1,1,1,0,6,5,1,12,2,5,4.15,0,3,3,2,3,0
0,1,0,0,1,1,1,0,17,8,1,26,2,8,9.3,3,2,0,0,2,0
1,1,0,1,1,1,1,0,19,11,2,32,2,11,11.050000000000002,5,3,1,1,3,0
0,1,1,0,0,1,0,0,13,6,2,21,2,7,7.4,2,0,0,1,3,0
0,0,0,1,0,1,0,0,8,7,0,15,2,8,5.25,5,3,0,1,2,3
0,0,0,0,1,1,1,0,18,11,0,29,2,11,10.25,2,3,0,4,1,1
0,1,1,0,1,1,1,0,15,8,2,25,2,8,8.700000000000001,0,3,0,3,3,4
1,0,1,1,0,0,0,0,20,9,2,31,1,10,10.8,1,2,1,0,3,4
1,1,0,1,1,0,1,0,8,8,2,18,1,8,5.750000000000001,5,3,3,1,0,4
0,1,1,1,1,1,1,0,6,9,2,17,2,9,5.3500000000000005,5,0,3,4,3,0
0,1,0,1,1,1,0,0,8,7,1,16,2,8,5.45,0,2,2,4,2,4
0,0,0,0,1,1,0,0,14,15,0,29,2,16,9.650000000000002,1,2,2,3,3,4
0,1,1,0,1,0,0,0,17,11,2,30,1,12,10.100000000000001,1,1,3,1,2,0
1,0,0,0,1,0,0,0,13,8,1,22,1,9,7.550000000000001,0,1,3,1,3,0
0,1,1,0,1,0,0,0,13,8,2,23,1,9,7.750000000000001,1,3,3,0,0,4
0,1,0,1,0,0,1,0,8,10,1,19,1,10,6.050000000000001,6,3,2,1,3,0
1,0,0,1,1,1,1,0,15,9,1,25,2,9,8.75,6,2,2,4,2,1
0,1,1,0,1,0,1,0,18,11,2,31,1,11,10.5,0,4,3,1,3,3
1,0,0,0,1,0,0,0,18,11,1,30,1,12,10.299999999999999,2,3,0,4,2,0
1,0,0,1,1,0,1,0,11,5,1,17,1,5,6.000000000000001,6,4,2,1,3,2
0,1,1,0,1,0,0,0,13,11,2,26,1,12,8.5,2,3,0,4,3,0
1,0,1,0,1,1,1,0,16,9,2,27,2,9,9.350000000000001,5,0,3,3,3,2
0,1,0,1,1,0,1,0,17,12,1,30,1,12,10.15,1,2,2,4,0,0
0,0,1,0,1,0,1,0,16,9,1,26,1,9,9.0,1,1,2,4,3,0
0,1,0,0,1,0,1,0,5,5,1,11,1,5,3.6,0,3,2,4,3,0
1,0,0,1,1,0,0,0,7,7,1,15,1,8,4.900000000000001,1,4,1,1,2,3
1,0,1,1,0,1,1,0,17,9,2,28,2,9,9.750000000000002,3,1,0,2,0,4
1,0,1,1,0,0,0,0,16,11,2,29,1,12,9.700000000000001,3,4,1,3,3,1
1,1,0,1,1,1,1,0,12,9,2,23,2,9,7.750000000000001,6,3,2,1,1,4
0,0,1,0,1,0,1,0,12,7,1,20,1,7,6.900000000000001,0,2,2,4,3,0
0,1,0,1,0,0,1,0,11,14,1,26,1,14,8.25,1,3,2,2,1,0
0,0,1,0,1,0,1,0,17,7,1,25,1,7,8.9,2,3,2,0,0,0
0,1,1,1,0,0,1,0,14,13,2,29,1,13,9.400000000000002,5,3,0,1,3,0
0,1,1,1,1,1,0,0,9,15,2,26,2,16,8.05,0,3,3,1,3,0
1,1,1,1,0,0,0,0,18,7,3,28,1,8,9.7,6,3,0,0,3,4
1,0,1,0,0,1,0,0,16,6,2,24,2,7,8.600000000000001,3,2,2,1,3,1
0,0,0,1,0,1,1,0,12,11,0,23,2,11,7.8500000000000005,1,3,3,1,1,0
0,0,1,1,1,0,0,0,14,9,1,24,1,10,8.200000000000001,5,4,1,1,3,0
1,0,1,1,1,1,0,0,18,3,2,23,2,4,8.65,3,2,2,1,3,4
1,0,0,0,1,1,1,0,19,10,1,30,2,10,10.600000000000001,1,0,2,0,3,1
1,0,1,0,0,0,0,0,13,6,2,21,1,7,7.250000000000001,0,2,1,1,1,3
0,0,0,1,0,1,1,0,9,9,0,18,2,9,6.1499999999999995,3,0,2,1,0,0
1,0,0,1,0,1,1,0,14,6,1,21,2,6,7.6000000000000005,1,3,1,4,3,0
0,0,0,0,1,0,0,0,12,11,0,23,1,12,7.700000000000001,1,2,1,1,2,4
0,0,1,1,0,1,0,0,12,8,1,21,2,9,7.300000000000001,1,3,2,4,2,1
0,0,1,1,0,0,0,0,16,6,1,23,1,7,8.25,5,1,1,4,3,0
1,0,0,1,0,1,0,0,14,9,1,24,2,10,8.350000000000001,0,4,1,4,3,4
1,0,1,0,0,0,1,0,9,3,2,14,1,3,4.9,3,3,3,2,2,4
0,1,1,0,0,0,1,0,8,9,2,19,1,9,6.000000000000001,0,3,1,4,2,0
1,1,1,0,0,1,1,0,18,12,3,33,2,12,11.1,6,2,3,1,1,4
1,0,0,0,1,1,1,0,6,6,1,13,2,6,4.4,6,1,0,4,3,4
1,1,1,0,0,0,1,0,12,6,3,21,1,6,7.050000000000001,1,0,1,0,3,4
1,0,1,1,1,0,1,0,18,12,2,32,1,12,10.75,0,0,1,4,1,4
0,1,1,0,1,0,1,0,10,4,2,16,1,4,5.550000000000001,0,3,2,2,3,0
1,1,0,0,1,1,0,0,13,5,2,20,2,6,7.15,1,2,1,4,0,0
1,0,1,0,1,1,0,0,14,10,2,26,2,11,8.800000000000002,6,0,0,1,3,0
0,0,1,0,0,1,1,0,9,9,1,19,2,9,6.35,3,3,1,1,2,0
1,0,0,0,1,1,0,0,12,12,1,25,2,13,8.3,5,4,0,4,3,0
1,0,0,0,1,1,1,0,16,15,1,32,2,15,10.65,1,4,1,2,3,4
1,1,1,1,1,0,0,0,16,9,3,28,1,10,9.4,6,2,1,1,3,0
0,0,0,0,1,1,0,0,15,11,0,26,2,12,9.05,6,2,3,1,3,3
1,0,1,0,0,1,1,0,11,6,2,19,2,6,6.6000000000000005,1,0,2,1,2,1
1,0,1,1,1,0,1,0,8,8,2,18,1,8,5.750000000000001,6,3,0,2,1,1
0,0,1,0,0,1,0,0,14,5,1,20,2,6,7.3500000000000005,3,1,3,4,3,0
0,1,0,1,1,0,0,0,5,6,1,12,1,7,3.85,5,3,0,1,2,2
0,0,1,1,1,0,0,0,18,7,1,26,1,8,9.299999999999999,0,2,1,3,3,0
0,1,0,0,0,0,0,0,11,13,1,25,1,14,8.0,0,1,3,1,3,1
1,1,0,0,0,1,0,0,9,8,2,19,2,9,6.3,1,3,0,1,3,4
1,0,0,0,0,1,0,0,15,13,1,29,2,14,9.75,1,3,0,0,3,0
0,0,1,1,1,1,1,0,12,12,1,25,2,12,8.3,0,1,3,4,1,1
0,1,0,0,1,1,0,0,18,10,1,29,2,11,10.2,0,4,2,4,2,0
1,0,0,0,0,0,0,0,17,6,1,24,1,7,8.65,3,3,1,1,3,3
0,1,1,0,1,1,0,0,15,4,2,21,2,5,7.7,0,4,2,0,1,3
0,0,0,1,1,1,0,0,5,6,0,11,2,7,3.8,3,3,3,1,2,2
0,1,0,1,1,1,0,0,13,15,1,29,2,16,9.45,3,0,2,4,3,1
0,0,0,1,1,0,0,0,12,10,0,22,1,11,7.450000000000001,6,3,3,1,2,3
0,0,1,0,0,0,1,0,6,12,1,19,1,12,5.750000000000001,1,3,3,1,0,3
1,1,1,1,0,1,0,0,22,11,3,36,2,12,12.450000000000001,6,4,2,1,3,4
0,1,1,0,1,0,1,0,11,11,2,24,1,11,7.700000000000001,0,3,3,0,3,0
1,0,0,0,1,1,1,0,11,10,1,22,2,10,7.4,0,2,0,4,3,2
0,0,0,1,0,0,1,0,8,12,0,20,1,12,6.3500000000000005,6,3,0,4,0,4
1,1,1,1,1,0,0,0,14,9,3,26,1,10,8.600000000000001,1,3,2,3,2,4
1,0,0,1,1,1,1,0,21,6,1,28,2,6,10.4,3,2,0,3,2,0
1,0,1,0,1,1,1,0,10,9,2,21,2,9,6.95,6,3,2,4,0,0
0,0,1,1,0,0,1,0,13,9,1,23,1,9,7.800000000000001,1,4,0,1,3,4
0,0,0,0,0,1,1,0,17,10,0,27,2,10,9.600000000000001,5,3,0,4,1,4
1,0,0,1,1,1,1,0,17,8,1,26,2,8,9.3,3,0,0,0,3,2
1,0,1,1,0,1,0,0,5,11,2,18,2,12,5.45,3,3,3,1,0,1
0,0,0,0,0,1,0,0,13,7,0,20,2,8,7.25,0,0,2,4,0,0
0,0,1,1,1,1,0,0,19,11,1,31,2,12,10.850000000000001,1,2,2,0,3,2
0,0,0,1,1,1,0,0,17,9,0,26,2,10,9.350000000000001,5,4,3,1,3,1
0,1,0,0,0,1,1,0,14,4,1,19,2,4,7.1000000000000005,3,0,1,3,3,3
0,0,0,1,1,1,1,0,19,10,0,29,2,10,10.400000000000002,6,3,0,4,3,3
1,0,1,0,1,0,0,0,9,9,2,20,1,10,6.4,1,4,2,4,1,3
1,1,1,0,0,0,1,0,11,10,3,24,1,10,7.65,3,0,3,3,3,0
1,0,0,1,0,0,0,0,13,7,1,21,1,8,7.300000000000001,1,3,2,4,3,1
1,0,1,1,1,0,1,0,12,7,2,21,1,7,7.100000000000001,3,3,1,1,0,4
0,1,0,1,1,1,0,0,9,6,1,16,2,7,5.6,6,2,0,1,1,4
0,0,0,0,0,1,1,0,11,5,0,16,2,5,5.95,2,2,3,2,3,2
1,0,1,0,1,1,1,0,17,11,2,30,2,11,10.250000000000002,2,3,3,0,2,1
1,1,1,1,0,0,1,0,8,7,3,18,1,7,5.700000000000001,1,3,1,4,3,0
1,0,1,0,0,0,0,0,8,6,2,16,1,7,5.250000000000001,6,3,2,4,3,3
0,0,1,1,1,0,0,0,17,12,1,30,1,13,10.15,3,2,0,1,3,2
1,1,0,1,0,1,1,0,19,9,2,30,2,9,10.550000000000002,0,1,2,1,3,0
1,1,1,1,1,0,1,0,6,10,3,19,1,10,5.65,1,2,3,1,3,4
0,1,0,0,0,0,0,0,9,10,1,20,1,11,6.45,6,3,1,3,0,0
0,1,0,1,0,0,1,0,15,3,1,19,1,3,7.1000000000000005,1,3,2,0,2,4
1,0,1,1,1,0,1,0,16,5,2,23,1,5,8.200000000000001,5,3,3,1,3,0
0,1,1,1,0,1,1,0,11,11,2,24,2,11,7.8500000000000005,5,4,1,0,2,3
1,1,1,1,0,1,1,0,8,13,3,24,2,13,7.3500000000000005,1,0,2,4,3,1
1,1,0,0,0,1,0,0,15,10,2,27,2,11,9.200000000000001,1,2,1,0,0,0
0,1,0,0,0,0,0,0,20,10,1,31,1,11,10.85,2,3,3,0,0,0
0,1,0,0,1,0,0,0,7,4,1,12,1,5,4.15,1,1,2,4,0,4
0,1,1,0,1,0,1,0,18,8,2,28,1,8,9.75,4,4,1,2,1,0
0,1,0,1,1,1,0,0,16,8,1,25,2,9,8.9,6,3,1,1,2,1
0,1,1,0,1,1,1,0,14,7,2,23,2,7,8.05,2,3,1,1,3,3
0,1,1,1,0,1,0,0,9,11,2,22,2,12,7.05,1,3,3,4,3,2
1,0,0,0,1,1,0,0,13,6,1,20,2,7,7.2,1,2,2,4,1,4
0,0,0,0,0,0,1,0,15,6,0,21,1,6,7.65,3,3,2,4,3,3
1,0,0,0,1,1,1,0,11,9,1,21,2,9,7.15,6,2,2,1,2,0
1,0,1,1,0,1,0,0,7,8,2,17,2,9,5.500000000000001,2,0,0,1,1,0
1,1,1,1,0,0,1,0,13,12,3,28,1,12,8.95,1,3,2,2,3,1
1,0,0,0,0,1,1,0,11,7,1,19,2,7,6.65,1,4,0,0,3,0
0,0,1,0,1,1,1,0,5,12,1,18,2,12,5.5,0,2,2,4,2,1
0,0,0,1,0,0,1,0,15,9,0,24,1,9,8.4,5,3,2,4,0,1
1,1,1,1,1,0,0,0,18,12,3,33,1,13,10.95,1,0,3,2,2,3
0,1,1,1,1,1,1,0,13,13,2,28,2,13,9.15,1,3,2,4,2,0
1,0,1,0,1,0,0,0,11,4,2,17,1,5,5.950000000000001,2,3,2,0,3,0
1,1,0,0,0,1,0,0,11,10,2,23,2,11,7.6000000000000005,6,2,2,0,3,3
0,0,1,0,0,1,0,0,11,12,1,24,2,13,7.9,3,2,2,0,3,3
1,1,1,0,0,0,0,0,12,11,3,26,1,12,8.3,2,3,0,2,3,0
0,0,0,0,1,1,0,0,12,12,0,24,2,13,8.100000000000001,0,3,1,1,3,1
0,0,0,1,0,1,1,0,12,5,0,17,2,5,6.3500000000000005,1,3,1,1,3,4
1,1,1,1,0,1,1,0,10,6,3,19,2,6,6.3999999999999995,1,2,3,4,3,0
1,0,1,1,1,0,0,0,16,8,2,26,1,9,8.950000000000001,0,3,0,0,3,3
0,1,1,1,1,1,1,0,15,9,2,26,2,9,8.950000000000001,2,3,3,1,0,0
0,0,1,1,0,0,1,0,5,7,1,13,1,7,4.1000000000000005,1,3,1,1,3,4
0,1,1,0,0,0,0,0,14,10,2,26,1,11,8.650000000000002,1,3,3,4,0,0
1,1,1,0,1,1,1,0,15,8,3,26,2,8,8.9,3,3,1,4,3,2
0,0,0,1,0,0,1,0,15,5,0,20,1,5,7.4,2,4,1,4,3,4
0,0,1,1,0,0,0,0,10,5,1,16,1,6,5.6000000000000005,3,0,1,0,2,3
1,0,1,1,1,0,0,0,9,11,2,22,1,12,6.9,3,4,0,1,3,3
0,0,1,1,0,0,0,0,9,10,1,20,1,11,6.45,3,2,0,4,2,4
1,0,1,1,0,0,0,0,14,9,2,25,1,10,8.4,5,2,0,4,2,0
0,0,1,0,1,0,1,0,13,10,1,24,1,10,8.05,1,1,0,4,3,3
0,0,0,1,1,0,0,0,18,7,0,25,1,8,9.1,6,2,3,4,0,1
1,0,1,1,1,1,1,0,12,9,2,23,2,9,7.750000000000001,1,3,3,1,3,3
0,0,1,0,1,1,1,0,9,8,1,18,2,8,6.1,3,1,0,2,3,4
1,1,1,1,0,1,0,0,18,7,3,28,2,8,9.85,3,3,3,1,3,4
1,0,1,0,1,0,1,0,6,7,2,15,1,7,4.700000000000001,1,3,3,4,3,1
1,0,1,1,0,0,0,0,20,13,2,35,1,14,11.8,3,2,1,4,0,0
0,1,0,1,1,1,0,0,4,12,1,17,2,13,5.1,0,2,3,1,2,4
0,0,0,0,0,0,0,0,12,11,0,23,1,12,7.700000000000001,1,3,3,0,3,1
0,0,1,1,1,1,0,0,14,7,1,22,2,8,7.8500000000000005,1,2,2,2,0,4
1,1,0,1,0,1,1,0,14,6,2,22,2,6,7.800000000000001,0,4,1,2,2,0
1,0,1,1,1,1,1,0,7,9,2,18,2,9,5.750000000000001,6,2,2,0,0,0
0,0,1,1,1,1,0,0,11,11,1,23,2,12,7.65,1,1,3,1,2,0
0,0,1,1,1,0,0,0,12,8,1,21,1,9,7.150000000000001,5,4,1,4,3,0
1,0,1,1,0,0,1,0,10,7,2,19,1,7,6.300000000000001,5,2,3,3,0,0
0,1,0,0,1,0,1,0,12,4,1,17,1,4,6.150000000000001,6,3,1,1,0,0
0,0,0,1,0,0,1,0,17,9,0,26,1,9,9.200000000000001,3,3,2,4,3,0
1,1,1,0,0,0,1,0,11,9,3,23,1,9,7.4,3,3,1,0,3,0
0,1,0,0,1,0,0,0,19,10,1,30,1,11,10.450000000000001,1,4,0,3,1,4
1,1,1,1,0,1,0,0,15,12,3,30,2,13,9.9,2,3,0,3,3,3
1,0,1,0,0,0,0,0,15,4,2,21,1,5,7.550000000000001,1,1,2,4,2,2
0,0,1,0,1,1,0,0,13,9,1,23,2,10,7.95,0,3,0,4,2,0
0,0,0,0,1,1,0,0,15,11,0,26,2,12,9.05,2,1,1,1,3,1
1,0,0,0,1,0,1,0,7,11,1,19,1,11,5.900000000000001,1,0,2,4,3,4
0,0,1,0,1,0,1,0,8,11,1,20,1,11,6.300000000000001,0,3,0,0,3,1
1,0,1,1,1,1,1,0,16,7,2,25,2,7,8.850000000000001,0,3,0,1,0,0
1,1,1,0,1,0,0,0,17,10,3,30,1,11,10.05,4,2,0,1,2,3
1,0,1,0,0,1,1,0,15,13,2,30,2,13,9.950000000000001,0,3,2,0,3,0
1,1,1,1,0,1,0,0,13,6,3,22,2,7,7.6000000000000005,1,0,0,1,0,1
0,1,1,0,1,1,0,0,19,12,2,33,2,13,11.300000000000002,6,3,0,0,1,0
1,1,1,1,1,1,1,0,11,14,3,28,2,14,8.8,1,1,1,4,3,1
1,0,0,1,1,0,0,0,14,6,1,21,1,7,7.450000000000001,6,2,2,0,0,1
1,0,0,1,0,0,1,0,8,8,1,17,1,8,5.550000000000001,5,3,0,2,0,4
0,0,1,0,1,1,1,0,14,6,1,21,2,6,7.6000000000000005,1,3,1,1,0,4
0,1,1,0,0,1,1,0,18,6,2,26,2,6,9.4,3,1,1,4,1,0
1,0,0,0,1,0,1,0,2,12,1,15,1,12,4.15,5,2,2,3,2,0
0,0,1,1,1,0,0,0,13,11,1,25,1,12,8.3,1,3,3,1,3,4
1,0,0,0,0,0,0,0,14,13,1,28,1,14,9.200000000000001,1,3,2,3,1,1
1,1,0,0,0,0,0,0,12,7,2,21,1,8,7.100000000000001,1,3,2,0,3,3
1,1,1,0,0,0,0,0,12,14,3,29,1,15,9.05,5,3,2,4,1,0
0,0,1,1,0,1,1,0,11,12,1,24,2,12,7.9,5,4,1,1,1,4
0,1,0,0,0,0,1,0,13,11,1,25,1,11,8.3,3,3,0,1,3,2
1,0,1,0,0,0,1,0,11,12,2,25,1,12,7.950000000000001,2,4,3,0,2,0
1,0,0,0,1,0,0,0,11,6,1,18,1,7,6.250000000000001,3,3,0,0,2,3
1,0,1,1,1,1,1,0,15,13,2,30,2,13,9.950000000000001,2,2,1,4,1,4
1,1,1,1,1,0,0,0,4,3,3,10,1,4,3.1,2,1,2,4,3,4
0,0,1,0,0,0,1,0,12,5,1,18,1,5,6.400000000000001,1,4,1,2,2,4
1,1,1,0,1,0,1,0,17,7,3,27,1,7,9.3,6,0,2,4,0,3
1,0,1,0,0,1,1,0,9,11,2,22,2,11,7.05,6,3,0,2,2,4
1,1,0,1,0,0,1,0,9,10,2,21,1,10,6.65,2,1,0,1,2,0
0,1,1,1,1,1,1,0,12,10,2,24,2,10,8.000000000000002,5,3,1,4,3,2
0,0,0,0,0,0,1,0,9,10,0,19,1,10,6.25,5,1,1,1,3,3
1,1,0,0,0,1,1,0,13,12,2,27,2,12,8.9,1,2,0,1,1,0
1,0,1,1,1,0,0,0,13,10,2,25,1,11,8.25,1,3,0,2,0,1
0,1,1,1,1,1,0,0,16,11,2,29,2,12,9.850000000000001,6,0,0,0,3,4
1,1,1,0,1,1,0,0,11,5,3,19,2,6,6.55,5,3,3,3,1,3
0,0,1,0,1,0,1,0,17,14,1,32,1,14,10.65,3,2,3,1,2,4
0,0,1,0,1,0,0,0,18,9,1,28,1,10,9.799999999999999,0,1,0,2,1,1
0,0,1,1,0,1,0,0,9,7,1,17,2,8,5.85,3,1,2,0,3,0
1,0,0,0,0,1,0,0,8,9,1,18,2,10,5.95,3,2,2,2,2,1
0,1,0,1,1,1,1,0,14,9,1,24,2,9,8.350000000000001,1,2,1,0,1,4
0,0,0,1,1,0,1,0,18,14,0,32,1,14,10.85,6,3,1,4,1,0
1,1,0,1,0,1,1,0,15,8,2,25,2,8,8.700000000000001,1,4,0,1,3,4
1,0,0,0,1,1,1,0,11,6,1,18,2,6,6.4,5,0,1,4,3,1
0,1,0,1,1,0,0,0,17,9,1,27,1,10,9.4,5,2,0,2,3,4
0,0,1,0,1,1,0,0,13,11,1,25,2,12,8.450000000000001,2,4,1,2,1,0
1,1,1,0,0,1,1,0,7,6,3,16,2,6,5.2,5,3,1,1,0,3
1,0,1,0,1,1,1,0,3,9,2,14,2,9,4.15,2,4,1,2,3,2
0,1,0,1,0,1,0,0,19,5,1,25,2,6,9.350000000000001,3,3,2,1,3,4
1,0,1,1,1,1,1,0,16,10,2,28,2,10,9.600000000000001,5,3,3,4,3,3
1,0,1,1,1,1,1,0,7,12,2,21,2,12,6.500000000000001,3,0,2,4,2,4
0,1,0,1,0,0,0,0,21,12,1,34,1,13,11.75,2,3,3,1,3,1
0,0,1,0,1,1,0,0,9,7,1,17,2,8,5.85,2,0,2,0,1,2
0,0,0,1,1,0,0,0,12,7,0,19,1,8,6.700000000000001,1,3,1,2,3,0
0,0,1,1,1,1,0,0,14,12,1,27,2,13,9.100000000000001,5,3,0,1,1,0
1,1,1,0,1,0,0,0,12,10,3,25,1,11,8.05,1,3,2,1,0,4
0,1,0,1,1,1,0,0,16,8,1,25,2,9,8.9,6,3,2,0,1,4
0,0,1,0,0,1,1,0,14,12,1,27,2,12,9.100000000000001,1,2,3,0,2,0
1,1,1,0,1,1,1,0,11,9,3,23,2,9,7.55,1,2,1,0,1,0
1,1,1,0,1,0,0,0,16,10,3,29,1,11,9.65,0,2,0,0,3,0
1,0,1,1,0,1,0,0,11,5,2,18,2,6,6.3500000000000005,2,2,0,4,0,0
0,1,0,1,0,0,0,0,12,8,1,21,1,9,7.150000000000001,3,3,1,0,3,4
0,0,0,0,1,1,1,0,8,3,0,11,2,3,4.25,6,1,3,1,3,0
0,0,1,0,0,0,1,0,8,13,1,22,1,13,6.800000000000001,0,4,1,1,3,0
1,0,1,0,1,0,1,0,15,5,2,22,1,5,7.800000000000001,5,0,0,1,3,4
0,0,0,0,1,0,0,0,11,15,0,26,1,16,8.3,3,0,3,0,3,0
1,1,1,1,1,1,0,0,13,5,3,21,2,6,7.3500000000000005,1,3,3,0,1,1
0,0,0,0,1,1,1,0,16,14,0,30,2,14,10.200000000000001,1,3,1,1,2,4
1,0,1,0,0,1,1,0,7,5,2,14,2,5,4.750000000000001,3,2,1,0,0,0
1,0,1,1,0,0,0,0,20,5,2,27,1,6,9.8,0,1,1,4,3,3
1,1,0,1,1,1,0,0,17,9,2,28,2,10,9.750000000000002,5,3,0,1,3,0
1,1,0,1,0,1,0,0,10,9,2,21,2,10,6.95,5,1,0,1,3,0
1,1,0,0,0,1,1,0,10,11,2,23,2,11,7.45,0,1,0,0,2,3
0,1,0,0,1,1,1,0,20,6,1,27,2,6,10.0,6,3,2,3,3,0
1,1,0,0,1,1,0,0,11,9,2,22,2,10,7.3500000000000005,2,3,2,2,3,1
1,0,0,0,0,0,1,0,8,11,1,20,1,11,6.300000000000001,6,1,0,1,2,4
0,1,1,1,0,0,1,0,13,3,2,18,1,3,6.500000000000001,0,2,1,3,3,2
1,0,1,0,1,0,0,0,8,6,2,16,1,7,5.250000000000001,3,3,2,4,3,0
1,1,1,0,1,0,0,0,20,8,3,31,1,9,10.75,4,3,3,4,3,4
0,0,0,1,0,0,1,0,18,5,0,23,1,5,8.6,5,2,1,1,3,0
0,1,1,1,0,0,1,0,17,12,2,31,1,12,10.350000000000001,0,3,3,3,3,0
1,0,1,1,0,1,1,0,16,7,2,25,2,7,8.850000000000001,0,3,0,4,3,4
0,0,0,1,0,0,1,0,13,7,0,20,1,7,7.1000000000000005,5,3,3,2,2,0
1,1,1,0,0,1,1,0,11,4,3,18,2,4,6.3,5,3,1,1,3,1
0,1,0,0,0,1,0,0,13,9,1,23,2,10,7.95,5,0,3,1,3,2
1,0,1,0,0,1,0,0,5,7,2,14,2,8,4.45,6,2,1,3,3,4
1,1,0,0,1,0,1,0,16,10,2,28,1,10,9.450000000000001,5,0,0,1,0,3
1,1,0,1,1,1,0,0,14,5,2,21,2,6,7.550000000000001,4,2,2,1,1,0
0,0,0,0,1,0,0,0,7,7,0,14,1,8,4.700000000000001,3,2,0,4,0,0
0,0,1,0,0,0,1,0,18,6,1,25,1,6,9.049999999999999,6,3,1,0,0,0
1,0,1,0,0,1,0,0,16,8,2,26,2,9,9.100000000000001,3,0,2,0,1,0
0,1,1,1,0,0,1,0,5,14,2,21,1,14,6.050000000000001,4,2,0,4,1,4
0,1,0,1,1,1,0,0,22,5,1,28,2,6,10.55,1,3,1,1,1,4
0,1,1,1,1,1,1,0,17,11,2,30,2,11,10.250000000000002,5,3,3,1,1,0
1,0,1,0,1,0,0,0,17,9,2,28,1,10,9.600000000000001,1,1,3,0,1,4
0,1,1,0,1,1,1,0,22,10,2,34,2,10,12.000000000000002,0,3,2,4,0,0
0,1,1,1,0,0,0,0,16,6,2,24,1,7,8.450000000000001,1,3,0,4,0,1
1,0,1,1,1,0,1,0,14,6,2,22,1,6,7.650000000000001,2,1,1,1,0,4
1,1,0,1,0,1,0,0,5,10,2,17,2,11,5.2,4,4,0,4,3,0
0,1,1,0,0,1,0,0,16,5,2,23,2,6,8.350000000000001,1,1,0,4,0,0
1,0,1,0,1,1,0,0,12,12,2,26,2,13,8.500000000000002,5,4,0,4,3,0
1,0,0,1,0,0,0,0,8,10,1,19,1,11,6.050000000000001,6,3,2,0,3,1
0,0,1,0,1,1,1,0,15,8,1,24,2,8,8.5,3,3,0,0,0,0
1,0,0,1,0,1,0,0,13,10,1,24,2,11,8.200000000000001,6,1,2,4,2,4
0,0,1,1,1,1,0,0,12,8,1,21,2,9,7.300000000000001,1,3,1,1,3,3
1,1,0,0,1,0,0,0,7,8,2,17,1,9,5.350000000000001,6,3,2,4,0,1
0,0,1,0,0,0,1,0,13,6,1,20,1,6,7.050000000000001,6,2,0,0,1,1
1,1,1,1,1,0,0,0,22,7,3,32,1,8,11.3,1,3,0,3,3,2
1,1,1,1,1,0,0,0,12,7,3,22,1,8,7.300000000000001,5,3,2,2,3,4
1,0,1,1,0,0,1,0,12,11,2,25,1,11,8.100000000000001,2,1,1,0,0,0
0,1,1,0,1,0,1,0,18,9,2,29,1,9,10.0,4,3,3,4,3,1
0,0,0,0,1,0,0,0,11,4,0,15,1,5,5.550000000000001,5,3,1,1,3,1
1,0,0,0,1,0,1,0,16,6,1,23,1,6,8.25,6,3,2,4,1,3
0,0,1,0,0,0,0,0,23,6,1,30,1,7,11.05,6,3,2,4,3,1
1,1,1,1,1,1,0,0,19,5,3,27,2,6,9.750000000000002,1,2,0,4,0,4
0,1,0,0,0,0,0,0,11,9,1,21,1,10,7.000000000000001,3,1,2,4,2,2
1,0,0,0,1,0,0,0,10,14,1,25,1,15,7.8500000000000005,3,0,2,1,0,1
1,1,1,1,1,0,1,0,7,8,3,18,1,8,5.550000000000001,3,2,2,4,0,4
0,1,0,0,1,1,0,0,22,8,1,31,2,9,11.3,5,4,3,0,1,0
1,1,1,1,1,0,1,0,20,11,3,34,1,11,11.5,6,3,0,1,3,4
1,1,1,1,1,1,1,0,13,14,3,30,2,14,9.6,6,3,2,1,1,4
1,1,1,1,1,1,1,0,20,4,3,27,2,4,9.9,6,3,1,0,3,2
1,1,1,1,1,1,1,0,10,9,3,22,2,9,7.1499999999999995,1,3,3,4,3,0
1,1,0,1,1,0,0,0,8,3,2,13,1,4,4.500000000000001,6,4,3,1,2,1
0,0,0,1,1,1,1,0,15,11,0,26,2,11,9.05,6,2,1,2,3,0
1,0,0,0,1,0,0,0,18,7,1,26,1,8,9.299999999999999,5,4,1,3,1,1
0,0,1,0,0,1,0,0,18,7,1,26,2,8,9.45,5,3,2,4,1,0
0,0,0,1,1,1,1,0,10,10,0,20,2,10,6.8,6,3,2,4,1,4
0,0,0,0,0,1,1,0,11,7,0,18,2,7,6.45,5,3,2,4,3,1
0,0,1,1,1,0,0,0,12,8,1,21,1,9,7.150000000000001,3,1,0,3,1,4
0,0,1,0,0,0,1,0,11,12,1,24,1,12,7.750000000000001,3,0,3,2,0,1
0,0,1,0,1,1,0,0,6,12,1,19,2,13,5.9,1,3,1,3,3,3
1,1,1,1,0,1,0,0,8,5,3,16,2,6,5.3500000000000005,0,0,0,4,0,0
0,0,1,0,1,1,1,0,8,7,1,16,2,7,5.45,2,3,0,1,3,0
0,0,0,0,0,0,0,0,12,6,0,18,1,7,6.450000000000001,3,3,0,1,3,1
1,1,1,1,0,1,0,0,8,7,3,18,2,8,5.8500000000000005,5,3,0,4,3,4
1,0,0,0,1,1,0,0,16,12,1,29,2,13,9.9,5,2,3,4,3,3
1,0,0,1,1,0,0,3,11,14,1,26,1,15,8.25,5,3,2,4,2,4
0,0,1,0,0,0,1,3,8,12,1,21,1,12,6.550000000000001,6,3,1,1,1,4
0,1,1,0,0,1,0,3,15,4,2,21,2,5,7.7,6,0,3,0,3,3
1,0,0,1,0,0,1,3,19,6,1,26,1,6,9.450000000000001,2,2,1,4,1,4
0,1,1,1,0,1,0,3,10,7,2,19,2,8,6.45,3,3,3,3,3,0
1,0,1,0,1,1,0,3,17,12,2,31,2,13,10.500000000000002,1,3,2,4,3,1
1,1,0,0,1,0,1,3,9,9,2,20,1,9,6.4,0,3,0,0,3,3
0,0,0,1,1,1,1,3,12,6,0,18,2,6,6.6000000000000005,1,2,0,2,3,2
1,1,1,1,1,1,1,3,13,8,3,24,2,8,8.100000000000001,6,0,2,4,3,0
0,0,0,0,1,1,0,3,21,12,0,33,2,13,11.700000000000001,0,3,1,1,2,0
0,0,1,0,1,1,0,3,10,5,1,16,2,6,5.75,5,3,2,0,3,0
1,0,1,1,1,0,1,3,19,7,2,28,1,7,9.900000000000002,5,2,0,1,3,1
0,1,1,0,1,1,1,3,13,7,2,22,2,7,7.65,1,2,1,0,3,2
1,1,0,0,1,0,1,3,14,4,2,20,1,4,7.150000000000001,2,0,0,1,3,3
0,0,0,0,0,1,1,3,20,6,0,26,2,6,9.8,6,2,3,4,1,1
1,1,0,1,0,0,0,3,12,10,2,24,1,11,7.850000000000001,6,2,2,1,3,0
1,1,1,0,1,1,1,3,5,7,3,15,2,7,4.6499999999999995,1,2,2,4,3,1
1,1,0,0,1,0,1,3,10,13,2,25,1,13,7.800000000000001,3,1,3,1,0,0
1,0,1,0,1,0,0,3,14,15,2,31,1,16,9.900000000000002,0,2,3,3,0,0
1,1,1,0,0,1,1,3,15,6,3,24,2,6,8.4,0,3,2,0,1,0
1,0,1,0,0,1,1,3,14,3,2,19,2,3,7.050000000000001,1,2,3,3,3,4
0,1,0,0,0,1,1,3,13,12,1,26,2,12,8.7,5,4,0,4,1,4
0,1,0,0,1,1,1,3,16,7,1,24,2,7,8.65,0,3,3,0,0,0
1,0,0,0,1,0,1,3,14,11,1,26,1,11,8.700000000000001,5,0,0,0,0,0
0,1,0,1,1,1,1,3,12,7,1,20,2,7,7.050000000000001,0,3,3,3,1,0
1,0,0,0,1,1,1,3,24,7,1,32,2,7,11.850000000000001,5,2,2,1,2,0
1,1,1,1,1,0,1,3,9,8,3,20,1,8,6.35,5,1,1,4,3,0
1,1,0,0,0,1,0,3,3,6,2,11,2,7,3.4,3,1,3,3,1,2
0,0,0,1,0,1,1,3,11,11,0,22,2,11,7.45,2,2,1,0,0,3
0,0,1,1,0,1,0,3,15,6,1,22,2,7,8.0,0,3,3,1,3,0
0,1,0,0,1,1,1,3,18,5,1,24,2,5,8.95,3,0,2,0,3,1
0,0,1,0,1,1,1,3,9,11,1,21,2,11,6.85,3,2,3,4,2,2
1,0,1,0,0,0,1,3,14,6,2,22,1,6,7.650000000000001,1,3,2,0,2,3
1,0,0,1,0,1,0,3,8,12,1,21,2,13,6.7,5,4,1,0,1,3
0,1,0,0,1,1,1,3,10,9,1,20,2,9,6.75,5,2,3,1,1,3
0,1,0,0,0,1,0,3,8,6,1,15,2,7,5.2,0,2,2,4,3,1
0,1,1,0,0,1,1,3,13,8,2,23,2,8,7.9,0,0,0,4,3,4
0,0,0,0,0,0,0,3,14,6,0,20,1,7,7.250000000000001,0,0,3,4,0,2
1,1,0,1,1,0,0,3,10,10,2,22,1,11,7.050000000000001,1,3,3,2,0,4
0,1,0,1,0,0,1,3,16,7,1,24,1,7,8.5,5,3,1,4,1,2
0,1,0,1,1,0,0,3,7,11,1,19,1,12,5.900000000000001,5,3,2,0,2,1
1,1,1,0,1,1,1,3,17,6,3,26,2,6,9.200000000000001,2,3,2,4,3,0
0,0,0,1,0,1,0,3,9,15,0,24,2,16,7.6499999999999995,2,4,0,2,2,0
0,1,1,0,0,1,0,3,13,9,2,24,2,10,8.15,0,3,0,0,3,4
0,0,1,0,0,1,0,3,9,11,1,21,2,12,6.85,5,3,1,1,0,0
0,0,0,0,0,1,0,3,14,13,0,27,2,14,9.150000000000002,5,3,2,1,3,0
1,0,0,1,0,1,1,3,18,15,1,34,2,15,11.45,1,3,0,4,1,2
0,0,1,1,0,0,1,3,14,11,1,26,1,11,8.700000000000001,0,3,3,1,0,0
1,1,1,1,0,0,1,3,8,8,3,19,1,8,5.950000000000001,3,2,2,3,2,4
0,1,0,0,0,0,1,3,18,7,1,26,1,7,9.299999999999999,5,2,2,3,2,3
1,1,1,1,0,1,0,3,15,10,3,28,2,11,9.4,0,0,3,3,3,2
0,1,0,0,1,0,0,3,17,5,1,23,1,6,8.4,6,0,3,3,3,1
1,0,0,0,1,0,0,3,9,5,1,15,1,6,5.2,1,3,2,1,3,0
0,0,1,1,0,1,1,3,15,7,1,23,2,7,8.25,1,0,0,2,1,0
1,0,1,0,0,0,1,3,13,15,2,30,1,15,9.5,6,2,0,2,1,1
1,1,0,1,1,1,1,3,8,8,2,18,2,8,5.9,1,3,2,1,0,0
1,0,0,1,1,1,1,3,9,12,1,22,2,12,7.1,1,2,2,1,3,4
0,0,0,0,0,1,1,3,18,6,0,24,2,6,9.0,5,3,1,1,1,4
1,0,1,0,0,1,1,3,9,11,2,22,2,11,7.05,3,0,2,0,2,1
1,1,0,0,0,1,1,3,9,10,2,21,2,10,6.8,0,3,0,4,1,0
1,1,0,0,0,0,0,3,13,9,2,24,1,10,8.0,1,4,0,0,3,2
0,0,1,0,1,0,0,3,10,9,1,20,1,10,6.6000000000000005,1,0,2,4,1,2
1,1,1,1,0,0,1,3,19,12,3,34,1,12,11.350000000000001,2,3,3,4,3,1
1,1,0,0,0,0,1,3,20,3,2,25,1,3,9.3,0,0,2,0,3,3
1,1,1,1,1,0,0,3,15,4,3,22,1,5,7.75,1,0,3,1,3,0
1,0,0,1,0,1,1,3,13,13,1,27,2,13,8.95,5,3,2,1,1,4
1,1,1,1,0,1,0,3,13,4,3,20,2,5,7.1000000000000005,6,3,2,4,1,4
0,1,0,0,1,1,0,3,18,13,1,32,2,14,10.95,1,3,0,0,1,3
0,1,1,0,0,0,1,3,9,6,2,17,1,6,5.65,0,2,1,0,0,1
1,0,0,0,1,0,0,3,17,4,1,22,1,5,8.15,5,3,3,4,3,3
0,1,0,0,0,1,1,3,15,11,1,27,2,11,9.25,5,0,3,0,1,0
0,0,0,0,1,1,1,3,8,13,0,21,2,13,6.75,3,3,1,4,3,4
1,1,0,0,1,0,1,3,20,7,2,29,1,7,10.3,1,3,3,0,3,3
1,1,1,0,1,0,1,3,20,8,3,31,1,8,10.75,3,2,2,0,2,0
1,0,1,0,0,0,0,3,18,11,2,31,1,12,10.5,2,3,2,4,2,0
1,0,0,1,1,1,0,3,12,7,1,20,2,8,7.050000000000001,1,3,1,4,3,4
1,0,0,1,1,0,0,3,14,6,1,21,1,7,7.450000000000001,1,3,2,4,0,1
1,1,1,0,1,0,1,3,7,7,3,17,1,7,5.300000000000001,3,3,0,1,2,0
1,0,0,1,0,1,1,3,7,5,1,13,2,5,4.550000000000001,3,2,3,2,3,1
1,1,1,1,1,0,1,3,15,12,3,30,1,12,9.75,0,0,3,3,2,4
0,1,1,1,1,1,1,3,14,6,2,22,2,6,7.800000000000001,5,3,3,0,2,1
0,0,1,1,1,0,0,3,13,4,1,18,1,5,6.550000000000001,2,3,1,4,1,1
0,0,0,0,1,0,1,3,7,7,0,14,1,7,4.700000000000001,1,4,2,3,3,3
1,0,1,0,0,0,1,3,21,3,2,26,1,3,9.700000000000001,0,3,1,4,3,3
0,1,0,1,0,1,0,3,6,11,1,18,2,12,5.65,0,2,1,4,3,3
1,1,1,1,1,1,1,3,11,10,3,24,2,10,7.8,6,1,1,1,3,0
1,1,0,0,1,1,1,3,6,10,2,18,2,10,5.6000000000000005,3,3,0,1,3,4
0,1,0,0,1,1,0,3,17,7,1,25,2,8,9.05,5,3,3,0,3,0
1,1,1,1,1,1,0,3,8,11,3,22,2,12,6.8500000000000005,3,3,1,4,0,2
1,1,0,1,0,1,1,3,5,5,2,12,2,5,3.9499999999999997,3,3,0,1,3,3
0,0,1,1,1,0,1,3,14,13,1,28,1,13,9.200000000000001,0,4,3,2,0,2
1,1,1,1,1,1,1,3,11,8,3,22,2,8,7.3,2,4,0,1,3,3
0,1,1,1,0,1,1,3,12,14,2,28,2,14,9.000000000000002,5,3,0,2,1,1
0,0,0,1,1,1,0,3,8,7,0,15,2,8,5.25,3,3,1,2,3,1
0,0,1,0,1,0,1,3,9,12,1,22,1,12,6.95,6,3,3,1,2,0
1,1,1,0,1,1,0,3,14,14,3,31,2,15,10.000000000000002,3,3,1,3,3,4
1,1,0,0,1,0,1,3,6,8,2,16,1,8,4.950000000000001,3,2,3,2,2,1
0,1,0,1,0,1,1,3,12,7,1,20,2,7,7.050000000000001,0,2,1,4,3,4
0,0,0,1,0,0,1,3,16,12,0,28,1,12,9.55,2,2,2,4,0,3
1,1,1,0,1,1,0,3,11,11,3,25,2,12,8.05,6,0,2,4,3,4
1,1,0,1,0,0,0,3,10,13,2,25,1,14,7.800000000000001,3,2,3,1,3,4
1,1,1,0,0,0,1,3,7,13,3,23,1,13,6.800000000000001,3,0,3,1,3,3
0,0,0,0,1,0,0,3,18,7,0,25,1,8,9.1,5,2,1,1,3,1
1,0,1,0,0,0,0,3,9,12,2,23,1,13,7.15,3,3,2,4,3,2
1,0,0,1,0,1,0,3,10,4,1,15,2,5,5.5,0,3,3,4,0,1
1,0,0,0,0,0,1,3,15,13,1,29,1,13,9.6,1,3,0,4,3,2
0,0,1,0,1,1,0,3,9,6,1,16,2,7,5.6,3,1,0,3,0,2
0,0,1,1,0,1,0,3,8,9,1,18,2,10,5.95,4,0,3,2,3,1
1,0,1,1,1,0,1,3,12,4,2,18,1,4,6.350000000000001,1,2,0,1,0,2
0,1,0,0,1,0,0,3,6,7,1,14,1,8,4.500000000000001,1,1,2,1,3,0
0,1,1,0,0,0,0,3,12,5,2,19,1,6,6.600000000000001,3,4,1,0,3,0
1,0,0,1,1,0,0,3,17,12,1,30,1,13,10.15,1,2,0,1,0,4
1,0,0,0,0,1,1,3,14,10,1,25,2,10,8.600000000000001,5,3,1,1,2,1
1,0,1,0,0,1,0,3,14,6,2,22,2,7,7.800000000000001,2,3,0,1,2,4
1,1,0,0,1,0,1,3,18,7,2,27,1,7,9.5,5,1,0,0,0,1
0,1,1,0,1,0,0,3,19,12,2,33,1,13,11.150000000000002,2,1,2,0,0,4
1,1,1,0,1,0,1,3,17,7,3,27,1,7,9.3,5,3,0,0,0,0
0,1,0,1,1,0,0,3,13,6,1,20,1,7,7.050000000000001,6,2,0,0,3,2
0,1,1,0,1,0,1,3,11,6,2,19,1,6,6.450000000000001,1,3,2,3,1,2
1,0,0,1,1,0,1,3,14,8,1,23,1,8,7.950000000000001,3,0,0,3,1,1
1,1,0,0,1,1,1,3,12,8,2,22,2,8,7.500000000000001,5,3,0,0,1,0
0,0,1,1,1,0,0,3,14,10,1,25,1,11,8.450000000000001,0,3,3,0,0,4
0,0,1,0,1,1,1,3,11,10,1,22,2,10,7.4,5,3,1,0,1,4
1,1,0,0,1,1,1,3,16,10,2,28,2,10,9.600000000000001,0,1,1,0,3,3
1,0,1,0,0,1,0,3,8,11,2,21,2,12,6.65,0,3,0,1,3,4
1,0,1,0,1,1,0,3,10,7,2,19,2,8,6.45,0,3,0,0,2,1
0,0,0,1,0,1,0,3,13,5,0,18,2,6,6.75,0,2,1,3,3,0
1,1,0,0,0,1,1,3,10,9,2,21,2,9,6.95,1,2,0,1,3,1
1,0,0,0,0,1,1,3,13,5,1,19,2,5,6.95,0,3,1,1,0,1
0,0,1,0,1,1,1,3,14,10,1,25,2,10,8.600000000000001,2,1,3,3,3,2
0,0,1,1,0,0,0,3,9,10,1,20,1,11,6.45,1,2,0,3,2,0
1,0,1,1,0,0,1,3,17,13,2,32,1,13,10.600000000000001,3,3,2,4,1,3
0,0,0,1,0,1,0,3,11,4,0,15,2,5,5.7,5,3,3,1,3,1
1,0,0,0,1,1,1,3,9,6,1,16,2,6,5.6,5,1,3,1,2,3
1,0,1,1,0,0,1,3,10,9,2,21,1,9,6.800000000000001,1,0,3,0,1,1
1,0,1,1,0,0,0,3,8,12,2,22,1,13,6.750000000000001,5,2,3,0,1,4
0,0,0,1,0,0,0,3,10,6,0,16,1,7,5.65,0,2,3,0,3,0
0,1,1,1,1,0,1,3,11,10,2,23,1,10,7.450000000000001,5,0,1,3,2,3
0,0,0,0,1,0,1,3,14,12,0,26,1,12,8.750000000000002,4,3,1,2,3,3
1,1,0,1,1,1,1,3,10,14,2,26,2,14,8.200000000000001,5,3,1,0,3,4
1,1,1,1,1,0,0,3,18,7,3,28,1,8,9.7,5,2,1,4,3,4
1,0,0,1,0,0,0,3,9,7,1,17,1,8,5.7,3,2,3,4,3,3
0,0,1,0,1,1,0,3,15,8,1,24,2,9,8.5,5,2,3,0,3,0
0,0,0,1,0,0,1,3,13,7,0,20,1,7,7.1000000000000005,2,0,3,4,3,3
1,0,0,1,0,1,1,3,11,10,1,22,2,10,7.4,3,0,0,1,3,0
0,0,0,1,1,0,0,3,12,11,0,23,1,12,7.700000000000001,3,1,1,0,3,4
1,0,0,0,0,1,0,3,8,7,1,16,2,8,5.45,1,4,1,1,3,2
0,1,0,1,1,1,1,3,12,13,1,26,2,13,8.55,0,1,2,4,1,0
0,1,1,0,0,1,1,3,12,9,2,23,2,9,7.750000000000001,0,3,2,4,3,2
1,0,0,1,1,1,0,3,15,11,1,27,2,12,9.25,5,3,2,1,3,0
0,1,1,1,0,1,1,3,16,6,2,24,2,6,8.600000000000001,1,2,2,1,0,1
1,1,1,1,1,0,0,3,19,4,3,26,1,5,9.350000000000001,5,3,3,4,3,4
1,0,1,0,0,0,1,3,14,7,2,23,1,7,7.900000000000001,2,3,0,4,1,2
0,0,1,1,1,1,0,3,11,12,1,24,2,13,7.9,1,2,2,0,0,1
0,0,0,1,1,1,1,3,15,11,0,26,2,11,9.05,2,2,2,4,3,1
1,1,0,1,1,0,1,3,9,9,2,20,1,9,6.4,0,4,0,0,3,0
1,0,1,1,0,0,1,3,15,4,2,21,1,4,7.550000000000001,1,3,3,4,1,0
0,1,0,1,0,1,1,3,10,12,1,23,2,12,7.5,5,3,2,3,3,3
1,0,0,1,0,0,1,3,14,6,1,21,1,6,7.450000000000001,2,0,0,4,1,2
1,1,0,1,1,1,1,3,13,8,2,23,2,8,7.9,2,2,0,4,0,1
0,1,0,0,0,0,0,3,17,7,1,25,1,8,8.9,2,3,2,3,3,0
0,1,1,0,1,0,1,3,14,9,2,25,1,9,8.4,0,1,3,4,3,2
0,0,0,0,0,1,1,3,12,6,0,18,2,6,6.6000000000000005,1,3,3,4,2,0
1,1,1,1,1,0,1,3,8,14,3,25,1,14,7.450000000000001,3,4,3,4,3,1
0,0,0,0,0,1,1,3,11,9,0,20,2,9,6.95,6,1,1,4,0,3
0,0,1,1,1,1,1,3,19,8,1,28,2,8,10.100000000000001,6,2,3,4,3,4
0,0,1,1,0,0,0,3,5,4,1,10,1,5,3.35,1,0,2,2,1,3
1,0,1,1,1,0,0,3,16,12,2,30,1,13,9.950000000000001,6,2,3,4,2,1
0,0,0,1,0,0,1,3,11,13,0,24,1,13,7.800000000000001,1,2,1,4,3,1
1,0,0,1,0,1,0,3,21,15,1,37,2,16,12.65,3,3,3,1,2,4
1,1,1,0,1,0,0,3,18,14,3,35,1,15,11.45,3,3,3,3,1,2
1,1,0,1,1,0,1,3,14,11,2,27,1,11,8.900000000000002,3,2,1,2,3,0
1,1,1,1,0,0,0,3,6,9,3,18,1,10,5.4,5,3,2,0,2,4
1,1,1,1,1,1,1,3,20,3,3,26,2,3,9.65,2,1,3,1,3,0
1,0,1,1,1,1,0,3,12,6,2,20,2,7,7.000000000000001,5,3,0,1,3,4
1,1,0,1,0,1,0,3,18,7,2,27,2,8,9.65,1,0,3,3,1,4
1,0,1,1,0,1,1,3,14,8,2,24,2,8,8.3,3,4,0,3,3,3
0,0,1,1,0,1,0,3,9,13,1,23,2,14,7.35,6,0,2,2,2,2
0,1,1,0,1,0,0,3,11,7,2,20,1,8,6.700000000000001,3,3,0,1,3,4
1,0,0,0,1,0,0,3,22,7,1,30,1,8,10.9,3,2,3,4,3,3
0,1,0,0,1,1,1,3,13,9,1,23,2,9,7.95,6,2,2,3,2,1
1,1,1,1,1,1,1,3,5,8,3,16,2,8,4.8999999999999995,1,0,2,4,1,4
0,0,0,0,0,1,1,3,21,10,0,31,2,10,11.200000000000001,0,3,2,1,2,2
1,1,0,0,0,1,0,3,15,14,2,31,2,15,10.200000000000001,3,3,3,4,3,0
1,0,1,1,1,1,1,3,7,9,2,18,2,9,5.750000000000001,6,4,1,4,3,4
0,0,1,1,1,0,0,3,11,10,1,22,1,11,7.250000000000001,3,2,0,2,3,4
0,0,0,1,1,1,0,3,18,9,0,27,2,10,9.75,5,3,3,4,3,3
1,0,1,1,1,0,0,3,11,10,2,23,1,11,7.450000000000001,2,3,3,3,3,0
0,0,0,0,0,0,0,3,6,7,0,13,1,8,4.300000000000001,1,2,1,0,2,4
0,0,0,0,0,0,1,3,18,8,0,26,1,8,9.35,5,3,3,1,0,0
0,1,0,1,0,0,0,3,21,8,1,30,1,9,10.75,0,4,0,1,3,0
0,0,0,0,1,1,0,3,15,11,0,26,2,12,9.05,5,3,2,0,3,1
0,1,0,0,0,0,1,3,5,4,1,10,1,4,3.35,3,3,2,1,3,3
0,0,1,0,0,1,1,3,11,9,1,21,2,9,7.15,3,3,2,4,3,3
0,0,0,0,0,0,1,3,15,10,0,25,1,10,8.65,6,3,2,4,3,0
1,1,1,1,1,1,1,3,18,12,3,33,2,12,11.1,6,0,2,1,3,0
1,0,1,1,1,0,0,3,9,6,2,17,1,7,5.65,2,3,3,1,1,2
0,1,0,0,1,0,1,3,10,11,1,22,1,11,7.1000000000000005,3,4,3,3,3,1
0,0,1,0,1,0,1,3,6,7,1,14,1,7,4.500000000000001,3,3,1,4,0,2
1,0,1,1,0,1,1,3,9,12,2,23,2,12,7.3,5,4,2,4,1,1
0,0,0,1,1,1,0,3,10,10,0,20,2,11,6.8,5,2,2,0,3,1
0,0,0,1,0,1,1,3,15,9,0,24,2,9,8.55,0,1,1,4,3,1
1,0,1,1,0,1,0,3,12,6,2,20,2,7,7.000000000000001,2,2,1,4,1,1
0,0,0,0,1,0,0,3,10,12,0,22,1,13,7.15,1,4,2,4,1,4
1,1,1,0,1,1,1,3,13,8,3,24,2,8,8.100000000000001,5,2,1,1,3,0
0,1,1,1,1,0,1,3,11,8,2,21,1,8,6.950000000000001,2,3,2,1,1,4
0,1,1,1,0,0,1,3,6,11,2,19,1,11,5.700000000000001,5,4,2,4,3,3
1,1,1,1,1,0,0,3,14,6,3,23,1,7,7.850000000000001,1,3,2,0,0,0
1,0,1,1,1,1,0,3,11,13,2,26,2,14,8.350000000000001,5,1,1,4,2,0
0,1,0,0,0,0,0,3,14,6,1,21,1,7,7.450000000000001,6,4,2,0,1,0
1,1,1,1,1,1,0,3,12,8,3,23,2,9,7.7,5,4,2,4,3,3
0,0,1,0,1,1,1,3,12,13,1,26,2,13,8.55,3,0,2,2,3,1
1,0,0,0,0,0,1,3,14,14,1,29,1,14,9.450000000000001,1,3,3,0,2,0
1,1,0,1,1,0,1,3,11,5,2,18,1,5,6.200000000000001,3,2,1,4,1,2
1,0,1,1,0,0,0,3,14,7,2,23,1,8,7.900000000000001,5,4,1,4,3,2
0,0,1,1,1,1,1,3,13,6,1,20,2,6,7.2,0,3,0,4,0,1
1,0,1,1,1,1,0,3,23,7,2,32,2,8,11.650000000000002,1,3,2,0,1,4
1,0,1,0,0,1,1,3,10,7,2,19,2,7,6.45,3,2,2,1,1,2
0,1,1,1,1,0,0,3,8,13,2,23,1,14,7.000000000000001,2,3,1,1,0,3
1,0,1,1,0,0,1,3,11,10,2,23,1,10,7.450000000000001,3,3,0,4,3,2
0,1,1,0,0,1,1,3,9,7,2,18,2,7,6.05,5,0,1,2,3,3
1,0,0,0,0,1,0,3,10,6,1,17,2,7,6.0,0,1,2,4,3,3
1,1,0,1,0,1,1,3,11,9,2,22,2,9,7.3500000000000005,5,3,3,2,3,3
0,0,1,1,0,0,1,3,7,4,1,12,1,4,4.15,4,2,0,1,3,3
1,1,0,0,1,0,1,3,8,7,2,17,1,7,5.500000000000001,5,2,1,2,2,0
0,0,1,0,0,0,0,3,17,12,1,30,1,13,10.15,6,2,2,4,1,1
0,0,1,1,1,1,0,3,21,9,1,31,2,10,11.15,3,0,2,0,1,3
1,1,1,0,1,0,1,3,19,12,3,34,1,12,11.350000000000001,3,3,1,4,1,2
0,1,1,1,0,0,1,3,13,7,2,22,1,7,7.500000000000001,6,1,1,4,1,0
1,0,1,0,0,0,0,3,5,8,2,15,1,9,4.550000000000001,4,2,0,2,3,0
1,1,0,0,1,1,0,3,9,10,2,21,2,11,6.8,0,3,1,4,0,1
1,1,1,1,1,1,0,3,11,9,3,23,2,10,7.55,6,1,1,4,3,1
0,1,0,0,1,0,1,3,14,5,1,20,1,5,7.200000000000001,6,3,2,0,1,2
0,0,0,1,0,0,0,3,15,10,0,25,1,11,8.65,2,2,0,2,0,3
0,0,1,0,1,0,0,3,9,12,1,22,1,13,6.95,3,3,2,3,3,4
0,1,0,0,0,0,1,3,7,5,1,13,1,5,4.400000000000001,6,1,2,0,3,1
1,0,1,1,0,1,1,3,18,13,2,33,2,13,11.15,3,3,0,2,2,0
1,0,1,1,1,1,1,3,8,10,2,20,2,10,6.4,2,4,0,1,3,1
0,1,1,1,1,1,0,3,13,7,2,22,2,8,7.65,6,3,1,4,3,1
1,0,1,0,0,1,1,3,9,8,2,19,2,8,6.3,0,3,2,3,3,3
0,1,1,1,0,0,0,3,14,14,2,30,1,15,9.650000000000002,2,3,0,0,3,4
1,1,1,0,1,1,0,3,15,9,3,27,2,10,9.15,0,3,0,1,1,4
1,1,1,0,1,0,0,3,6,5,3,14,1,6,4.4,4,4,0,0,3,4
1,1,1,1,1,1,0,3,20,11,3,34,2,12,11.65,6,3,0,1,3,0
1,0,0,0,1,0,0,3,7,7,1,15,1,8,4.900000000000001,0,3,3,4,2,2
0,1,1,0,1,0,1,3,12,12,2,26,1,12,8.350000000000001,6,2,0,0,3,3
1,1,0,1,0,0,0,3,13,8,2,23,1,9,7.750000000000001,3,3,3,4,0,1
1,1,1,0,0,1,1,3,13,6,3,22,2,6,7.6000000000000005,3,2,1,0,3,3
0,0,0,0,1,0,1,3,20,13,0,33,1,13,11.4,0,3,0,4,2,2
1,1,1,1,0,1,1,3,13,12,3,28,2,12,9.1,5,3,3,0,3,3
0,0,0,0,0,0,1,3,14,9,0,23,1,9,8.0,0,3,0,1,0,0
1,0,0,0,0,1,1,3,16,8,1,25,2,8,8.9,6,2,1,1,1,0
1,1,1,1,0,1,0,3,15,10,3,28,2,11,9.4,0,4,2,0,0,0
0,1,1,1,0,0,0,3,16,3,2,21,1,4,7.700000000000001,1,2,3,1,3,4
0,1,1,0,0,1,1,3,13,8,2,23,2,8,7.9,5,3,3,1,0,0
0,0,1,0,0,0,1,3,11,13,1,25,1,13,8.0,2,0,2,1,3,1
1,1,0,1,1,0,1,3,14,10,2,26,1,10,8.650000000000002,5,3,0,2,3,0
1,0,1,1,1,0,1,3,7,4,2,13,1,4,4.3500000000000005,5,4,2,1,3,2
1,0,0,1,0,1,0,3,13,9,1,23,2,10,7.95,2,0,3,0,3,4
0,0,0,1,0,0,1,3,16,7,0,23,1,7,8.3,0,2,1,3,3,0
0,1,1,1,1,1,0,3,15,13,2,30,2,14,9.950000000000001,2,3,0,1,3,1
1,1,0,1,1,1,1,3,16,13,2,31,2,13,10.350000000000001,2,2,3,3,2,0
1,0,0,0,0,0,1,3,17,11,1,29,1,11,9.9,2,3,2,1,2,1
0,0,1,0,0,0,0,3,21,5,1,27,1,6,10.0,5,4,2,3,3,2
1,0,1,0,0,1,0,3,12,8,2,22,2,9,7.500000000000001,5,2,2,4,2,0
0,0,1,1,0,1,0,3,14,7,1,22,2,8,7.8500000000000005,1,2,1,0,1,0
0,0,1,0,0,0,1,3,12,12,1,25,1,12,8.15,6,3,0,4,3,1
1,0,1,0,1,0,0,3,13,10,2,25,1,11,8.25,1,3,0,4,2,4
0,0,0,0,0,1,1,3,12,12,0,24,2,12,8.100000000000001,5,3,2,0,1,2
1,1,1,0,0,1,0,3,12,5,3,20,2,6,6.95,2,3,1,1,3,4
0,0,0,1,1,1,0,3,15,13,0,28,2,14,9.55,1,1,2,4,1,4
1,0,0,0,1,1,1,3,12,11,1,24,2,11,8.05,1,0,0,1,2,2
1,0,0,1,1,0,0,3,14,12,1,27,1,13,8.950000000000001,5,3,0,0,3,4
0,1,0,0,1,1,1,3,9,11,1,21,2,11,6.85,4,2,1,4,3,0
0,1,1,0,0,1,1,3,14,12,2,28,2,12,9.300000000000002,5,1,3,1,3,0
0,0,0,0,0,1,1,3,14,12,0,26,2,12,8.900000000000002,0,1,0,3,1,2
1,1,1,0,1,1,1,3,13,11,3,27,2,11,8.850000000000001,5,4,1,1,2,2
1,0,1,0,1,0,0,3,13,12,2,27,1,13,8.75,5,3,0,0,3,0
0,0,1,0,0,1,1,3,21,11,1,33,2,11,11.65,3,2,1,2,2,4
0,0,1,1,1,0,1,3,20,15,1,36,1,15,12.1,2,1,2,1,2,1
1,0,1,1,0,0,1,3,16,13,2,31,1,13,10.200000000000001,3,2,0,3,2,4
0,0,0,0,1,0,1,3,7,7,0,14,1,7,4.700000000000001,3,2,3,4,1,1
1,1,0,1,0,1,0,3,9,6,2,17,2,7,5.8,3,3,2,0,0,3
0,0,0,0,1,0,0,3,13,12,0,25,1,13,8.35,1,1,1,4,3,3
1,1,1,0,1,1,1,3,12,9,3,24,2,9,7.95,0,2,1,0,0,1
1,1,1,0,0,1,1,3,9,8,3,20,2,8,6.499999999999999,3,3,1,4,1,3
1,0,1,1,1,1,0,3,12,9,2,23,2,10,7.750000000000001,0,2,3,1,2,3
0,1,0,0,0,1,0,3,15,14,1,30,2,15,10.0,3,1,1,0,3,3
0,0,1,1,1,1,0,3,18,11,1,30,2,12,10.45,2,4,3,1,2,0
1,0,0,1,0,0,1,3,19,12,1,32,1,12,10.950000000000001,5,1,0,3,0,0
1,1,0,0,1,1,0,3,13,10,2,25,2,11,8.4,2,0,0,4,3,3
1,0,0,1,0,1,0,3,18,13,1,32,2,14,10.95,6,3,1,4,0,2
0,1,0,1,0,1,0,3,19,10,1,30,2,11,10.600000000000001,6,3,3,0,3,1
0,1,0,0,1,0,1,3,13,6,1,20,1,6,7.050000000000001,1,4,1,3,3,4
1,0,0,0,0,0,1,3,13,6,1,20,1,6,7.050000000000001,0,2,0,1,3,3
1,1,1,0,0,0,1,3,14,11,3,28,1,11,9.100000000000001,1,3,1,1,0,0
1,1,1,1,0,1,0,3,16,6,3,25,2,7,8.8,1,4,2,2,0,0
0,0,1,1,1,1,0,3,10,6,1,17,2,7,6.0,5,3,2,4,2,3
0,1,1,1,1,1,0,3,17,11,2,30,2,12,10.250000000000002,1,0,0,1,1,1
0,0,0,0,1,1,1,3,3,11,0,14,2,11,4.25,5,2,3,2,3,0
0,1,1,0,0,1,0,3,13,7,2,22,2,8,7.65,3,1,3,2,3,2
1,1,0,0,0,1,1,3,16,9,2,27,2,9,9.350000000000001,3,1,3,1,2,3
1,0,1,1,1,1,1,3,11,14,2,27,2,14,8.600000000000001,1,1,2,4,3,4
0,0,0,1,1,1,1,3,14,8,0,22,2,8,7.9,5,0,2,1,3,0
1,1,0,0,0,0,0,3,18,12,2,32,1,13,10.75,3,4,3,1,1,3
0,1,1,1,1,0,1,3,17,11,2,30,1,11,10.100000000000001,3,3,0,4,2,0
1,0,1,1,0,0,0,3,15,9,2,26,1,10,8.8,5,2,1,0,2,4
0,1,1,0,1,0,0,3,10,4,2,16,1,5,5.550000000000001,6,2,0,2,3,1
1,1,0,1,0,0,1,3,18,11,2,31,1,11,10.5,3,0,0,4,0,1
0,1,1,1,0,0,0,3,19,14,2,35,1,15,11.650000000000002,2,2,0,4,2,2
0,1,0,1,0,1,1,3,12,11,1,24,2,11,8.05,3,3,0,1,3,0
0,1,1,0,1,0,0,3,6,5,2,13,1,6,4.200000000000001,3,0,3,0,3,0
0,1,0,1,1,0,0,3,10,8,1,19,1,9,6.3500000000000005,2,3,3,1,3,0
1,1,0,1,0,0,0,3,16,10,2,28,1,11,9.450000000000001,6,3,0,1,0,0
0,1,1,1,0,1,1,3,11,8,2,21,2,8,7.1000000000000005,3,3,2,4,3,4
0,0,1,1,0,0,0,3,20,11,1,32,1,12,11.1,3,1,0,4,3,0
1,1,1,1,1,1,1,3,17,6,3,26,2,6,9.200000000000001,0,2,2,4,3,4
1,1,1,1,1,0,1,3,7,8,3,18,1,8,5.550000000000001,0,2,2,4,3,4
1,0,1,0,0,1,1,3,11,9,2,22,2,9,7.3500000000000005,3,0,0,4,3,0
0,0,1,0,0,1,1,3,18,7,1,26,2,7,9.45,3,2,2,2,2,3
1,0,1,1,1,0,1,3,6,6,2,14,1,6,4.450000000000001,5,2,2,1,3,0
1,1,0,1,0,0,1,3,15,6,2,23,1,6,8.05,1,2,3,4,3,0
1,0,0,0,1,1,1,3,10,7,1,18,2,7,6.25,2,3,1,4,2,3
0,0,1,0,1,1,1,3,10,10,1,21,2,10,7.0,5,0,0,1,3,1
0,0,0,1,0,1,0,3,8,6,0,14,2,7,5.0,3,4,0,1,1,0
1,0,1,1,0,1,0,3,14,13,2,29,2,14,9.550000000000002,5,4,1,2,3,3
1,0,0,0,0,0,1,3,9,4,1,14,1,4,4.95,3,2,1,4,3,2
1,1,0,1,1,0,1,3,10,5,2,17,1,5,5.800000000000001,0,0,1,4,1,4
0,1,1,1,1,1,1,3,7,10,2,19,2,10,6.000000000000001,1,3,1,1,3,2
1,1,1,1,0,0,0,3,21,9,3,33,1,10,11.4,2,2,0,4,0,2
0,0,1,0,0,1,0,3,10,11,1,22,2,12,7.25,0,1,0,1,3,0
0,0,0,0,1,1,1,3,8,9,0,17,2,9,5.75,2,4,2,4,3,0
0,1,0,0,1,1,1,3,8,11,1,20,2,11,6.45,0,1,0,4,3,1
1,0,0,1,1,1,0,3,16,12,1,29,2,13,9.9,0,3,3,1,3,3
1,0,0,1,0,1,0,3,7,12,1,20,2,13,6.300000000000001,5,3,1,0,1,3
0,0,0,1,0,1,1,3,14,10,0,24,2,10,8.400000000000002,5,1,0,1,3,4
1,0,0,1,0,0,0,3,14,6,1,21,1,7,7.450000000000001,1,2,2,4,3,4
1,0,1,0,1,1,0,3,11,7,2,20,2,8,6.8500000000000005,1,3,3,4,1,1
0,0,1,0,1,1,1,3,17,9,1,27,2,9,9.55,6,3,1,1,3,1
0,1,1,1,1,1,0,3,11,7,2,20,2,8,6.8500000000000005,0,3,3,1,0,0
1,1,1,1,1,1,0,3,17,12,3,32,2,13,10.700000000000001,1,3,3,0,0,0
0,0,0,0,0,1,0,3,22,12,0,34,2,13,12.100000000000001,5,3,1,4,2,3
0,1,0,0,1,1,1,3,17,6,1,24,2,6,8.8,0,4,1,4,3,4
0,1,1,0,0,0,0,3,14,11,2,27,1,12,8.900000000000002,1,0,1,3,3,1
0,1,0,0,1,0,0,3,7,10,1,18,1,11,5.650000000000001,6,2,2,4,1,4
1,1,0,0,0,0,0,3,7,10,2,19,1,11,5.850000000000001,2,3,1,4,0,1
1,1,0,0,0,1,1,3,8,7,2,17,2,7,5.65,2,3,2,0,3,1
0,1,1,1,1,1,0,3,17,13,2,32,2,14,10.750000000000002,3,3,1,1,3,0
0,0,0,1,1,1,0,3,16,7,0,23,2,8,8.450000000000001,6,2,2,3,0,1
0,0,1,1,1,0,1,3,12,12,1,25,1,12,8.15,2,4,3,0,1,0
0,1,1,1,0,0,0,3,14,12,2,28,1,13,9.150000000000002,5,2,1,1,3,0
1,0,0,0,0,0,1,3,11,6,1,18,1,6,6.250000000000001,6,3,2,4,1,3
1,0,1,0,0,0,1,3,9,10,2,21,1,10,6.65,2,3,1,1,3,3
1,0,1,1,1,0,0,3,11,11,2,24,1,12,7.700000000000001,3,0,2,2,1,3
1,0,1,1,1,1,0,3,15,5,2,22,2,6,7.95,5,2,1,0,1,2
0,0,0,1,0,0,0,3,11,12,0,23,1,13,7.550000000000001,5,3,1,3,3,0
1,0,1,1,0,0,1,3,21,11,2,34,1,11,11.700000000000001,1,0,1,3,1,1
0,0,1,1,0,0,0,3,7,14,1,22,1,15,6.650000000000001,1,3,2,2,0,2
1,0,1,0,0,1,1,3,10,13,2,25,2,13,7.95,3,2,1,2,3,0
0,1,0,0,0,0,1,3,17,6,1,24,1,6,8.65,3,2,2,4,2,0
0,0,0,0,0,1,0,3,7,8,0,15,2,9,5.1000000000000005,5,4,3,1,3,2
0,1,1,1,0,1,1,3,15,12,2,29,2,12,9.700000000000001,2,1,2,0,1,3
1,1,0,0,1,0,1,3,12,8,2,22,1,8,7.350000000000001,5,3,2,0,1,0
0,1,0,0,1,0,0,3,12,9,1,22,1,10,7.400000000000001,5,3,3,2,2,1
1,0,0,1,1,0,1,3,17,10,1,28,1,10,9.65,3,3,1,2,3,1
1,1,0,1,1,0,1,3,8,4,2,14,1,4,4.750000000000001,2,3,1,2,3,4
1,0,1,0,1,1,1,3,7,9,2,18,2,9,5.750000000000001,4,2,3,1,3,0
0,0,1,1,1,1,1,3,12,8,1,21,2,8,7.300000000000001,1,3,3,1,3,1
1,1,0,0,1,1,0,3,2,12,2,16,2,13,4.5,3,3,3,1,3,0
1,0,1,0,0,0,0,3,14,8,2,24,1,9,8.15,2,3,3,4,3,2
1,1,1,1,0,1,1,3,18,9,3,30,2,9,10.35,1,2,2,3,3,0
1,0,0,1,0,0,1,3,8,14,1,23,1,14,7.050000000000001,3,2,2,1,3,0
0,0,0,0,1,1,1,3,7,8,0,15,2,8,5.1000000000000005,1,3,0,2,3,3
0,1,0,1,1,1,0,3,12,11,1,24,2,12,8.05,5,3,1,1,3,3
1,1,0,0,1,1,1,3,14,7,2,23,2,7,8.05,6,1,0,4,1,0
1,0,1,1,1,0,0,3,4,7,2,13,1,8,3.9,6,2,0,2,2,1
0,0,0,0,1,1,0,3,10,13,0,23,2,14,7.55,2,0,3,1,3,2
0,1,0,0,0,1,0,3,19,6,1,26,2,7,9.600000000000001,3,3,0,2,3,2
1,0,0,0,0,1,0,3,17,10,1,28,2,11,9.8,1,4,2,3,0,4
0,0,1,0,0,0,0,3,18,9,1,28,1,10,9.799999999999999,6,3,3,1,1,4
1,0,0,0,0,1,0,3,13,12,1,26,2,13,8.7,3,3,2,1,3,3
0,1,1,1,1,1,1,3,10,11,2,23,2,11,7.45,1,1,2,4,0,1
0,0,1,1,0,0,0,3,18,4,1,23,1,5,8.549999999999999,5,0,2,0,1,1
0,1,1,0,1,0,0,3,7,8,2,17,1,9,5.350000000000001,0,3,1,3,3,3
1,0,0,1,1,1,0,3,11,11,1,23,2,12,7.65,0,3,2,0,2,1
0,1,1,1,1,1,1,3,9,13,2,24,2,13,7.55,1,4,3,1,1,0
1,0,1,1,0,1,0,3,11,8,2,21,2,9,7.1000000000000005,3,4,3,2,3,3
1,1,0,0,1,0,0,3,10,11,2,23,1,12,7.300000000000001,6,0,0,1,1,2
0,0,1,1,0,0,1,3,14,4,1,19,1,4,6.950000000000001,1,3,2,0,3,4
0,1,0,1,1,0,1,3,15,10,1,26,1,10,8.85,3,3,0,1,3,1
0,1,1,0,1,0,0,3,15,7,2,24,1,8,8.3,3,3,2,3,2,0
1,0,0,1,1,0,1,3,17,11,1,29,1,11,9.9,2,4,3,0,1,2
1,0,1,1,0,1,0,3,7,13,2,22,2,14,6.750000000000001,6,3,0,1,0,3
0,0,0,1,0,0,1,3,14,10,0,24,1,10,8.250000000000002,1,1,3,0,1,1
1,0,0,1,1,1,0,3,17,7,1,25,2,8,9.05,5,1,2,4,1,4
1,1,0,0,1,1,1,3,11,9,2,22,2,9,7.3500000000000005,1,3,0,4,3,3
1,0,0,0,0,1,1,3,12,13,1,26,2,13,8.55,0,4,0,1,2,3
0,0,0,0,1,1,1,3,19,10,0,29,2,10,10.400000000000002,6,3,3,4,3,3
1,0,1,1,1,0,1,3,13,6,2,21,1,6,7.250000000000001,3,3,0,0,0,3
1,1,0,1,0,0,1,3,8,12,2,22,1,12,6.750000000000001,2,3,2,1,3,2
0,1,0,0,0,0,0,3,15,9,1,25,1,10,8.6,2,0,3,2,0,3
1,1,0,1,0,0,0,3,11,13,2,26,1,14,8.200000000000001,2,0,3,4,3,4
1,1,1,0,0,1,1,3,13,9,3,25,2,9,8.350000000000001,5,3,1,0,3,0
1,0,1,1,0,1,1,3,12,6,2,20,2,6,7.000000000000001,6,3,1,1,3,3
1,1,1,1,1,0,0,3,15,11,3,29,1,12,9.5,6,4,0,1,1,4
0,0,0,1,1,0,0,3,9,13,0,22,1,14,7.0,5,3,2,2,3,0
1,0,1,1,0,1,0,3,14,11,2,27,2,12,9.050000000000002,3,3,2,4,0,0
0,1,1,1,0,1,1,3,13,11,2,26,2,11,8.65,1,3,3,0,3,4
0,1,0,0,0,0,1,3,7,12,1,20,1,12,6.150000000000001,5,1,2,0,1,0
0,0,1,0,0,0,0,3,11,6,1,18,1,7,6.250000000000001,1,3,0,4,3,0
0,1,0,1,1,0,0,3,9,12,1,22,1,13,6.95,6,1,1,4,3,4
0,1,1,1,0,0,0,3,6,6,2,14,1,7,4.450000000000001,3,3,0,1,3,4
0,0,1,0,1,0,1,3,19,6,1,26,1,6,9.450000000000001,5,0,2,1,3,3
0,1,0,0,0,0,1,3,9,9,1,19,1,9,6.2,5,3,2,4,3,4
0,0,0,0,0,1,0,3,19,8,0,27,2,9,9.900000000000002,3,0,2,0,3,0
0,1,0,1,0,1,0,3,8,8,1,17,2,9,5.7,3,3,2,3,3,2
1,0,1,0,1,0,0,3,16,12,2,30,1,13,9.950000000000001,2,3,3,2,0,3
0,0,1,1,1,0,1,3,6,14,1,21,1,14,6.250000000000001,0,0,1,1,0,1
1,0,1,0,0,0,1,3,21,11,2,34,1,11,11.700000000000001,2,2,2,2,3,4
1,0,1,1,0,1,1,3,16,8,2,26,2,8,9.100000000000001,0,3,1,3,3,3
0,1,0,1,0,1,0,3,19,13,1,33,2,14,11.350000000000001,0,3,0,3,3,3
1,1,1,1,1,1,0,3,10,7,3,20,2,8,6.6499999999999995,2,2,3,4,2,4
1,1,0,1,1,1,1,3,14,5,2,21,2,5,7.550000000000001,2,2,2,0,3,1
0,1,1,1,0,1,1,3,8,6,2,16,2,6,5.4,1,4,3,1,3,1
0,0,0,0,1,1,1,3,12,8,0,20,2,8,7.1000000000000005,0,3,2,2,3,0
1,1,1,0,0,0,1,3,13,12,3,28,1,12,8.95,0,1,1,1,3,0
1,0,0,0,1,1,0,3,17,12,1,30,2,13,10.3,2,4,0,4,2,3
0,1,1,1,0,1,0,3,8,9,2,19,2,10,6.15,3,2,1,3,3,3
1,1,0,1,1,0,1,3,18,5,2,25,1,5,9.0,6,2,1,1,3,3
0,1,0,1,1,1,0,3,16,12,1,29,2,13,9.9,2,2,1,4,3,0
0,1,1,0,0,0,1,3,21,13,2,36,1,13,12.200000000000001,5,3,1,0,1,2
0,0,0,1,1,1,0,3,14,8,0,22,2,9,7.9,2,3,3,2,3,1
0,0,1,1,1,0,0,3,13,10,1,24,1,11,8.05,5,3,3,0,1,0
1,0,0,0,1,0,1,3,20,5,1,26,1,5,9.6,1,3,3,4,1,1
0,1,1,1,1,1,0,3,11,12,2,25,2,13,8.100000000000001,3,3,2,1,0,0
0,1,1,0,0,1,0,3,17,10,2,29,2,11,10.000000000000002,0,2,0,3,3,4
1,1,0,0,1,1,1,3,14,15,2,31,2,15,10.050000000000002,6,2,3,1,0,1
0,0,1,0,1,0,0,3,8,5,1,14,1,6,4.800000000000001,1,3,2,1,0,3
0,0,1,1,1,0,1,3,8,13,1,22,1,13,6.800000000000001,5,3,1,1,0,2
1,0,0,1,0,0,0,3,7,10,1,18,1,11,5.650000000000001,1,3,2,4,3,3
1,0,0,1,1,1,0,3,16,14,1,31,2,15,10.4,0,3,2,1,2,0
1,1,1,1,0,1,1,3,9,10,3,22,2,10,6.999999999999999,6,3,1,1,3,0
0,1,0,0,1,1,1,3,10,8,1,19,2,8,6.5,0,3,0,1,0,4
1,0,1,0,1,1,1,3,13,7,2,22,2,7,7.65,4,3,0,3,3,3
0,0,0,1,0,1,0,3,10,7,0,17,2,8,6.05,1,0,0,3,3,4
0,0,1,0,1,1,0,3,19,7,1,27,2,8,9.850000000000001,6,3,1,0,1,4
0,1,0,0,0,1,0,3,19,13,1,33,2,14,11.350000000000001,1,2,2,3,3,4
1,0,0,0,1,0,1,3,12,12,1,25,1,12,8.15,6,0,0,4,3,2
0,1,1,0,1,0,0,3,17,8,2,27,1,9,9.350000000000001,2,2,2,1,3,0
1,0,0,0,1,0,0,3,14,9,1,24,1,10,8.200000000000001,3,1,3,1,3,0
0,1,0,0,1,1,0,3,15,11,1,27,2,12,9.25,3,3,0,4,3,1
0,0,1,0,1,1,0,3,13,5,1,19,2,6,6.95,0,3,1,0,3,3
0,0,1,1,0,0,1,3,9,5,1,15,1,5,5.2,5,1,3,1,0,3
0,0,0,0,1,0,1,3,17,6,0,23,1,6,8.450000000000001,6,3,0,2,3,0
1,1,0,0,0,0,0,3,12,13,2,27,1,14,8.600000000000001,5,3,1,3,3,4
1,0,1,1,1,1,0,3,7,4,2,13,2,5,4.5,0,3,0,1,0,0
1,1,1,1,0,0,1,3,15,11,3,29,1,11,9.5,5,2,0,0,0,1
1,0,0,0,1,1,0,3,7,5,1,13,2,6,4.550000000000001,5,4,3,4,0,4
1,0,0,1,0,1,1,3,7,12,1,20,2,12,6.300000000000001,5,2,0,4,3,4
1,0,1,0,0,1,0,3,16,7,2,25,2,8,8.850000000000001,2,3,1,0,0,3
0,1,0,1,0,1,1,3,13,3,1,17,2,3,6.45,3,3,3,0,2,1
0,1,1,0,1,0,1,3,18,11,2,31,1,11,10.5,3,3,2,4,2,3
1,0,1,0,1,0,1,3,7,9,2,18,1,9,5.600000000000001,3,3,0,1,2,1
1,1,0,1,0,0,1,3,16,12,2,30,1,12,9.950000000000001,3,3,1,3,2,0
0,1,1,0,1,0,1,3,16,9,2,27,1,9,9.200000000000001,1,3,1,4,0,2
0,1,1,1,0,1,1,3,16,14,2,32,2,14,10.600000000000001,5,3,2,1,3,0
1,0,1,1,1,1,0,3,13,9,2,24,2,10,8.15,2,4,0,2,3,0
1,1,1,0,1,1,1,3,11,6,3,20,2,6,6.8,6,0,2,0,0,3
1,0,0,1,0,0,1,3,18,9,1,28,1,9,9.799999999999999,1,1,2,4,2,3
1,0,1,1,1,0,1,3,10,11,2,23,1,11,7.300000000000001,5,2,0,1,2,4
1,1,0,1,0,1,0,3,14,9,2,25,2,10,8.55,2,0,3,2,2,0
1,1,0,1,1,0,0,3,21,7,2,30,1,8,10.700000000000001,5,0,1,4,0,1
0,1,0,0,0,0,0,3,4,5,1,10,1,6,3.2,6,2,0,3,3,4
1,1,1,0,0,1,1,3,12,10,3,25,2,10,8.200000000000001,0,3,0,0,1,4
1,0,0,1,1,1,1,3,8,6,1,15,2,6,5.2,6,1,1,3,3,0
0,0,1,1,1,1,0,3,5,13,1,19,2,14,5.75,6,2,1,4,1,0
1,0,0,1,1,0,0,3,9,10,1,20,1,11,6.45,5,4,3,3,2,3
1,1,0,0,0,0,1,3,16,7,2,25,1,7,8.700000000000001,2,3,0,1,3,4
1,0,0,0,0,0,0,3,13,6,1,20,1,7,7.050000000000001,5,3,1,2,1,4
0,1,1,0,1,0,0,3,13,12,2,27,1,13,8.75,5,3,2,2,0,4
0,1,1,1,0,0,0,3,8,9,2,19,1,10,6.000000000000001,3,2,3,1,3,0
1,1,1,1,1,1,0,3,11,15,3,29,2,16,9.05,0,2,3,3,0,1
0,1,0,0,1,1,1,3,6,5,1,12,2,5,4.15,0,3,2,2,0,3
1,1,1,0,1,0,0,3,14,9,3,26,1,10,8.600000000000001,5,1,0,1,3,4
1,0,0,0,1,1,1,3,16,5,1,22,2,5,8.15,3,2,3,1,2,0
1,1,1,0,0,1,0,3,8,15,3,26,2,16,7.8500000000000005,4,2,2,3,3,0
0,0,1,1,0,0,0,3,17,13,1,31,1,14,10.4,6,2,2,1,2,3
1,1,1,0,1,0,1,3,11,13,3,27,1,13,8.4,5,3,2,1,3,0
0,1,1,1,0,0,0,3,13,10,2,25,1,11,8.25,1,3,2,1,3,3
1,1,1,0,1,1,0,3,3,4,3,10,2,5,3.1,0,3,1,1,3,3
0,0,1,0,0,1,1,3,16,6,1,23,2,6,8.4,3,4,2,2,3,4
1,0,0,0,0,0,0,3,9,3,1,13,1,4,4.7,2,3,0,0,0,0
0,0,0,1,1,0,0,3,8,7,0,15,1,8,5.1000000000000005,0,2,2,0,3,0
0,1,0,0,1,1,0,3,12,12,1,25,2,13,8.3,3,3,0,4,1,2
0,1,0,0,0,1,0,3,13,4,1,18,2,5,6.7,0,3,0,1,1,0
1,0,1,1,1,0,0,3,4,8,2,14,1,9,4.15,0,3,3,3,0,4
1,0,1,0,1,1,0,3,6,12,2,20,2,13,6.1000000000000005,0,1,2,2,3,0
0,1,0,0,0,1,1,3,21,13,1,35,2,13,12.15,3,3,3,1,0,0
0,0,1,0,1,1,0,3,10,11,1,22,2,12,7.25,1,2,3,4,1,2
1,1,0,1,1,1,0,3,13,14,2,29,2,15,9.4,0,2,0,3,1,1
0,1,0,0,1,1,0,3,14,14,1,29,2,15,9.600000000000001,3,3,3,4,3,1
0,1,1,0,0,0,0,3,9,12,2,23,1,13,7.15,3,3,0,1,0,4
1,0,0,0,0,0,1,3,13,10,1,24,1,10,8.05,1,2,3,1,2,3
1,0,0,0,0,1,1,3,17,12,1,30,2,12,10.3,0,3,0,1,3,4
0,0,0,0,1,0,1,3,14,7,0,21,1,7,7.500000000000001,4,3,3,1,2,1
0,0,1,1,1,1,1,3,8,13,1,22,2,13,6.95,6,3,1,4,3,0
0,1,1,1,1,1,1,3,10,9,2,21,2,9,6.95,0,3,2,2,0,4
1,1,1,1,0,1,0,3,14,10,3,27,2,11,9.000000000000002,1,1,3,4,3,3
0,0,0,1,1,0,0,3,15,6,0,21,1,7,7.65,3,3,1,0,0,2
1,0,1,0,0,1,0,3,19,12,2,33,2,13,11.300000000000002,3,3,0,3,0,0
1,1,0,0,0,0,1,3,11,11,2,24,1,11,7.700000000000001,0,3,1,2,3,3
0,0,1,0,1,1,0,3,6,12,1,19,2,13,5.9,2,3,1,4,1,0
0,0,0,1,1,0,0,3,14,12,0,26,1,13,8.750000000000002,1,3,2,4,2,0
0,0,1,1,1,0,1,3,17,9,1,27,1,9,9.4,3,2,2,4,3,1
0,1,0,1,0,1,1,3,16,5,1,22,2,5,8.15,0,2,2,3,3,1
0,0,1,0,0,0,0,3,10,12,1,23,1,13,7.3500000000000005,6,3,3,3,3,1
1,0,1,1,0,0,1,3,17,8,2,27,1,8,9.350000000000001,3,3,2,4,3,4
0,1,1,1,1,0,0,3,11,7,2,20,1,8,6.700000000000001,3,2,2,1,3,0
1,1,0,1,1,0,0,3,14,5,2,21,1,6,7.400000000000001,6,3,3,1,0,3
1,1,1,1,0,1,0,3,14,10,3,27,2,11,9.000000000000002,1,4,0,1,3,3
0,1,0,0,1,0,0,3,11,10,1,22,1,11,7.250000000000001,1,1,2,0,0,0
0,0,1,0,1,0,0,3,18,10,1,29,1,11,10.049999999999999,0,4,3,1,2,1
1,0,1,1,0,0,1,3,13,11,2,26,1,11,8.5,0,3,0,1,3,1
0,1,0,1,1,1,0,3,22,14,1,37,2,15,12.8,6,2,2,3,3,1
1,1,0,0,1,0,1,3,9,8,2,19,1,8,6.15,3,3,2,2,3,0
1,0,1,0,0,0,0,3,13,10,2,25,1,11,8.25,5,0,0,4,1,1
0,1,0,0,0,1,1,3,7,9,1,17,2,9,5.550000000000001,1,4,2,4,2,3
0,1,1,0,0,0,0,3,7,11,2,20,1,12,6.100000000000001,0,3,2,0,0,4
1,0,1,0,1,0,1,3,7,10,2,19,1,10,5.850000000000001,0,2,1,4,3,2
0,1,0,0,0,0,1,3,16,10,1,27,1,10,9.25,6,2,0,1,3,1
1,1,0,0,1,0,0,3,10,14,2,26,1,15,8.05,1,3,0,1,1,1
0,0,1,1,0,0,0,3,15,13,1,29,1,14,9.6,6,0,3,2,0,3
1,0,0,0,0,0,1,3,17,12,1,30,1,12,10.15,6,2,1,4,1,4
1,0,0,0,0,1,1,3,24,9,1,34,2,9,12.350000000000001,1,2,2,3,3,4
1,1,1,1,0,1,0,3,16,11,3,30,2,12,10.05,5,3,0,1,2,3
0,1,0,0,1,0,0,3,10,4,1,15,1,5,5.3500000000000005,1,3,1,4,3,0
1,0,1,1,1,0,1,3,16,11,2,29,1,11,9.700000000000001,0,0,0,1,2,4
0,0,1,0,1,0,1,3,19,6,1,26,1,6,9.450000000000001,2,2,0,1,3,3
1,0,0,1,0,0,1,3,11,5,1,17,1,5,6.000000000000001,6,2,0,0,3,2
0,0,1,0,1,1,0,3,8,13,1,22,2,14,6.95,5,3,3,4,2,0
1,1,0,1,0,0,0,3,11,12,2,25,1,13,7.950000000000001,0,2,3,4,3,0
1,1,1,0,1,1,0,3,19,13,3,35,2,14,11.750000000000002,0,2,3,4,1,4
0,1,0,1,0,1,0,3,9,15,1,25,2,16,7.85,6,0,2,4,3,4
1,1,1,0,0,1,1,3,19,11,3,33,2,11,11.250000000000002,5,3,1,3,0,4
1,1,1,1,0,0,1,3,7,12,3,22,1,12,6.550000000000001,4,0,3,0,3,0
1,1,1,1,1,1,0,3,15,9,3,27,2,10,9.15,6,3,3,0,3,4
1,1,0,1,0,1,1,3,14,11,2,27,2,11,9.050000000000002,5,1,0,4,2,1
0,0,1,1,0,1,0,3,7,13,1,21,2,14,6.550000000000001,1,4,1,1,2,3
1,1,1,0,1,0,1,3,16,6,3,25,1,6,8.65,6,3,1,1,3,3
1,1,0,0,1,1,0,3,23,9,2,34,2,10,12.150000000000002,6,3,1,2,1,1
1,0,1,1,0,1,0,3,8,14,2,24,2,15,7.4,3,3,2,4,3,1
0,1,1,1,1,0,1,3,4,7,2,13,1,7,3.9,3,2,1,2,1,1
1,0,1,1,0,0,0,3,6,6,2,14,1,7,4.450000000000001,1,1,0,0,3,3
1,0,1,1,0,0,0,3,17,6,2,25,1,7,8.850000000000001,5,2,2,1,3,0
1,0,1,1,0,0,0,3,6,11,2,19,1,12,5.700000000000001,2,3,2,1,1,3
0,0,1,0,1,1,1,3,19,14,1,34,2,14,11.600000000000001,1,0,3,2,0,0
0,0,0,1,1,0,0,3,17,9,0,26,1,10,9.200000000000001,6,4,1,0,0,4
0,0,0,1,0,0,1,3,14,8,0,22,1,8,7.750000000000001,5,3,0,2,3,2
0,0,0,0,1,0,0,3,14,11,0,25,1,12,8.500000000000002,0,0,2,1,1,4
1,0,0,0,0,0,1,3,15,9,1,25,1,9,8.6,5,2,0,3,2,3
0,0,0,1,0,1,1,3,18,10,0,28,2,10,10.0,1,2,3,1,1,3
1,1,1,0,0,0,0,3,17,9,3,29,1,10,9.8,3,3,3,0,2,1
0,0,0,0,0,0,1,3,16,5,0,21,1,5,7.800000000000001,2,3,3,4,2,3
1,1,1,0,1,1,1,3,16,5,3,24,2,5,8.55,1,3,2,3,0,3
0,0,0,1,1,0,1,3,13,10,0,23,1,10,7.8500000000000005,2,3,2,4,2,2
1,1,1,1,0,0,1,3,13,5,3,21,1,5,7.200000000000001,2,3,3,4,2,0
1,1,0,1,1,0,1,3,13,5,2,20,1,5,7.000000000000001,5,0,0,4,3,3
0,0,0,1,1,1,0,3,12,10,0,22,2,11,7.6000000000000005,6,3,0,4,3,1
0,1,0,0,1,0,0,3,10,5,1,16,1,6,5.6000000000000005,5,1,3,4,3,2
0,0,1,0,0,0,1,3,14,12,1,27,1,12,8.950000000000001,2,1,2,2,3,0
1,0,1,0,0,0,1,3,18,9,2,29,1,9,10.0,0,3,2,0,2,1
0,1,1,0,0,0,1,3,17,9,2,28,1,9,9.600000000000001,0,3,2,4,1,1
1,1,0,0,1,0,0,3,18,6,2,26,1,7,9.25,1,3,0,0,0,0
1,0,0,0,0,0,1,3,7,11,1,19,1,11,5.900000000000001,2,3,1,4,1,1
0,0,0,0,0,1,0,3,15,12,0,27,2,13,9.3,0,2,2,1,3,0
1,1,1,1,1,0,1,3,17,12,3,32,1,12,10.55,2,1,1,4,3,2
1,1,1,0,1,1,0,3,16,9,3,28,2,10,9.55,1,3,3,2,3,0
0,0,1,1,1,0,0,3,21,12,1,34,1,13,11.75,6,1,1,1,2,2
1,1,1,0,1,0,1,3,17,15,3,35,1,15,11.3,1,3,1,1,3,0
0,0,1,0,0,1,0,3,16,8,1,25,2,9,8.9,5,0,1,0,3,0
1,1,0,1,1,1,0,3,12,10,2,24,2,11,8.000000000000002,2,4,1,1,3,0
1,0,0,1,0,0,0,3,19,14,1,34,1,15,11.450000000000001,1,2,2,4,2,4
1,1,0,1,0,0,1,3,11,9,2,22,1,9,7.200000000000001,3,2,0,1,3,3
0,0,1,1,0,1,0,3,11,9,1,21,2,10,7.15,2,2,0,4,2,0
1,0,1,0,1,1,0,3,15,7,2,24,2,8,8.450000000000001,0,2,0,2,3,3
0,1,1,0,0,0,1,3,20,14,2,36,1,14,12.05,5,2,3,4,0,4
0,1,1,1,1,1,1,3,12,12,2,26,2,12,8.500000000000002,4,3,3,3,3,3
0,1,0,1,1,0,0,3,13,7,1,21,1,8,7.300000000000001,1,0,2,4,1,1
0,1,0,0,0,0,0,3,13,9,1,23,1,10,7.800000000000001,2,3,3,1,1,0
1,1,0,1,0,1,1,3,12,14,2,28,2,14,9.000000000000002,3,3,0,2,1,1
0,1,1,1,0,1,1,3,16,10,2,28,2,10,9.600000000000001,6,1,0,4,3,3
0,0,1,1,1,0,0,3,11,4,1,16,1,5,5.750000000000001,5,4,0,4,3,3
0,0,1,1,1,1,0,3,12,8,1,21,2,9,7.300000000000001,2,1,0,3,3,0
0,0,0,1,1,1,0,3,23,5,0,28,2,6,10.750000000000002,6,2,1,1,2,0
0,1,1,0,1,0,0,3,20,7,2,29,1,8,10.3,5,0,2,4,3,0
0,1,1,0,0,0,1,3,19,9,2,30,1,9,10.400000000000002,1,3,1,4,3,1
0,0,1,1,1,1,0,3,10,7,1,18,2,8,6.25,0,3,0,0,0,3
1,0,1,0,1,0,1,3,8,11,2,21,1,11,6.500000000000001,5,2,1,0,3,0
0,0,0,0,1,0,0,3,14,11,0,25,1,12,8.500000000000002,1,3,2,1,3,0
0,1,1,0,1,1,1,3,11,9,2,22,2,9,7.3500000000000005,2,3,2,3,1,1
1,0,0,0,0,1,0,3,14,12,1,27,2,13,9.100000000000001,0,0,0,3,1,0
0,0,1,0,0,0,0,3,13,7,1,21,1,8,7.300000000000001,3,4,3,0,0,3
0,0,1,0,1,0,0,3,11,9,1,21,1,10,7.000000000000001,0,2,1,0,3,2
0,0,0,0,0,1,1,3,15,10,0,25,2,10,8.8,5,3,1,0,1,0
1,1,0,0,1,1,0,3,10,9,2,21,2,10,6.95,3,3,1,3,3,3
0,1,1,1,0,1,0,3,14,10,2,26,2,11,8.800000000000002,2,3,1,1,3,1
0,1,0,0,1,0,0,3,9,10,1,20,1,11,6.45,4,3,1,4,1,0
1,1,1,0,0,0,1,3,16,13,3,32,1,13,10.4,1,3,2,1,2,0
0,0,0,1,0,1,1,3,8,9,0,17,2,9,5.75,5,2,2,3,1,0
1,1,1,1,0,0,1,3,20,5,3,28,1,5,10.0,2,2,3,3,3,0
1,1,1,1,0,0,0,3,6,7,3,16,1,8,4.9,6,4,0,0,3,0
1,0,0,0,1,1,1,3,8,9,1,18,2,9,5.95,5,3,0,4,3,3
0,0,1,1,1,0,1,3,7,11,1,19,1,11,5.900000000000001,1,2,3,2,2,2
1,0,0,0,1,1,1,3,11,6,1,18,2,6,6.4,2,0,0,0,0,1
1,1,1,1,1,0,1,3,12,7,3,22,1,7,7.300000000000001,6,2,0,0,2,1
0,0,1,1,0,0,0,3,7,12,1,20,1,13,6.150000000000001,5,3,3,0,1,4
0,0,1,1,0,1,0,3,10,10,1,21,2,11,7.0,2,3,1,1,3,1
0,1,1,0,1,0,1,3,6,6,2,14,1,6,4.450000000000001,3,2,1,0,2,3
1,0,0,1,1,0,0,3,13,7,1,21,1,8,7.300000000000001,5,3,1,3,3,0
1,0,0,0,0,0,0,3,9,10,1,20,1,11,6.45,1,3,3,4,3,3
0,0,1,1,0,0,1,3,9,5,1,15,1,5,5.2,1,3,3,1,1,4
1,1,1,0,1,1,0,3,18,8,3,29,2,9,10.1,3,3,1,4,3,0
0,0,0,0,0,0,1,3,9,8,0,17,1,8,5.75,0,3,3,2,2,4
0,1,1,0,1,1,1,3,14,12,2,28,2,12,9.300000000000002,3,1,1,0,0,0
0,1,1,0,1,1,1,3,15,11,2,28,2,11,9.450000000000001,0,2,1,1,3,4
1,0,0,0,0,1,1,3,15,6,1,22,2,6,8.0,5,2,0,4,2,1
0,0,0,0,1,1,1,3,8,14,0,22,2,14,7.0,2,0,3,0,3,3
1,0,0,0,1,0,1,3,16,6,1,23,1,6,8.25,2,2,3,1,1,3
1,0,0,1,1,1,1,3,9,9,1,19,2,9,6.35,1,2,0,1,3,0
1,0,1,1,0,1,0,3,17,6,2,25,2,7,9.000000000000002,2,3,2,1,3,3
0,1,1,0,0,0,1,3,8,7,2,17,1,7,5.500000000000001,2,4,0,4,3,4
0,1,0,1,0,0,1,3,15,11,1,27,1,11,9.1,3,3,2,0,0,2
1,0,1,1,0,0,0,3,13,12,2,27,1,13,8.75,1,3,2,4,3,1
0,0,0,1,1,0,0,3,18,14,0,32,1,15,10.85,5,1,0,0,2,0
1,1,0,1,0,1,0,3,10,13,2,25,2,14,7.95,0,4,0,1,2,0
0,1,1,1,1,1,1,3,8,12,2,22,2,12,6.9,2,2,3,4,2,4
1,1,1,1,1,0,1,3,12,13,3,28,1,13,8.8,5,3,1,0,3,3
0,0,0,0,0,0,1,3,11,12,0,23,1,12,7.550000000000001,0,3,0,0,3,3
0,0,0,0,1,1,1,3,11,11,0,22,2,11,7.45,1,2,2,3,2,4
0,0,0,0,1,1,1,3,23,8,0,31,2,8,11.500000000000002,6,3,3,4,3,4
1,0,1,0,1,1,1,3,12,12,2,26,2,12,8.500000000000002,2,3,2,4,1,4
0,0,0,0,1,0,0,3,6,10,0,16,1,11,5.050000000000001,2,3,2,0,1,3
0,0,0,0,1,0,1,3,9,10,0,19,1,10,6.25,6,3,1,3,3,1
1,1,0,0,1,1,1,3,15,12,2,29,2,12,9.700000000000001,3,3,3,4,2,3
0,0,0,0,1,1,0,3,12,14,0,26,2,15,8.600000000000001,4,3,2,4,3,3
0,0,1,0,0,0,0,3,9,8,1,18,1,9,5.95,1,1,1,0,3,4
0,1,0,1,1,1,0,3,20,9,1,30,2,10,10.75,1,3,1,1,3,1
1,0,0,0,1,0,0,3,10,9,1,20,1,10,6.6000000000000005,1,3,1,1,2,0
0,1,1,1,0,1,0,3,11,8,2,21,2,9,7.1000000000000005,1,4,1,1,2,0
1,1,1,0,0,0,1,3,16,8,3,27,1,8,9.15,0,3,1,3,1,0
0,1,1,1,0,1,0,3,15,8,2,25,2,9,8.700000000000001,3,3,2,4,3,0
0,0,1,1,1,0,1,3,15,11,1,27,1,11,9.1,3,2,0,0,0,1
0,1,1,1,1,1,0,3,10,7,2,19,2,8,6.45,5,1,2,2,1,0
1,1,0,0,1,1,1,3,13,13,2,28,2,13,9.15,6,3,1,1,3,1
1,1,0,1,1,0,1,3,9,10,2,21,1,10,6.65,2,1,1,4,2,3
0,0,0,1,1,0,1,3,11,13,0,24,1,13,7.800000000000001,1,2,2,1,3,2
1,1,1,0,0,1,1,3,9,13,3,25,2,13,7.749999999999999,6,0,1,4,1,3
0,0,1,0,0,0,0,3,11,6,1,18,1,7,6.250000000000001,1,3,2,3,2,0
1,0,0,1,0,1,0,3,15,6,1,22,2,7,8.0,5,3,1,0,3,2
1,1,0,0,1,1,0,3,11,10,2,23,2,11,7.6000000000000005,5,0,3,0,3,0
1,0,1,1,0,0,1,3,7,10,2,19,1,10,5.850000000000001,1,3,0,4,3,0
0,0,1,1,0,1,1,3,5,8,1,14,2,8,4.5,6,3,3,1,3,4
1,0,1,0,0,0,0,3,12,10,2,24,1,11,7.850000000000001,4,2,3,4,3,0
0,1,1,0,1,1,0,3,17,8,2,27,2,9,9.500000000000002,0,3,0,1,2,0
1,1,1,1,1,1,0,3,10,10,3,23,2,11,7.3999999999999995,6,3,2,0,3,0
1,0,1,1,1,1,1,3,11,5,2,18,2,5,6.3500000000000005,1,2,1,1,3,1
0,0,0,1,0,0,1,3,13,6,0,19,1,6,6.8500000000000005,0,2,3,1,3,0
1,0,0,0,0,1,1,3,13,13,1,27,2,13,8.95,1,3,3,4,0,4
0,0,1,1,0,1,0,3,18,13,1,32,2,14,10.95,3,3,3,1,3,0
0,0,1,0,0,1,1,3,17,11,1,29,2,11,10.05,0,3,1,0,2,1
1,1,0,1,1,0,1,3,10,5,2,17,1,5,5.800000000000001,0,3,2,2,3,3
1,0,1,1,0,1,0,3,15,6,2,23,2,7,8.200000000000001,0,3,3,0,3,0
0,0,0,0,1,1,0,3,13,13,0,26,2,14,8.75,6,4,1,1,3,4
1,0,0,0,0,1,0,3,14,12,1,27,2,13,9.100000000000001,5,4,2,0,0,4
1,1,0,1,1,0,1,3,13,7,2,22,1,7,7.500000000000001,0,2,1,4,3,0
1,0,1,1,1,1,1,3,17,9,2,28,2,9,9.750000000000002,2,3,3,0,3,1
0,1,0,0,1,1,0,3,8,12,1,21,2,13,6.7,0,3,2,4,3,1
1,1,1,1,1,0,1,3,7,3,3,13,1,3,4.300000000000001,3,2,1,1,3,3
1,1,1,1,1,0,1,3,17,4,3,24,1,4,8.55,0,2,0,4,3,2
0,0,1,1,0,0,1,3,11,6,1,18,1,6,6.250000000000001,0,4,1,4,1,1
0,0,1,0,1,0,0,3,7,8,1,16,1,9,5.150000000000001,0,1,0,4,1,2
0,0,0,1,0,0,1,3,13,8,0,21,1,8,7.3500000000000005,0,3,3,0,2,0
1,0,0,1,1,0,1,3,18,12,1,31,1,12,10.549999999999999,4,3,2,4,3,0
1,0,1,0,0,1,0,3,11,11,2,24,2,12,7.8500000000000005,4,3,1,4,3,1
1,0,0,1,1,1,0,3,16,12,1,29,2,13,9.9,1,2,2,1,1,2
0,0,1,0,1,0,1,3,9,13,1,23,1,13,7.2,1,3,3,2,1,0
1,1,0,0,0,0,1,3,17,9,2,28,1,9,9.600000000000001,0,3,3,4,0,2
1,1,1,0,1,1,1,3,13,7,3,23,2,7,7.8500000000000005,2,3,1,1,3,3
0,0,0,0,1,1,1,3,8,11,0,19,2,11,6.25,4,1,0,1,3,1
1,0,1,1,0,1,0,3,19,12,2,33,2,13,11.300000000000002,5,1,3,2,3,0
1,1,0,1,0,1,1,3,13,9,2,24,2,9,8.15,0,3,1,1,3,2
1,1,0,1,1,1,1,3,3,13,2,18,2,13,5.15,1,3,2,4,1,0
1,0,1,1,0,0,0,3,10,10,2,22,1,11,7.050000000000001,5,2,3,4,1,0
1,0,0,0,1,1,0,3,17,11,1,29,2,12,10.05,3,2,2,2,3,1
1,1,0,1,0,0,1,3,16,11,2,29,1,11,9.700000000000001,0,2,0,0,3,4
0,1,1,1,1,0,0,3,11,10,2,23,1,11,7.450000000000001,5,3,3,0,3,0
0,1,1,0,1,1,0,3,11,6,2,19,2,7,6.6000000000000005,4,3,2,1,3,3
1,1,1,1,0,1,1,3,10,11,3,24,2,11,7.6499999999999995,1,2,1,1,1,4
0,0,1,0,1,0,1,3,23,11,1,35,1,11,12.3,1,2,3,0,0,3
1,1,0,0,1,0,0,3,14,11,2,27,1,12,8.900000000000002,6,2,3,0,3,4
1,1,0,1,0,0,0,3,13,13,2,28,1,14,9.0,1,2,3,1,3,3
1,1,1,1,1,1,0,3,12,4,3,19,2,5,6.7,0,3,3,0,0,4
1,1,1,1,0,1,1,3,12,7,3,22,2,7,7.45,3,2,1,0,2,1
1,1,0,1,1,1,0,3,14,9,2,25,2,10,8.55,3,3,0,1,0,3
1,1,0,0,1,0,1,3,12,4,2,18,1,4,6.350000000000001,1,2,2,4,1,1
0,0,1,1,1,0,0,3,10,5,1,16,1,6,5.6000000000000005,2,3,3,4,0,4
0,0,0,1,0,0,0,3,17,4,0,21,1,5,7.950000000000001,2,3,1,4,2,0
1,1,1,1,1,1,0,3,9,13,3,25,2,14,7.749999999999999,3,2,3,2,3,0
1,0,0,0,0,1,0,3,15,5,1,21,2,6,7.75,2,3,3,3,1,4
1,1,1,0,0,0,0,3,4,12,3,19,1,13,5.35,0,0,1,0,3,0
0,0,0,1,1,0,1,3,17,9,0,26,1,9,9.200000000000001,0,1,1,4,3,3
0,0,0,0,0,1,1,3,9,12,0,21,2,12,6.8999999999999995,3,0,0,0,2,4
1,0,0,0,1,0,0,3,10,9,1,20,1,10,6.6000000000000005,2,3,3,0,2,4
0,1,0,0,1,1,0,3,10,10,1,21,2,11,7.0,3,3,1,2,3,3
0,1,0,0,0,1,1,3,12,5,1,18,2,5,6.550000000000001,2,2,0,0,3,0
0,0,0,1,0,0,0,3,13,13,0,26,1,14,8.6,6,4,0,4,0,4
0,1,0,0,1,0,1,3,4,6,1,11,1,6,3.45,2,2,0,4,3,0
0,1,1,1,1,1,1,3,11,12,2,25,2,12,8.100000000000001,2,3,1,0,2,4
1,0,1,0,1,1,1,3,11,13,2,26,2,13,8.350000000000001,1,3,2,1,3,4
0,0,1,1,1,0,0,3,11,10,1,22,1,11,7.250000000000001,5,3,0,4,0,4
1,1,1,1,1,0,0,3,13,8,3,24,1,9,7.950000000000001,1,3,3,4,3,0
1,0,1,1,0,0,1,3,9,7,2,18,1,7,5.9,6,3,3,1,0,0
0,0,1,0,1,1,0,3,16,13,1,30,2,14,10.15,1,3,1,4,3,0
0,1,1,0,1,1,0,3,11,13,2,26,2,14,8.350000000000001,4,3,1,4,2,4
1,1,1,1,1,1,0,3,15,8,3,26,2,9,8.9,1,1,1,4,0,3
0,1,0,1,0,1,0,3,12,9,1,22,2,10,7.550000000000001,3,3,1,1,3,4
1,0,1,0,0,1,1,3,7,5,2,14,2,5,4.750000000000001,2,3,1,0,3,4
1,0,1,1,0,0,0,3,18,8,2,28,1,9,9.75,0,2,0,0,3,0
0,1,0,1,1,1,1,3,12,6,1,19,2,6,6.800000000000001,5,3,1,2,2,0
0,1,1,1,1,0,0,3,15,10,2,27,1,11,9.05,6,0,1,2,0,4
1,0,0,1,0,1,1,3,18,11,1,30,2,11,10.45,1,3,3,2,3,4
0,1,0,1,0,0,1,3,14,14,1,29,1,14,9.450000000000001,4,4,2,3,3,4
0,1,1,1,1,1,0,3,13,7,2,22,2,8,7.65,5,3,0,1,3,1
0,0,1,1,0,1,1,3,13,6,1,20,2,6,7.2,2,2,0,1,0,1
1,0,0,1,1,1,0,3,7,9,1,17,2,10,5.550000000000001,3,3,2,4,3,4
0,0,1,0,0,1,1,3,10,4,1,15,2,4,5.5,3,3,3,1,3,0
1,0,1,0,0,0,1,3,10,9,2,21,1,9,6.800000000000001,0,4,3,0,1,1
0,0,1,0,1,1,1,3,9,9,1,19,2,9,6.35,0,0,0,1,3,1
1,1,1,1,1,1,1,3,14,10,3,27,2,10,9.000000000000002,0,2,3,4,1,1
0,1,0,1,1,0,1,3,13,11,1,25,1,11,8.3,3,0,2,4,1,0
1,1,1,1,0,1,0,3,13,10,3,26,2,11,8.600000000000001,6,3,1,0,2,1
1,0,0,1,0,0,1,3,12,8,1,21,1,8,7.150000000000001,1,3,0,4,2,0
1,0,0,1,1,1,1,3,10,12,1,23,2,12,7.5,4,0,3,1,1,4
1,1,1,1,1,0,0,3,7,11,3,21,1,12,6.300000000000001,6,1,2,0,0,0
0,0,1,0,1,1,1,3,9,6,1,16,2,6,5.6,2,3,2,2,3,2
1,1,1,0,1,1,0,3,10,7,3,20,2,8,6.6499999999999995,6,1,2,0,3,1
1,0,0,1,0,0,0,3,15,11,1,27,1,12,9.1,1,3,2,1,3,3
1,0,0,1,0,0,0,3,15,12,1,28,1,13,9.35,3,2,3,1,1,3
1,0,1,0,0,1,1,3,12,4,2,18,2,4,6.500000000000001,5,3,1,1,2,3
0,0,1,0,1,1,0,3,16,13,1,30,2,14,10.15,5,2,1,1,0,1
0,1,0,0,0,1,1,3,17,13,1,31,2,13,10.55,2,1,1,4,3,0
0,1,1,1,0,0,1,3,17,9,2,28,1,9,9.600000000000001,6,2,1,4,3,0
1,0,1,1,0,1,0,3,14,8,2,24,2,9,8.3,6,4,0,0,3,2
0,0,1,1,1,0,0,3,13,5,1,19,1,6,6.800000000000001,2,3,2,2,0,0
1,1,0,0,1,1,1,3,12,8,2,22,2,8,7.500000000000001,1,3,0,0,3,2
0,0,0,1,0,1,0,3,12,10,0,22,2,11,7.6000000000000005,2,2,1,4,1,0
1,0,0,1,1,0,0,3,12,14,1,27,1,15,8.65,2,2,1,2,1,4
0,1,1,0,0,0,1,3,17,7,2,26,1,7,9.100000000000001,3,2,3,1,3,0
1,1,1,1,1,1,1,3,16,6,3,25,2,6,8.8,1,1,0,2,3,0
1,1,0,0,0,1,1,3,17,12,2,31,2,12,10.500000000000002,0,3,0,1,1,2
0,0,1,1,0,1,1,3,12,14,1,27,2,14,8.8,5,3,3,2,3,3
0,0,1,0,0,0,0,3,16,8,1,25,1,9,8.75,2,3,0,0,0,4
0,0,0,0,0,1,1,3,4,11,0,15,2,11,4.6499999999999995,5,3,1,4,3,2
1,0,1,1,1,0,1,3,15,12,2,29,1,12,9.55,5,0,2,0,3,0
0,1,1,0,0,0,1,3,9,13,2,24,1,13,7.4,6,3,0,4,3,0
1,1,0,1,1,1,0,3,19,12,2,33,2,13,11.300000000000002,3,4,0,1,3,2
0,1,0,0,0,0,0,3,13,8,1,22,1,9,7.550000000000001,3,2,0,0,3,3
0,1,0,1,1,0,0,3,11,5,1,17,1,6,6.000000000000001,2,3,2,1,0,3
0,0,0,1,0,1,0,3,9,9,0,18,2,10,6.1499999999999995,3,3,3,1,3,1
1,1,0,1,1,0,0,3,13,12,2,27,1,13,8.75,6,3,3,2,3,0
0,1,1,1,1,0,1,3,15,6,2,23,1,6,8.05,0,0,2,1,2,0
0,1,0,0,0,0,0,3,12,5,1,18,1,6,6.400000000000001,2,3,1,1,3,3
0,1,1,0,0,1,1,3,11,12,2,25,2,12,8.100000000000001,6,2,3,0,3,2
1,1,1,1,0,1,0,3,20,12,3,35,2,13,11.9,1,3,0,2,3,4
0,1,0,1,1,0,1,3,8,12,1,21,1,12,6.550000000000001,3,3,3,1,3,4
0,1,0,1,0,0,0,3,12,7,1,20,1,8,6.900000000000001,2,2,1,1,0,1
1,1,1,0,1,1,1,3,8,6,3,17,2,6,5.6000000000000005,0,3,2,4,3,3
1,1,1,0,1,0,1,3,8,14,3,25,1,14,7.450000000000001,5,3,1,1,3,4
0,0,0,1,1,1,0,3,18,13,0,31,2,14,10.75,1,3,0,3,2,0
0,1,1,1,1,0,0,3,21,8,2,31,1,9,10.950000000000001,3,3,2,4,3,4
0,1,0,1,0,0,1,3,15,13,1,29,1,13,9.6,4,3,3,4,3,3
0,1,1,0,0,0,1,3,24,14,2,40,1,14,13.650000000000002,2,3,1,2,0,4
0,1,0,1,1,0,1,3,10,5,1,16,1,5,5.6000000000000005,6,3,0,1,3,2
1,1,1,0,1,1,1,3,13,9,3,25,2,9,8.350000000000001,1,0,2,4,3,3
1,1,1,1,0,1,0,3,14,6,3,23,2,7,8.000000000000002,1,0,3,1,3,0
0,1,1,0,0,1,0,3,17,13,2,32,2,14,10.750000000000002,2,2,2,1,3,4
1,1,0,1,1,0,0,3,19,8,2,29,1,9,10.150000000000002,1,2,0,2,3,4
0,1,1,1,1,0,0,3,15,12,2,29,1,13,9.55,5,3,3,4,3,0
1,1,1,0,0,1,0,3,8,7,3,18,2,8,5.8500000000000005,6,3,1,1,0,4
1,0,0,0,1,1,1,3,13,10,1,24,2,10,8.200000000000001,3,0,2,4,3,2
0,1,0,1,0,1,1,3,13,7,1,21,2,7,7.45,1,3,1,4,3,4
0,0,1,0,0,0,1,3,18,12,1,31,1,12,10.549999999999999,2,0,1,0,3,0
1,0,1,0,1,0,0,3,7,13,2,22,1,14,6.600000000000001,0,0,2,1,3,1
1,1,0,0,1,1,0,3,18,13,2,33,2,14,11.15,2,3,2,1,1,2
1,1,0,1,1,0,1,3,19,6,2,27,1,6,9.650000000000002,6,2,3,1,1,0
1,1,1,0,0,0,1,3,11,8,3,22,1,8,7.15,3,3,2,1,2,2
0,1,1,0,1,0,0,3,13,10,2,25,1,11,8.25,0,3,0,1,3,2
0,0,1,0,1,1,0,3,15,12,1,28,2,13,9.5,5,2,2,4,3,0
0,0,1,0,0,0,1,3,12,6,1,19,1,6,6.650000000000001,5,4,3,1,0,3
1,1,0,1,1,0,1,3,18,13,2,33,1,13,11.0,0,3,0,3,1,0
1,1,0,1,1,0,1,3,11,11,2,24,1,11,7.700000000000001,6,3,0,4,3,0
0,0,0,1,0,1,1,3,18,8,0,26,2,8,9.5,3,2,3,1,3,2
1,1,0,0,1,1,1,3,9,6,2,17,2,6,5.8,3,3,2,3,3,3
1,1,0,0,1,1,0,3,10,7,2,19,2,8,6.45,2,3,3,4,0,4
1,0,1,1,0,1,0,3,19,7,2,28,2,8,10.050000000000002,3,2,3,0,2,1
1,1,0,1,0,1,1,3,12,6,2,20,2,6,7.000000000000001,4,4,3,4,3,3
1,1,0,0,0,0,0,3,13,10,2,25,1,11,8.25,5,3,2,4,3,1
0,0,1,1,1,0,1,3,10,8,1,19,1,8,6.3500000000000005,0,3,3,4,0,3
0,0,0,1,1,1,0,3,23,10,0,33,2,11,12.000000000000002,6,3,1,1,1,3
1,0,0,1,1,0,0,3,8,9,1,18,1,10,5.800000000000001,3,3,0,4,3,0
0,0,1,1,1,1,1,3,11,6,1,18,2,6,6.4,3,3,1,3,0,0
1,0,0,1,1,1,0,3,5,12,1,18,2,13,5.5,6,3,1,4,3,4
1,1,0,1,1,1,1,3,16,5,2,23,2,5,8.350000000000001,5,0,2,2,0,0
1,1,0,0,1,1,1,3,12,8,2,22,2,8,7.500000000000001,3,0,0,3,3,2
1,0,1,0,0,1,0,3,18,4,2,24,2,5,8.9,1,1,0,1,2,0
1,0,1,1,0,1,0,3,8,10,2,20,2,11,6.4,5,0,2,0,0,0
1,0,0,0,1,1,0,3,17,8,1,26,2,9,9.3,5,3,2,3,3,1
0,1,0,0,1,1,1,3,11,9,1,21,2,9,7.15,0,3,1,2,3,3
0,0,0,1,1,0,1,3,18,10,0,28,1,10,9.85,6,3,3,4,0,2
0,0,0,1,1,1,0,3,13,8,0,21,2,9,7.5,6,4,2,1,2,4
1,0,1,1,0,0,0,3,13,9,2,24,1,10,8.0,2,2,2,0,3,1
0,1,1,1,1,1,1,3,10,6,2,18,2,6,6.2,3,3,0,1,2,0
0,0,1,1,0,0,1,3,11,7,1,19,1,7,6.500000000000001,1,1,2,4,1,4
1,1,1,1,0,0,0,3,10,7,3,20,1,8,6.5,0,3,1,1,3,3
0,1,0,0,0,1,1,3,8,6,1,15,2,6,5.2,1,2,3,0,2,0
0,1,1,0,0,1,0,3,19,7,2,28,2,8,10.050000000000002,1,0,0,1,3,3
1,0,1,1,0,1,0,3,15,6,2,23,2,7,8.200000000000001,5,1,0,0,1,0
0,0,0,0,1,1,1,3,5,5,0,10,2,5,3.55,3,1,0,1,3,1
1,0,0,0,1,1,1,3,12,11,1,24,2,11,8.05,3,3,3,0,3,4
0,1,0,0,1,1,1,3,21,13,1,35,2,13,12.15,3,2,3,0,1,4
0,1,1,0,0,0,1,3,10,8,2,20,1,8,6.550000000000001,3,0,1,2,3,1
1,1,0,0,0,0,0,3,11,12,2,25,1,13,7.950000000000001,0,3,2,4,0,1
1,1,1,1,1,0,1,3,19,10,3,32,1,10,10.850000000000001,1,3,2,0,3,0
1,1,1,0,0,0,0,3,16,6,3,25,1,7,8.65,3,4,0,1,3,0
1,0,1,1,1,0,0,3,13,10,2,25,1,11,8.25,6,2,2,1,3,0
1,1,0,0,1,1,1,3,21,9,2,32,2,9,11.350000000000001,1,2,2,4,3,0
1,1,1,0,1,0,0,3,21,10,3,34,1,11,11.65,3,3,0,4,3,2
1,1,0,1,0,1,1,3,11,15,2,28,2,15,8.850000000000001,6,3,2,1,3,3
0,1,1,1,0,0,1,3,16,9,2,27,1,9,9.200000000000001,6,0,2,0,0,2
0,1,1,1,1,0,0,3,20,8,2,30,1,9,10.55,1,2,0,4,0,4
1,1,1,0,0,1,1,3,18,4,3,25,2,4,9.1,2,1,2,1,3,2
1,1,0,1,1,1,1,3,13,6,2,21,2,6,7.4,0,3,2,3,3,3
1,1,0,0,1,1,0,3,16,13,2,31,2,14,10.350000000000001,4,3,1,2,2,0
0,0,0,0,1,1,0,3,6,4,0,10,2,5,3.7,5,3,0,0,3,4
1,1,0,1,1,1,1,3,20,6,2,28,2,6,10.200000000000001,0,3,1,3,3,2
0,1,1,0,0,1,1,3,16,6,2,24,2,6,8.600000000000001,6,2,3,0,1,1
1,1,1,0,0,0,0,3,11,8,3,22,1,9,7.15,5,3,1,2,3,0
1,1,1,0,0,0,1,3,13,13,3,29,1,13,9.2,1,4,0,0,1,3
0,1,1,1,1,1,1,3,12,10,2,24,2,10,8.000000000000002,0,4,1,2,3,4
0,1,0,1,0,0,0,3,3,5,1,9,1,6,2.8000000000000003,0,2,3,4,2,2
1,0,0,1,1,1,1,3,15,11,1,27,2,11,9.25,3,3,1,1,3,4
0,0,1,0,0,1,0,3,10,8,1,19,2,9,6.5,3,0,1,1,1,4
1,0,1,1,0,1,0,3,13,12,2,27,2,13,8.9,1,3,0,1,3,4
1,0,0,0,1,0,1,3,12,6,1,19,1,6,6.650000000000001,2,1,3,4,2,0
0,1,0,0,1,0,1,3,14,9,1,24,1,9,8.200000000000001,6,4,3,4,0,0
0,0,0,1,0,1,0,3,10,8,0,18,2,9,6.3,2,2,3,3,0,2
1,0,0,1,1,0,1,3,4,8,1,13,1,8,3.95,6,4,3,2,2,3
0,1,1,0,0,1,1,3,20,11,2,33,2,11,11.450000000000001,5,0,0,3,3,0
0,1,1,0,1,1,0,3,12,12,2,26,2,13,8.500000000000002,3,1,2,0,3,4
1,0,0,1,1,0,0,3,18,13,1,32,1,14,10.799999999999999,3,2,1,4,0,2
1,1,1,0,1,0,1,3,13,11,3,27,1,11,8.700000000000001,2,2,3,0,3,0
0,1,0,1,0,1,0,3,8,9,1,18,2,10,5.95,2,2,1,4,0,0
1,0,1,1,1,0,0,3,17,7,2,26,1,8,9.100000000000001,0,1,0,4,3,2
1,0,0,1,0,0,0,3,15,8,1,24,1,9,8.35,2,3,2,1,3,4
1,0,1,0,1,0,0,3,8,10,2,20,1,11,6.250000000000001,1,2,1,0,1,0
0,1,1,0,0,0,0,3,10,10,2,22,1,11,7.050000000000001,5,4,2,1,1,3
0,1,1,1,1,1,0,3,17,5,2,24,2,6,8.750000000000002,5,3,3,4,3,0
0,0,1,1,1,0,1,3,17,13,1,31,1,13,10.4,6,3,1,1,3,4
0,0,0,0,1,1,0,3,7,10,0,17,2,11,5.6000000000000005,1,2,1,2,0,3
0,0,0,1,1,0,0,3,11,8,0,19,1,9,6.550000000000001,1,3,3,4,3,2
1,0,0,0,1,0,0,3,18,9,1,28,1,10,9.799999999999999,2,2,2,4,3,2
0,1,0,0,0,0,0,3,9,8,1,18,1,9,5.95,1,1,1,4,1,3
1,0,0,1,1,1,1,3,17,4,1,22,2,4,8.3,1,2,1,4,3,2
1,0,0,0,1,1,1,3,13,6,1,20,2,6,7.2,6,1,1,1,3,1
0,1,0,0,0,0,0,3,7,12,1,20,1,13,6.150000000000001,3,1,2,1,2,4
0,0,1,1,1,1,1,3,8,11,1,20,2,11,6.45,3,1,1,3,3,4
0,0,0,0,0,0,1,3,11,9,0,20,1,9,6.800000000000001,0,3,3,1,2,4
0,1,1,0,0,1,1,3,14,9,2,25,2,9,8.55,0,2,3,1,2,0
0,1,1,0,1,0,1,3,21,11,2,34,1,11,11.700000000000001,2,2,1,0,3,1
1,1,0,0,1,1,1,3,17,13,2,32,2,13,10.750000000000002,0,3,3,1,2,0
0,1,1,1,1,0,0,3,9,13,2,24,1,14,7.4,1,2,1,0,1,1
0,0,1,1,0,1,1,3,8,7,1,16,2,7,5.45,2,3,1,2,3,3
1,0,0,0,0,0,0,3,17,5,1,23,1,6,8.4,1,3,2,4,0,1
1,1,1,0,1,1,0,3,10,13,3,26,2,14,8.15,5,3,0,4,0,0
0,0,1,1,0,0,0,3,11,8,1,20,1,9,6.750000000000001,3,3,1,4,3,1
1,0,0,1,0,0,0,3,11,12,1,24,1,13,7.750000000000001,5,2,0,1,3,0
1,0,1,1,1,0,0,3,12,8,2,22,1,9,7.350000000000001,5,4,2,0,3,2
1,0,1,1,1,1,1,3,11,10,2,23,2,10,7.6000000000000005,0,3,1,2,2,0
0,0,0,1,0,0,0,3,10,8,0,18,1,9,6.15,0,3,0,3,2,3
1,0,0,1,0,1,1,3,12,6,1,19,2,6,6.800000000000001,3,3,2,4,3,0
1,0,1,0,0,1,0,3,18,11,2,31,2,12,10.65,3,1,1,3,0,1
0,0,1,1,0,1,1,3,6,11,1,18,2,11,5.65,0,3,2,1,1,1
1,1,0,1,0,0,1,3,14,7,2,23,1,7,7.900000000000001,3,3,2,2,1,0
0,0,1,1,1,1,0,3,17,6,1,24,2,7,8.8,3,3,2,3,0,0
1,1,1,1,1,1,0,3,11,6,3,20,2,7,6.8,6,0,2,0,2,0
0,1,0,0,0,1,0,3,14,3,1,18,2,4,6.8500000000000005,2,3,0,1,2,0
0,0,1,0,1,0,1,3,4,5,1,10,1,5,3.2,0,1,2,2,2,4
1,0,0,1,1,0,1,3,15,8,1,24,1,8,8.35,0,3,3,2,1,0
1,1,1,0,0,1,1,3,9,12,3,24,2,12,7.499999999999999,0,2,0,4,3,1
1,0,0,0,1,1,1,3,16,9,1,26,2,9,9.15,0,3,1,4,3,2
1,1,0,1,0,1,1,3,14,13,2,29,2,13,9.550000000000002,0,0,2,4,1,1
0,1,0,1,0,0,0,3,18,8,1,27,1,9,9.549999999999999,1,3,0,0,2,1
0,0,0,1,0,0,0,3,10,13,0,23,1,14,7.4,6,3,1,1,1,2
0,0,1,0,1,0,0,3,15,11,1,27,1,12,9.1,5,3,2,4,3,1
0,1,1,0,1,1,1,3,10,12,2,24,2,12,7.7,6,3,1,4,2,4
1,0,0,0,0,0,0,3,18,6,1,25,1,7,9.049999999999999,1,2,3,1,1,0
1,1,1,0,1,1,0,3,9,13,3,25,2,14,7.749999999999999,0,1,2,0,1,3
1,0,0,1,1,1,1,3,12,13,1,26,2,13,8.55,0,3,0,1,1,4
1,0,1,1,1,0,1,3,20,9,2,31,1,9,10.8,5,1,2,1,3,3
1,1,0,0,1,0,1,3,11,5,2,18,1,5,6.200000000000001,0,2,2,4,0,3
0,0,1,0,1,0,1,3,20,10,1,31,1,10,10.85,5,3,0,3,1,3
0,0,0,0,1,0,0,3,10,10,0,20,1,11,6.65,5,2,2,2,1,0
1,0,1,0,0,1,0,3,16,8,2,26,2,9,9.100000000000001,6,3,0,0,1,1
0,0,0,0,1,1,1,3,10,14,0,24,2,14,7.8,2,3,0,0,2,1
1,0,1,0,1,0,1,3,19,15,2,36,1,15,11.900000000000002,5,2,3,4,1,3
0,1,1,0,1,0,0,3,16,7,2,25,1,8,8.700000000000001,3,1,0,1,3,4
1,1,0,1,0,1,0,3,9,6,2,17,2,7,5.8,0,2,0,1,3,4
0,1,1,0,1,0,0,3,6,8,2,16,1,9,4.950000000000001,5,3,0,4,1,1
0,1,0,0,0,0,0,3,9,10,1,20,1,11,6.45,1,3,2,4,2,0
1,1,1,0,0,0,0,3,4,8,3,15,1,9,4.3500000000000005,1,3,1,1,2,1
0,0,1,1,1,1,0,3,13,10,1,24,2,11,8.200000000000001,3,3,1,3,3,0
1,0,0,0,0,0,1,3,13,5,1,19,1,5,6.800000000000001,1,2,2,4,3,0
0,1,1,1,1,1,1,3,14,5,2,21,2,5,7.550000000000001,0,3,3,0,1,0
1,1,0,1,0,0,1,3,13,12,2,27,1,12,8.75,3,3,3,0,3,0
0,0,0,1,1,0,0,3,14,11,0,25,1,12,8.500000000000002,1,4,0,3,1,4
1,1,0,0,1,0,1,3,17,10,2,29,1,10,9.850000000000001,0,1,1,4,3,4
1,1,0,0,1,0,1,3,19,5,2,26,1,5,9.400000000000002,6,2,1,0,0,4
0,0,0,0,0,0,1,3,16,10,0,26,1,10,9.05,0,0,3,1,1,2
1,1,0,1,0,0,0,3,11,7,2,20,1,8,6.700000000000001,5,2,2,4,2,4
0,0,1,0,1,1,0,3,11,10,1,22,2,11,7.4,1,4,3,4,3,1
0,0,0,0,0,1,0,3,13,12,0,25,2,13,8.5,3,4,0,1,3,0
0,1,0,1,0,0,0,3,19,9,1,29,1,10,10.200000000000001,1,2,3,1,3,2
0,0,1,0,0,1,0,3,14,4,1,19,2,5,7.1000000000000005,3,1,0,1,3,4
0,0,0,0,0,1,0,3,12,10,0,22,2,11,7.6000000000000005,6,2,3,1,3,3
0,0,1,0,1,1,1,3,15,11,1,27,2,11,9.25,1,3,0,0,3,0
0,0,1,0,0,1,1,3,17,10,1,28,2,10,9.8,3,2,3,3,3,3
1,1,1,0,0,0,0,3,8,12,3,23,1,13,6.950000000000001,3,2,0,4,3,0
1,1,1,0,1,1,0,3,16,11,3,30,2,12,10.05,1,1,3,4,2,0
0,1,0,0,0,0,1,3,14,9,1,24,1,9,8.200000000000001,6,4,2,1,1,0
1,0,0,1,1,1,1,3,7,4,1,12,2,4,4.3,5,3,0,1,2,2
1,1,0,0,0,0,1,3,11,9,2,22,1,9,7.200000000000001,5,3,2,3,3,0
1,0,0,1,1,0,1,3,10,14,1,25,1,14,7.8500000000000005,1,3,3,4,2,0
1,0,1,0,1,1,0,3,11,10,2,23,2,11,7.6000000000000005,5,2,3,1,3,3
0,0,1,0,1,0,1,3,7,12,1,20,1,12,6.150000000000001,2,0,0,4,2,0
1,0,0,1,1,0,1,3,14,10,1,25,1,10,8.450000000000001,5,2,2,4,0,0
1,0,1,0,1,0,0,3,5,11,2,18,1,12,5.300000000000001,0,3,1,4,2,3
0,0,1,1,0,1,0,3,14,7,1,22,2,8,7.8500000000000005,2,2,2,2,3,0
1,1,1,0,1,1,1,3,20,6,3,29,2,6,10.4,3,3,0,1,1,4
1,1,0,0,1,0,0,3,16,5,2,23,1,6,8.200000000000001,4,3,1,1,3,4
1,1,1,1,1,1,0,3,14,8,3,25,2,9,8.500000000000002,0,0,3,4,3,2
1,0,1,0,1,1,0,3,15,13,2,30,2,14,9.950000000000001,4,3,2,1,1,1
0,1,0,0,0,0,0,3,15,8,1,24,1,9,8.35,6,3,2,4,1,4
0,0,0,1,1,0,1,3,12,6,0,18,1,6,6.450000000000001,0,3,2,1,3,3
0,1,1,0,0,1,1,3,12,6,2,20,2,6,7.000000000000001,1,4,0,4,0,2
1,1,1,1,1,1,1,3,14,6,3,23,2,6,8.000000000000002,3,2,1,1,0,1
0,0,1,0,1,1,0,3,18,13,1,32,2,14,10.95,4,3,2,1,1,0
1,1,0,1,0,1,0,3,12,10,2,24,2,11,8.000000000000002,1,1,2,1,1,4
0,1,0,1,0,0,1,3,3,7,1,11,1,7,3.3000000000000003,1,0,2,0,3,1
0,0,0,0,1,1,1,3,11,10,0,21,2,10,7.2,4,3,0,4,0,0
0,0,1,1,1,1,1,3,6,5,1,12,2,5,4.15,5,4,3,2,3,2
1,0,1,1,1,1,1,3,13,5,2,20,2,5,7.15,3,0,0,0,3,0
0,1,0,0,1,1,1,3,14,5,1,20,2,5,7.3500000000000005,0,3,1,3,2,0
1,0,1,0,0,1,0,3,13,7,2,22,2,8,7.65,1,4,2,1,2,3
1,1,1,1,1,0,0,3,13,8,3,24,1,9,7.950000000000001,2,2,3,4,0,3
1,1,0,0,0,1,1,3,14,7,2,23,2,7,8.05,3,1,0,1,3,3
1,1,1,0,1,1,1,3,12,9,3,24,2,9,7.95,6,2,0,1,2,0
1,0,1,1,1,0,0,3,11,8,2,21,1,9,6.950000000000001,6,3,0,1,0,0
0,0,1,1,1,0,0,3,13,8,1,22,1,9,7.550000000000001,3,2,1,4,3,1
0,0,0,1,1,0,0,3,14,5,0,19,1,6,7.000000000000001,3,3,1,4,3,1
0,1,1,1,0,1,0,3,10,13,2,25,2,14,7.95,6,3,2,4,3,0
1,0,0,0,1,0,0,3,15,5,1,21,1,6,7.6000000000000005,0,2,1,0,3,0
0,1,0,0,0,1,0,3,15,9,1,25,2,10,8.75,0,0,2,4,3,2
1,0,0,1,1,0,0,3,12,7,1,20,1,8,6.900000000000001,2,3,1,2,2,4
0,0,0,1,1,0,1,3,17,5,0,22,1,5,8.200000000000001,2,3,1,4,2,2
1,1,1,0,1,1,0,3,15,7,3,25,2,8,8.65,2,1,2,4,3,1
0,1,1,0,0,0,1,3,15,13,2,30,1,13,9.8,6,2,1,1,3,0
0,0,1,1,1,0,0,3,10,5,1,16,1,6,5.6000000000000005,6,3,3,4,1,3
0,0,1,0,0,0,0,3,14,10,1,25,1,11,8.450000000000001,2,1,0,0,3,3
0,1,1,1,0,0,0,3,19,11,2,32,1,12,10.900000000000002,3,4,3,3,1,3
0,0,1,1,1,0,0,3,17,11,1,29,1,12,9.9,5,1,2,3,3,2
0,1,0,0,1,0,0,3,11,5,1,17,1,6,6.000000000000001,2,0,0,4,1,4
0,0,1,0,0,0,0,3,8,12,1,21,1,13,6.550000000000001,6,3,0,0,2,3
0,0,1,0,1,0,0,3,10,5,1,16,1,6,5.6000000000000005,2,2,2,1,3,0
0,1,0,0,0,0,1,3,17,8,1,26,1,8,9.15,1,1,1,0,3,3
1,1,0,1,1,0,1,3,18,6,2,26,1,6,9.25,1,2,0,1,3,0
0,0,0,0,0,1,1,3,14,5,0,19,2,5,7.15,3,0,0,0,1,3
0,1,0,0,1,1,0,3,21,7,1,29,2,8,10.65,1,0,0,1,2,0
0,1,1,1,1,1,0,3,14,12,2,28,2,13,9.300000000000002,1,2,3,1,3,1
1,1,1,0,1,1,1,3,19,10,3,32,2,10,11.000000000000002,5,3,2,4,0,1
0,1,0,1,0,1,1,3,9,6,1,16,2,6,5.6,5,2,3,3,1,0
0,0,0,1,1,0,0,3,12,13,0,25,1,14,8.200000000000001,1,3,3,1,3,4
0,0,0,1,0,1,1,3,18,10,0,28,2,10,10.0,1,3,0,3,3,4
0,0,1,1,1,0,0,3,19,4,1,24,1,5,8.950000000000001,3,2,0,1,3,0
1,1,1,1,0,0,0,3,13,12,3,28,1,13,8.95,6,3,0,4,3,4
0,0,1,1,0,1,0,3,9,11,1,21,2,12,6.85,6,2,0,1,0,3
0,1,0,0,0,0,1,3,14,7,1,22,1,7,7.700000000000001,1,3,3,2,3,1
0,1,0,0,1,0,1,3,9,7,1,17,1,7,5.7,3,3,0,0,3,0
0,0,0,1,0,0,0,3,14,4,0,18,1,5,6.750000000000001,0,2,1,2,2,0
0,0,0,0,1,0,0,3,15,6,0,21,1,7,7.65,2,3,2,4,1,3
1,1,1,1,1,1,1,3,11,10,3,24,2,10,7.8,1,0,2,1,2,2
1,1,1,1,0,0,0,3,9,8,3,20,1,9,6.35,0,3,2,2,3,0
0,1,1,1,0,0,1,3,18,9,2,29,1,9,10.0,6,0,2,0,0,0
0,0,1,1,1,0,1,3,20,15,1,36,1,15,12.1,5,2,0,3,3,3
0,1,0,1,1,0,1,3,9,8,1,18,1,8,5.95,0,2,0,4,3,4
0,0,1,0,0,1,1,3,18,11,1,30,2,11,10.45,0,3,3,4,2,4
0,1,0,0,0,0,0,3,5,11,1,17,1,12,5.1000000000000005,0,4,2,2,0,4
0,0,1,1,0,1,1,3,12,7,1,20,2,7,7.050000000000001,2,0,0,0,0,4
0,0,0,0,1,0,1,3,13,11,0,24,1,11,8.1,1,3,2,4,0,3
0,1,1,0,0,1,1,3,6,10,2,18,2,10,5.6000000000000005,3,3,1,1,2,0
0,0,1,0,0,0,0,3,16,6,1,23,1,7,8.25,1,3,3,1,3,2
1,1,1,0,0,0,1,3,16,8,3,27,1,8,9.15,2,2,3,4,0,3
0,1,1,1,0,1,1,3,11,11,2,24,2,11,7.8500000000000005,3,3,2,2,3,4
0,0,1,1,1,1,1,3,11,10,1,22,2,10,7.4,3,0,2,4,2,3
0,0,1,0,0,1,1,3,10,6,1,17,2,6,6.0,3,3,3,4,1,1
1,0,1,1,1,0,1,3,2,11,2,15,1,11,4.1,3,3,3,0,0,0
1,0,0,1,0,0,1,3,19,5,1,25,1,5,9.200000000000001,5,2,3,4,0,2
0,1,1,1,1,1,0,3,10,13,2,25,2,14,7.95,2,3,1,2,0,1
1,0,1,1,0,0,1,3,17,13,2,32,1,13,10.600000000000001,5,3,2,0,3,0
0,0,1,0,1,0,0,3,19,12,1,32,1,13,10.950000000000001,0,3,2,1,1,3
1,1,0,1,0,1,0,3,10,11,2,23,2,12,7.45,6,3,0,0,1,4
0,1,0,1,1,0,0,3,17,6,1,24,1,7,8.65,1,4,3,4,0,3
0,0,1,0,0,1,1,3,18,7,1,26,2,7,9.45,0,4,2,4,3,3
1,0,1,0,1,0,1,3,6,6,2,14,1,6,4.450000000000001,5,3,0,1,1,0
1,0,1,1,1,0,0,3,12,6,2,20,1,7,6.850000000000001,3,3,0,0,2,3
0,1,0,1,1,1,1,3,17,13,1,31,2,13,10.55,1,4,1,1,3,4
1,1,1,0,1,0,1,3,11,11,3,25,1,11,7.9,5,2,0,0,3,3
1,0,0,0,1,1,0,3,15,12,1,28,2,13,9.5,3,3,1,2,1,1
1,0,0,1,0,0,1,3,10,10,1,21,1,10,6.8500000000000005,3,3,1,2,2,4
1,1,0,1,0,1,1,3,15,8,2,25,2,8,8.700000000000001,6,3,2,1,2,1
0,0,1,0,0,0,1,3,13,9,1,23,1,9,7.800000000000001,0,3,3,2,3,1
1,1,1,0,1,0,0,3,11,12,3,26,1,13,8.15,3,1,2,1,1,1
0,1,0,1,0,1,1,3,18,9,1,28,2,9,9.95,3,3,3,4,3,4
0,0,0,1,1,0,1,3,12,7,0,19,1,7,6.700000000000001,3,1,0,1,0,0
0,1,0,0,1,0,1,3,21,11,1,33,1,11,11.5,4,2,2,4,1,3
1,0,1,0,1,0,1,3,5,6,2,13,1,6,4.05,3,3,0,0,3,0
0,1,1,1,0,1,0,3,5,6,2,13,2,7,4.2,4,2,1,1,1,3
1,0,0,0,0,1,0,3,15,8,1,24,2,9,8.5,1,2,1,4,3,3
1,1,0,0,0,1,0,3,17,10,2,29,2,11,10.000000000000002,5,0,3,4,2,0
0,1,1,0,0,0,0,3,15,14,2,31,1,15,10.05,5,3,1,4,1,1
0,0,1,0,0,1,0,3,10,9,1,20,2,10,6.75,3,2,1,4,1,3
0,0,0,0,0,1,1,3,9,7,0,16,2,7,5.6499999999999995,3,3,1,4,3,1
1,0,1,0,0,0,0,3,8,12,2,22,1,13,6.750000000000001,6,3,3,1,3,0
1,1,1,1,0,1,1,3,14,10,3,27,2,10,9.000000000000002,2,2,1,1,3,2
1,1,0,0,0,1,1,3,23,6,2,31,2,6,11.400000000000002,0,2,3,1,1,4
0,1,0,0,1,0,1,3,14,7,1,22,1,7,7.700000000000001,5,2,2,0,3,1
1,1,0,0,0,1,1,3,8,6,2,16,2,6,5.4,0,3,0,4,2,4
1,0,0,0,1,1,1,3,12,11,1,24,2,11,8.05,5,3,1,1,3,1
1,0,0,0,1,1,1,3,20,11,1,32,2,11,11.25,6,1,2,4,3,0
1,0,0,1,1,1,0,3,11,11,1,23,2,12,7.65,5,3,1,4,0,0
0,0,0,1,0,1,0,3,16,14,0,30,2,15,10.200000000000001,3,3,0,4,0,0
1,1,0,0,1,0,0,3,21,6,2,29,1,7,10.450000000000001,0,1,2,4,0,0
0,1,0,1,0,1,1,3,13,9,1,23,2,9,7.95,3,2,1,4,3,3
1,1,0,0,1,0,1,3,17,14,2,33,1,14,10.850000000000001,3,3,3,4,3,4
0,0,1,1,1,0,0,3,18,10,1,29,1,11,10.049999999999999,0,3,3,0,2,0
1,0,1,1,0,1,1,3,7,13,2,22,2,13,6.750000000000001,1,2,1,4,3,2
0,1,1,0,0,0,0,3,21,14,2,37,1,15,12.450000000000001,1,2,1,1,1,0
1,0,0,1,0,0,0,3,15,7,1,23,1,8,8.1,3,3,1,1,0,3
0,1,1,1,0,0,1,3,11,12,2,25,1,12,7.950000000000001,6,2,2,4,2,1
1,1,0,1,1,0,1,3,18,7,2,27,1,7,9.5,1,0,0,4,3,3
0,0,0,1,0,0,1,3,17,11,0,28,1,11,9.700000000000001,1,3,3,1,3,4
0,1,1,0,0,0,1,3,11,6,2,19,1,6,6.450000000000001,1,3,0,4,3,3
0,1,1,0,0,0,1,3,16,10,2,28,1,10,9.450000000000001,1,1,1,4,1,1
1,1,1,1,0,0,1,3,16,4,3,23,1,4,8.15,2,2,0,2,3,0
1,0,0,1,0,1,0,3,15,10,1,26,2,11,9.0,3,0,0,2,0,1
1,0,0,0,0,0,0,3,22,10,1,33,1,11,11.65,3,3,1,1,3,1
1,0,0,0,0,1,0,3,11,14,1,26,2,15,8.4,2,4,1,4,0,0
1,1,0,1,0,0,0,3,9,11,2,22,1,12,6.9,0,1,3,4,2,3
1,0,1,0,0,1,1,3,13,8,2,23,2,8,7.9,1,0,2,0,3,3
1,1,1,0,1,1,1,3,18,6,3,27,2,6,9.6,5,3,1,0,3,0
0,1,1,1,1,1,0,3,14,9,2,25,2,10,8.55,3,0,0,2,1,0
1,0,0,0,0,1,0,3,16,13,1,30,2,14,10.15,1,2,3,1,3,0
0,1,0,1,1,1,0,3,12,13,1,26,2,14,8.55,2,3,3,0,3,3
1,0,0,0,0,1,1,3,15,9,1,25,2,9,8.75,3,3,2,0,0,2
1,0,1,0,0,0,0,3,11,10,2,23,1,11,7.450000000000001,2,2,1,0,1,1
1,0,0,0,1,0,0,3,7,10,1,18,1,11,5.650000000000001,3,3,2,4,3,0
1,0,1,1,1,0,1,3,19,6,2,27,1,6,9.650000000000002,5,3,0,1,1,4
0,0,0,1,0,1,0,3,15,10,0,25,2,11,8.8,0,3,2,3,3,4
0,1,1,0,1,0,0,3,15,10,2,27,1,11,9.05,3,2,0,2,0,0
1,1,1,1,0,0,0,3,5,9,3,17,1,10,5.0,2,0,0,4,3,0
1,1,0,0,1,1,0,3,13,10,2,25,2,11,8.4,6,2,3,4,0,0
1,1,1,0,1,1,1,3,9,12,3,24,2,12,7.499999999999999,2,4,1,4,3,1
0,1,0,1,0,0,0,3,11,13,1,25,1,14,8.0,3,3,3,4,2,2
1,1,1,1,1,1,1,3,16,5,3,24,2,5,8.55,5,3,2,0,3,1
0,0,0,1,1,1,0,3,15,11,0,26,2,12,9.05,5,0,3,1,1,1
0,0,0,0,1,0,0,3,11,8,0,19,1,9,6.550000000000001,3,3,0,1,3,0
1,1,0,0,0,1,0,3,17,10,2,29,2,11,10.000000000000002,6,0,2,0,3,4
1,1,0,1,1,1,0,3,15,11,2,28,2,12,9.450000000000001,6,2,0,4,3,0
0,1,0,1,1,1,0,3,10,8,1,19,2,9,6.5,0,0,2,1,1,0
0,0,1,0,1,0,1,3,15,9,1,25,1,9,8.6,1,3,0,4,3,3
0,1,0,0,1,1,1,3,19,11,1,31,2,11,10.850000000000001,0,3,0,0,2,0
1,0,0,1,1,0,1,3,9,13,1,23,1,13,7.2,5,0,2,3,2,3
0,0,1,1,1,0,1,3,16,9,1,26,1,9,9.0,3,0,3,4,2,3
0,1,1,0,0,0,0,3,13,6,2,21,1,7,7.250000000000001,2,3,2,0,3,1
1,1,1,1,0,0,0,3,14,5,3,22,1,6,7.600000000000001,1,3,3,1,1,4
0,1,0,1,1,1,0,3,10,6,1,17,2,7,6.0,3,3,3,4,3,3
1,0,0,0,1,0,0,3,11,10,1,22,1,11,7.250000000000001,5,1,2,1,0,3
1,0,0,1,1,1,0,3,12,12,1,25,2,13,8.3,2,2,3,2,3,0
1,0,1,0,1,0,1,3,11,5,2,18,1,5,6.200000000000001,1,3,1,0,3,1
1,0,1,1,1,1,0,3,23,11,2,36,2,12,12.650000000000002,6,3,0,4,3,2
0,0,1,0,0,0,0,3,15,9,1,25,1,10,8.6,1,3,1,4,1,2
1,1,1,1,1,1,0,3,9,4,3,16,2,5,5.499999999999999,6,3,3,4,3,0
0,1,0,0,1,1,1,3,15,8,1,24,2,8,8.5,0,4,1,3,3,1
0,1,0,0,1,0,1,3,13,12,1,26,1,12,8.549999999999999,5,3,1,4,3,3
0,0,1,1,1,1,1,3,12,12,1,25,2,12,8.3,3,3,0,1,3,1
1,1,1,0,0,1,0,3,19,5,3,27,2,6,9.750000000000002,6,3,0,1,1,0
0,0,1,0,1,1,1,3,22,6,1,29,2,6,10.8,5,3,1,3,1,2
1,1,1,1,0,1,0,3,9,11,3,23,2,12,7.249999999999999,3,2,1,4,1,1
1,1,0,0,0,0,0,3,18,9,2,29,1,10,10.0,2,3,0,4,1,3
1,0,0,0,1,0,0,3,12,12,1,25,1,13,8.15,0,2,1,4,3,0
1,1,1,0,0,1,0,3,22,10,3,35,2,11,12.200000000000001,1,0,0,4,3,3
1,0,1,1,1,0,1,3,13,9,2,24,1,9,8.0,3,2,2,4,3,0
0,1,1,0,1,0,1,3,18,6,2,26,1,6,9.25,3,3,1,4,2,4
0,0,1,0,1,1,1,3,11,14,1,26,2,14,8.4,3,3,3,4,3,2
0,1,1,0,1,0,0,3,20,4,2,26,1,5,9.55,2,0,3,4,2,4
0,0,0,1,1,0,0,3,5,9,0,14,1,10,4.4,3,3,3,4,3,4
0,1,1,0,1,0,1,3,8,13,2,23,1,13,7.000000000000001,2,1,1,1,0,2
1,1,1,1,0,1,1,3,14,7,3,24,2,7,8.250000000000002,3,1,2,0,2,3
0,1,0,0,1,1,1,3,8,11,1,20,2,11,6.45,1,0,2,4,0,1
1,1,0,0,1,1,1,3,14,12,2,28,2,12,9.300000000000002,0,2,3,0,0,0
0,0,1,0,0,1,0,3,18,14,1,33,2,15,11.2,5,3,2,1,2,4
0,0,0,1,0,0,1,3,13,6,0,19,1,6,6.8500000000000005,0,3,1,4,3,1
0,1,0,0,1,1,1,3,12,7,1,20,2,7,7.050000000000001,0,0,0,0,3,4
0,0,1,1,1,0,1,3,13,8,1,22,1,8,7.550000000000001,5,1,3,0,2,1
0,0,0,1,1,0,1,3,11,7,0,18,1,7,6.300000000000001,5,3,2,1,1,4
0,0,0,0,0,0,0,3,10,5,0,15,1,6,5.4,5,3,2,3,3,1
1,0,1,0,1,0,0,3,17,9,2,28,1,10,9.600000000000001,0,3,1,4,1,0
0,1,1,1,1,0,0,3,13,7,2,22,1,8,7.500000000000001,3,2,0,0,3,0
1,0,1,1,1,0,1,3,10,3,2,15,1,3,5.300000000000001,0,0,0,0,1,2
0,0,0,0,0,0,1,3,8,12,0,20,1,12,6.3500000000000005,3,3,2,1,1,0
0,1,1,0,0,0,1,3,12,6,2,20,1,6,6.850000000000001,3,2,2,4,3,1
0,1,1,0,1,0,1,3,10,6,2,18,1,6,6.050000000000001,1,2,0,1,3,0
1,0,1,0,1,0,1,3,13,13,2,28,1,13,9.0,1,3,2,0,3,3
0,0,0,1,1,0,0,3,18,6,0,24,1,7,8.85,6,2,3,0,3,2
0,0,0,1,0,1,1,3,18,6,0,24,2,6,9.0,6,3,3,1,3,4
0,1,1,1,1,0,1,3,13,13,2,28,1,13,9.0,1,3,0,3,3,0
1,0,0,0,0,1,0,3,10,10,1,21,2,11,7.0,2,1,0,1,0,1
1,1,0,0,0,1,0,3,19,9,2,30,2,10,10.550000000000002,5,2,3,3,2,1
1,1,1,0,0,1,1,3,17,5,3,25,2,5,8.950000000000001,3,3,2,0,2,4
1,0,1,0,1,1,1,3,8,13,2,23,2,13,7.15,4,3,3,0,3,3
0,1,0,1,0,1,1,3,7,13,1,21,2,13,6.550000000000001,1,3,2,1,2,3
0,0,0,1,1,0,1,3,5,5,0,10,1,5,3.4,1,2,0,3,2,4
1,0,0,1,1,1,1,3,14,8,1,23,2,8,8.100000000000001,5,2,0,1,3,3
1,1,0,1,0,0,0,3,12,4,2,18,1,5,6.350000000000001,0,3,2,4,0,1
1,0,0,0,0,1,0,3,14,13,1,28,2,14,9.350000000000001,0,3,0,4,3,0
1,0,1,0,1,0,0,3,5,7,2,14,1,8,4.300000000000001,1,0,0,0,2,1
1,0,0,1,1,1,1,3,17,9,1,27,2,9,9.55,2,4,2,0,3,2
1,0,0,0,1,0,0,3,13,9,1,23,1,10,7.800000000000001,5,0,3,0,1,3
0,1,0,0,0,1,1,3,5,8,1,14,2,8,4.5,5,0,0,0,3,2
1,1,1,1,1,0,0,3,12,13,3,28,1,14,8.8,1,3,0,4,1,4
0,0,1,1,1,1,1,3,14,6,1,21,2,6,7.6000000000000005,3,3,3,4,1,4
1,1,0,1,1,1,1,3,11,8,2,21,2,8,7.1000000000000005,0,4,0,2,3,3
0,1,0,0,1,1,0,3,14,8,1,23,2,9,8.100000000000001,1,3,0,1,2,0
1,1,0,0,1,0,1,3,12,11,2,25,1,11,8.100000000000001,0,0,2,1,2,3
0,1,0,1,1,1,1,3,16,10,1,27,2,10,9.4,3,3,2,1,2,0
0,1,1,1,1,0,1,3,13,4,2,19,1,4,6.750000000000001,5,0,0,2,3,4
1,1,1,1,1,1,0,3,15,11,3,29,2,12,9.65,1,3,3,1,3,0
1,1,0,0,0,0,0,3,13,8,2,23,1,9,7.750000000000001,1,4,2,1,0,3
1,1,0,0,0,1,0,3,10,7,2,19,2,8,6.45,0,2,1,4,3,3
1,1,0,1,0,1,0,3,13,10,2,25,2,11,8.4,5,1,2,1,3,0
0,1,1,1,1,0,1,3,8,14,2,24,1,14,7.250000000000001,6,3,2,1,2,4
0,0,0,1,1,0,0,3,11,12,0,23,1,13,7.550000000000001,6,3,1,1,3,1
1,1,0,0,1,0,1,3,14,10,2,26,1,10,8.650000000000002,5,4,1,1,1,0
0,1,0,1,1,0,0,3,17,12,1,30,1,13,10.15,6,2,0,1,1,1
1,1,0,0,0,1,1,3,8,13,2,23,2,13,7.15,6,2,0,1,2,0
1,1,0,0,0,0,1,3,8,10,2,20,1,10,6.250000000000001,5,0,1,4,0,0
1,1,0,1,0,1,0,3,16,6,2,24,2,7,8.600000000000001,5,1,3,0,2,3
1,1,1,0,0,1,0,3,11,13,3,27,2,14,8.55,0,2,0,1,3,0
1,0,1,1,1,0,1,3,14,10,2,26,1,10,8.650000000000002,3,0,2,4,2,0
1,1,1,0,1,1,0,3,20,7,3,30,2,8,10.65,2,1,3,1,0,2
1,0,0,0,1,0,1,3,17,9,1,27,1,9,9.4,2,1,0,1,1,2
0,1,1,1,1,1,0,3,22,4,2,28,2,5,10.500000000000002,5,4,0,4,3,3
0,0,0,1,1,0,0,3,12,9,0,21,1,10,7.200000000000001,6,0,3,4,3,4
0,0,1,1,1,1,0,3,19,7,1,27,2,8,9.850000000000001,2,2,3,1,2,0
0,0,1,1,0,0,0,3,11,10,1,22,1,11,7.250000000000001,3,2,3,4,0,2
0,0,1,0,1,0,0,3,9,10,1,20,1,11,6.45,2,1,0,1,2,3
0,1,1,1,1,0,1,3,15,12,2,29,1,12,9.55,3,3,2,3,1,3
1,0,1,1,0,0,0,3,8,9,2,19,1,10,6.000000000000001,3,2,2,0,2,0
0,1,1,0,1,0,1,2,8,9,2,19,1,9,6.000000000000001,5,0,0,1,3,2
0,1,1,1,0,1,0,2,13,7,2,22,2,8,7.65,6,3,1,4,3,1
1,1,0,1,0,0,0,2,13,11,2,26,1,12,8.5,2,3,0,1,3,1
0,0,0,1,0,1,1,2,8,5,0,13,2,5,4.75,5,1,3,1,0,0
0,1,0,1,0,1,0,2,18,7,1,26,2,8,9.45,5,3,2,0,3,3
1,1,0,0,1,1,0,2,15,9,2,26,2,10,8.950000000000001,3,3,3,4,1,2
1,0,0,1,0,1,1,2,14,14,1,29,2,14,9.600000000000001,5,3,0,3,3,1
0,0,1,1,1,0,0,2,4,8,1,13,1,9,3.95,5,3,2,4,0,1
0,1,1,0,0,0,1,2,8,13,2,23,1,13,7.000000000000001,1,0,3,1,3,3
1,1,0,1,0,0,0,2,15,13,2,30,1,14,9.8,2,0,0,4,3,0
1,1,1,1,0,0,0,2,14,11,3,28,1,12,9.100000000000001,0,2,0,1,3,3
1,1,1,1,0,0,1,2,16,14,3,33,1,14,10.65,4,0,3,1,3,0
1,1,0,1,1,0,1,2,13,9,2,24,1,9,8.0,6,4,3,2,0,0
1,0,0,1,0,0,1,2,11,15,1,27,1,15,8.5,0,1,0,1,3,0
0,0,1,1,0,0,1,2,5,10,1,16,1,10,4.8500000000000005,3,3,1,4,1,0
1,1,1,1,1,1,1,2,10,8,3,21,2,8,6.8999999999999995,6,1,0,4,3,3
1,0,0,0,1,1,1,2,16,8,1,25,2,8,8.9,3,3,2,4,3,1
0,0,1,0,1,0,1,2,15,11,1,27,1,11,9.1,1,0,3,3,3,0
1,0,0,1,1,0,0,2,11,8,1,20,1,9,6.750000000000001,1,3,2,3,0,3
1,0,1,1,0,1,0,2,13,13,2,28,2,14,9.15,1,3,3,4,1,3
0,1,0,0,0,1,0,2,16,8,1,25,2,9,8.9,1,3,2,3,1,4
1,0,0,0,1,0,1,2,9,11,1,21,1,11,6.7,2,2,2,2,3,4
0,1,1,1,0,1,1,2,14,11,2,27,2,11,9.050000000000002,1,2,2,1,3,0
0,1,1,1,1,1,1,2,10,10,2,22,2,10,7.2,2,3,3,0,2,1
1,1,0,0,1,1,0,2,12,11,2,25,2,12,8.250000000000002,3,3,3,4,0,0
1,0,0,0,0,0,0,2,6,9,1,16,1,10,5.000000000000001,3,3,3,1,3,0
1,1,0,1,0,0,0,2,17,15,2,34,1,16,11.100000000000001,4,3,1,3,3,4
1,0,0,1,1,0,1,2,17,7,1,25,1,7,8.9,0,3,1,4,0,4
1,1,1,1,1,1,0,2,15,12,3,30,2,13,9.9,5,3,2,4,3,0
0,1,0,0,1,0,0,2,19,8,1,28,1,9,9.950000000000001,2,1,3,4,0,3
1,0,1,1,1,1,0,2,6,7,2,15,2,8,4.8500000000000005,5,4,1,1,1,4
1,1,0,0,1,0,0,2,9,7,2,18,1,8,5.9,1,3,3,4,2,0
0,1,0,1,1,0,1,2,15,7,1,23,1,7,8.1,2,2,1,4,3,0
0,0,1,1,0,1,0,2,13,11,1,25,2,12,8.450000000000001,1,3,1,2,1,2
1,0,1,1,0,1,1,2,23,6,2,31,2,6,11.400000000000002,3,1,0,0,3,4
0,1,1,0,0,1,1,2,12,10,2,24,2,10,8.000000000000002,0,3,3,0,2,2
1,1,0,0,0,1,1,2,12,11,2,25,2,11,8.250000000000002,6,3,0,4,3,0
1,0,1,0,1,1,0,2,15,11,2,28,2,12,9.450000000000001,1,2,0,4,1,2
0,0,1,0,1,0,0,2,20,6,1,27,1,7,9.85,0,3,2,0,3,0
0,1,0,1,1,0,1,2,8,7,1,16,1,7,5.300000000000001,0,2,3,1,2,4
1,0,0,1,0,1,1,2,11,12,1,24,2,12,7.9,0,3,0,0,0,4
1,0,0,1,1,0,1,2,9,11,1,21,1,11,6.7,6,0,1,1,0,1
1,1,0,0,1,1,0,2,16,6,2,24,2,7,8.600000000000001,6,2,3,1,3,3
0,0,1,0,0,0,1,2,18,11,1,30,1,11,10.299999999999999,6,3,3,2,2,4
0,0,1,1,1,1,0,2,12,8,1,21,2,9,7.300000000000001,6,3,0,3,3,0
1,0,1,0,0,0,1,2,6,9,2,17,1,9,5.200000000000001,1,3,2,1,3,3
0,0,0,0,1,0,0,2,18,13,0,31,1,14,10.6,1,2,2,0,3,3
1,1,0,1,0,1,1,2,9,7,2,18,2,7,6.05,0,1,3,1,0,0
0,1,0,0,1,1,1,2,9,9,1,19,2,9,6.35,1,3,2,1,3,0
0,1,1,0,0,0,1,2,17,7,2,26,1,7,9.100000000000001,6,3,1,2,3,4
1,1,1,1,0,0,1,2,15,7,3,25,1,7,8.5,5,3,3,2,0,4
0,0,1,0,0,1,0,2,10,11,1,22,2,12,7.25,1,3,1,0,3,4
0,1,0,1,1,1,1,2,16,13,1,30,2,13,10.15,5,3,0,3,1,1
0,0,1,0,0,0,0,2,14,12,1,27,1,13,8.950000000000001,3,2,0,0,3,3
1,0,0,1,0,0,0,2,15,11,1,27,1,12,9.1,3,1,1,4,3,1
0,0,1,1,0,1,1,2,17,4,1,22,2,4,8.3,1,3,1,4,3,4
1,1,1,1,0,0,0,2,12,10,3,25,1,11,8.05,5,3,2,1,1,1
1,1,1,1,0,1,1,2,8,13,3,24,2,13,7.3500000000000005,6,1,0,4,3,0
1,0,1,0,0,0,0,2,8,9,2,19,1,10,6.000000000000001,3,3,2,4,2,4
0,1,1,0,0,0,1,2,4,7,2,13,1,7,3.9,0,4,2,1,3,0
1,1,1,0,0,0,1,2,13,13,3,29,1,13,9.2,4,1,3,1,3,3
0,0,1,1,1,0,1,2,5,7,1,13,1,7,4.1000000000000005,2,3,0,4,3,4
0,0,0,1,0,0,0,2,17,11,0,28,1,12,9.700000000000001,5,1,3,4,3,1
1,0,1,0,0,1,0,2,17,9,2,28,2,10,9.750000000000002,6,3,2,1,3,3
1,1,0,0,1,1,1,2,7,7,2,16,2,7,5.250000000000001,0,2,2,4,3,0
0,0,1,1,1,1,0,2,11,8,1,20,2,9,6.9,6,3,0,2,3,4
1,1,1,1,1,0,1,2,13,10,3,26,1,10,8.450000000000001,3,0,0,2,1,0
1,1,0,1,1,0,0,2,4,11,2,17,1,12,4.9,0,1,2,2,1,0
1,1,1,0,0,1,1,2,18,12,3,33,2,12,11.1,0,3,2,4,2,1
1,1,0,0,1,0,0,2,12,14,2,28,1,15,8.850000000000001,4,0,0,2,3,2
0,1,1,0,0,1,1,2,18,11,2,31,2,11,10.65,6,2,2,1,2,1
1,1,1,0,1,1,0,2,12,10,3,25,2,11,8.200000000000001,1,3,2,4,3,2
1,0,1,0,1,0,1,2,13,5,2,20,1,5,7.000000000000001,1,3,2,1,3,1
1,0,1,1,1,1,0,2,15,10,2,27,2,11,9.200000000000001,0,2,1,1,3,1
1,0,0,1,1,1,1,2,9,14,1,24,2,14,7.6,5,4,0,1,2,0
1,0,1,1,1,0,0,2,13,9,2,24,1,10,8.0,0,3,1,0,3,1
0,1,1,0,1,0,0,2,20,6,2,28,1,7,10.05,6,3,3,4,3,0
0,0,1,0,1,0,1,2,11,10,1,22,1,10,7.250000000000001,1,2,0,1,0,4
1,0,0,0,0,0,1,2,13,10,1,24,1,10,8.05,0,2,1,0,2,2
1,1,1,0,0,1,0,2,17,9,3,29,2,10,9.950000000000001,3,2,0,3,2,4
0,0,0,1,0,1,1,2,13,11,0,24,2,11,8.25,6,1,0,1,0,4
0,1,1,0,1,1,1,2,14,3,2,19,2,3,7.050000000000001,3,3,3,0,0,1
1,0,0,0,0,0,0,2,15,11,1,27,1,12,9.1,5,1,2,0,3,3
1,0,0,1,0,0,0,2,9,10,1,20,1,11,6.45,3,4,2,2,3,1
0,0,0,1,0,0,1,2,12,6,0,18,1,6,6.450000000000001,2,2,2,1,3,1
0,0,0,1,1,1,0,2,17,9,0,26,2,10,9.350000000000001,6,3,0,4,3,1
0,0,0,1,0,0,1,2,12,9,0,21,1,9,7.200000000000001,0,4,1,1,2,4
0,1,1,0,0,1,0,2,19,12,2,33,2,13,11.300000000000002,2,4,1,4,3,0
0,1,1,0,0,0,1,2,15,6,2,23,1,6,8.05,4,1,0,4,3,1
0,1,1,0,0,1,0,2,15,11,2,28,2,12,9.450000000000001,4,3,1,1,0,0
1,0,1,1,0,0,1,2,11,11,2,24,1,11,7.700000000000001,0,2,0,2,2,0
1,1,1,1,1,0,1,2,18,14,3,35,1,14,11.45,5,4,2,0,0,3
0,1,0,1,0,1,0,2,15,10,1,26,2,11,9.0,6,2,0,2,0,3
0,1,1,0,0,1,0,2,19,7,2,28,2,8,10.050000000000002,2,2,0,4,1,3
0,0,0,1,1,0,0,2,5,12,0,17,1,13,5.15,6,2,0,1,1,3
0,0,1,0,1,1,1,2,13,6,1,20,2,6,7.2,4,0,1,4,3,0
1,1,0,1,0,0,1,2,13,6,2,21,1,6,7.250000000000001,2,3,0,1,0,3
1,0,0,0,0,1,0,2,17,6,1,24,2,7,8.8,1,1,0,1,2,2
1,1,0,0,0,1,0,2,12,13,2,27,2,14,8.750000000000002,1,3,2,2,2,1
1,0,0,1,0,0,1,2,14,11,1,26,1,11,8.700000000000001,3,4,0,4,2,1
1,1,1,1,0,0,1,2,6,8,3,17,1,8,5.15,1,3,3,3,3,0
1,1,1,1,1,0,0,2,11,7,3,21,1,8,6.9,0,4,3,0,1,4
0,0,0,1,0,0,0,2,14,7,0,21,1,8,7.500000000000001,5,4,0,1,1,3
1,0,1,0,0,0,1,2,14,8,2,24,1,8,8.15,2,0,1,4,1,0
1,1,1,1,1,0,1,2,13,7,3,23,1,7,7.700000000000001,1,3,3,4,0,4
0,0,0,1,1,1,1,2,13,10,0,23,2,10,8.0,3,2,0,0,3,1
1,1,1,1,0,0,0,2,9,10,3,22,1,11,6.85,1,3,2,2,3,0
1,0,0,1,1,1,0,2,19,12,1,32,2,13,11.100000000000001,0,2,0,3,0,3
0,0,0,0,1,1,1,2,10,7,0,17,2,7,6.05,1,2,3,1,3,1
1,1,0,0,1,1,0,2,21,6,2,29,2,7,10.600000000000001,0,4,3,4,0,3
1,0,0,0,0,1,0,2,17,10,1,28,2,11,9.8,2,4,1,0,1,0
0,0,0,0,0,1,0,2,13,6,0,19,2,7,7.0,2,4,2,4,0,1
0,1,0,1,0,0,1,2,13,10,1,24,1,10,8.05,2,2,1,4,3,1
0,1,1,0,1,1,0,2,4,12,2,18,2,13,5.3,5,3,3,4,3,1
1,1,0,0,1,0,1,2,8,8,2,18,1,8,5.750000000000001,1,3,3,4,0,4
0,0,1,0,0,1,1,2,10,7,1,18,2,7,6.25,5,1,1,1,3,4
1,1,0,1,0,0,0,2,19,8,2,29,1,9,10.150000000000002,1,1,0,4,2,1
0,1,0,1,1,1,1,2,16,6,1,23,2,6,8.4,3,3,2,4,3,4
0,0,1,0,0,0,0,2,9,13,1,23,1,14,7.2,6,3,2,0,3,4
1,1,0,1,1,0,0,2,9,7,2,18,1,8,5.9,5,2,3,0,1,4
1,0,1,1,1,0,1,2,24,8,2,34,1,8,12.150000000000002,0,2,2,3,3,2
0,1,0,1,0,0,1,2,22,7,1,30,1,7,10.9,2,3,0,1,1,4
1,1,1,1,0,0,0,2,12,7,3,22,1,8,7.300000000000001,3,0,2,2,0,0
1,0,0,1,1,0,0,2,8,10,1,19,1,11,6.050000000000001,1,3,2,4,3,3
0,1,0,1,1,0,1,2,19,8,1,28,1,8,9.950000000000001,5,1,0,4,0,0
0,1,1,0,0,0,0,2,10,11,2,23,1,12,7.300000000000001,5,0,3,2,2,3
0,0,0,0,1,0,0,2,8,7,0,15,1,8,5.1000000000000005,0,3,1,4,3,0
1,0,0,0,1,0,1,2,14,14,1,29,1,14,9.450000000000001,3,3,1,4,3,1
1,0,1,0,0,0,1,2,8,6,2,16,1,6,5.250000000000001,6,2,0,1,0,2
0,1,0,1,0,1,1,2,14,11,1,26,2,11,8.850000000000001,6,2,3,4,3,0
1,0,1,1,1,1,1,2,9,10,2,21,2,10,6.8,5,2,2,0,3,4
0,0,1,1,0,1,0,2,19,7,1,27,2,8,9.850000000000001,1,2,1,4,0,3
1,0,1,0,0,0,1,2,7,12,2,21,1,12,6.350000000000001,0,3,3,4,1,0
1,0,0,1,0,1,1,2,17,14,1,32,2,14,10.8,0,3,1,0,3,1
0,1,1,0,1,1,0,2,8,11,2,21,2,12,6.65,0,4,3,4,0,4
0,0,1,1,0,1,1,2,12,6,1,19,2,6,6.800000000000001,5,3,2,1,3,4
0,1,1,0,0,0,1,2,10,11,2,23,1,11,7.300000000000001,6,2,2,1,3,4
0,1,0,1,0,0,1,2,17,6,1,24,1,6,8.65,1,1,3,0,1,1
0,1,1,0,0,1,1,2,10,10,2,22,2,10,7.2,2,3,0,4,3,4
0,1,0,0,0,0,0,2,14,4,1,19,1,5,6.950000000000001,6,3,0,4,3,2
0,0,1,0,0,0,1,2,12,7,1,20,1,7,6.900000000000001,6,0,1,2,3,0
0,1,0,0,0,0,1,2,11,12,1,24,1,12,7.750000000000001,6,3,0,0,3,4
0,1,1,0,0,0,0,2,15,9,2,26,1,10,8.8,3,3,0,0,2,0
1,1,0,1,1,1,0,2,7,14,2,23,2,15,7.000000000000001,6,1,2,1,2,4
0,0,0,1,1,1,0,2,10,8,0,18,2,9,6.3,1,3,0,2,3,4
1,1,1,1,1,0,1,2,5,8,3,16,1,8,4.75,5,1,3,0,2,4
1,0,0,1,0,0,0,2,19,11,1,31,1,12,10.700000000000001,0,3,0,4,2,2
0,0,0,0,1,0,0,2,14,6,0,20,1,7,7.250000000000001,6,3,0,1,0,3
0,1,0,1,0,0,1,2,8,12,1,21,1,12,6.550000000000001,3,3,1,0,3,2
1,1,1,1,1,1,1,2,16,9,3,28,2,9,9.55,2,3,2,4,3,0
0,0,0,0,0,0,1,2,12,7,0,19,1,7,6.700000000000001,0,3,3,1,3,1
0,1,1,0,0,1,0,2,19,8,2,29,2,9,10.300000000000002,6,2,2,2,2,3
0,1,1,1,1,0,1,2,10,10,2,22,1,10,7.050000000000001,1,3,0,4,0,0
0,0,0,1,0,1,1,2,18,5,0,23,2,5,8.75,4,2,1,1,2,0
1,1,0,1,0,1,0,2,13,4,2,19,2,5,6.9,0,3,0,4,2,1
0,0,1,0,1,1,1,2,23,10,1,34,2,10,12.200000000000001,5,3,2,2,3,0
1,0,1,0,1,0,0,2,13,6,2,21,1,7,7.250000000000001,0,4,2,1,3,1
0,0,0,1,1,1,1,2,16,12,0,28,2,12,9.700000000000001,5,0,1,1,0,0
1,0,1,1,1,1,0,2,21,6,2,29,2,7,10.600000000000001,0,4,3,2,2,0
1,1,1,1,0,1,1,2,10,12,3,25,2,12,7.8999999999999995,3,2,1,4,3,4
1,1,1,1,0,0,1,2,11,12,3,26,1,12,8.15,2,3,3,4,3,1
0,0,1,0,0,0,1,2,10,12,1,23,1,12,7.3500000000000005,0,3,1,0,1,0
0,1,0,0,0,1,1,2,19,4,1,24,2,4,9.100000000000001,5,0,2,4,3,0
1,1,0,1,1,1,1,2,9,10,2,21,2,10,6.8,1,4,0,1,3,3
0,0,0,0,1,1,1,2,8,5,0,13,2,5,4.75,0,0,3,1,2,4
0,0,0,0,0,0,1,2,18,14,0,32,1,14,10.85,0,1,1,0,3,4
1,1,1,1,1,0,1,2,12,13,3,28,1,13,8.8,1,2,3,2,3,3
0,0,1,1,0,0,1,2,8,9,1,18,1,9,5.800000000000001,2,2,2,4,3,2
1,1,0,0,1,0,1,2,17,9,2,28,1,9,9.600000000000001,5,2,0,3,3,3
1,0,1,1,1,1,1,2,15,9,2,26,2,9,8.950000000000001,2,2,2,4,2,2
0,1,0,1,0,0,0,2,12,7,1,20,1,8,6.900000000000001,1,2,2,4,2,2
1,0,1,0,1,1,0,2,12,9,2,23,2,10,7.750000000000001,2,3,2,1,3,0
0,0,1,0,0,0,0,2,18,7,1,26,1,8,9.299999999999999,6,3,1,4,3,0
1,1,1,1,0,1,1,2,11,11,3,25,2,11,8.05,2,4,2,0,3,2
1,0,0,0,1,1,1,2,12,12,1,25,2,12,8.3,3,0,3,4,3,1
0,0,1,1,0,1,1,2,7,11,1,19,2,11,6.050000000000001,0,4,3,0,0,1
1,1,1,0,1,0,1,2,14,10,3,27,1,10,8.850000000000001,2,2,3,0,2,4
1,1,1,0,0,0,1,2,3,7,3,13,1,7,3.7,2,3,2,0,1,4
0,0,1,1,1,1,1,2,14,5,1,20,2,5,7.3500000000000005,1,1,3,2,0,3
1,0,0,1,1,0,0,2,15,15,1,31,1,16,10.1,3,1,2,0,2,1
0,0,1,1,0,1,0,2,18,6,1,25,2,7,9.2,5,1,0,4,3,1
1,1,1,0,1,1,1,2,14,4,3,21,2,4,7.500000000000001,1,3,1,3,3,4
1,1,1,1,0,1,1,2,16,5,3,24,2,5,8.55,1,4,0,4,0,4
1,0,0,1,1,1,0,2,15,13,1,29,2,14,9.75,6,3,0,2,2,0
0,1,1,1,0,0,0,2,11,9,2,22,1,10,7.200000000000001,0,3,3,1,3,4
1,1,1,1,0,0,1,2,10,13,3,26,1,13,8.0,5,2,0,2,3,2
0,0,1,0,0,1,0,2,12,11,1,24,2,12,8.05,5,3,3,3,1,0
1,1,1,1,1,0,1,2,13,7,3,23,1,7,7.700000000000001,1,1,2,1,1,1
0,1,1,0,1,1,1,2,13,13,2,28,2,13,9.15,5,3,1,1,3,0
1,1,1,1,1,0,0,2,15,7,3,25,1,8,8.5,0,2,2,1,2,1
1,0,1,0,1,1,1,2,14,11,2,27,2,11,9.050000000000002,6,3,3,4,2,0
0,0,0,1,0,1,0,2,11,13,0,24,2,14,7.95,3,1,1,4,3,0
1,0,0,0,0,0,0,2,15,10,1,26,1,11,8.85,6,3,3,1,2,0
1,1,0,0,1,1,1,2,13,7,2,22,2,7,7.65,5,3,0,2,3,0
0,0,1,0,1,0,0,2,10,10,1,21,1,11,6.8500000000000005,6,2,3,4,3,2
1,1,0,1,1,0,1,2,10,8,2,20,1,8,6.550000000000001,0,2,3,1,2,2
0,1,0,1,1,1,1,2,16,9,1,26,2,9,9.15,5,3,3,2,3,1
1,1,0,1,1,0,0,2,16,4,2,22,1,5,7.950000000000001,6,4,2,2,0,3
0,0,0,1,0,0,1,2,17,8,0,25,1,8,8.950000000000001,1,1,3,0,3,3
0,0,0,0,1,0,0,2,9,12,0,21,1,13,6.75,3,3,1,1,3,3
0,0,0,1,0,1,0,2,19,6,0,25,2,7,9.400000000000002,0,2,0,4,3,0
0,1,0,0,1,1,0,2,10,11,1,22,2,12,7.25,0,4,3,4,3,2
1,1,0,0,1,1,1,2,14,8,2,24,2,8,8.3,6,4,0,0,0,4
0,0,1,1,1,0,1,2,10,9,1,20,1,9,6.6000000000000005,3,1,3,4,3,1
1,1,1,0,0,1,1,2,14,11,3,28,2,11,9.250000000000002,0,3,3,3,3,0
0,1,1,1,0,1,1,2,8,5,2,15,2,5,5.15,6,2,3,1,3,1
0,1,0,1,1,1,1,2,7,8,1,16,2,8,5.300000000000001,5,3,1,4,1,1
0,1,0,1,1,0,1,2,11,8,1,20,1,8,6.750000000000001,3,3,3,0,2,1
1,1,1,0,1,1,1,2,13,8,3,24,2,8,8.100000000000001,1,2,1,2,1,4
0,0,1,0,0,1,1,2,11,11,1,23,2,11,7.65,4,3,2,0,1,1
0,0,0,1,0,1,0,2,7,14,0,21,2,15,6.6000000000000005,3,2,3,1,3,2
0,0,1,0,0,0,0,2,8,7,1,16,1,8,5.300000000000001,6,3,1,1,2,0
1,1,1,1,0,1,1,2,16,12,3,31,2,12,10.3,6,3,0,2,3,0
0,1,0,1,1,0,1,2,9,3,1,13,1,3,4.7,3,1,0,3,2,1
0,1,1,0,1,1,0,2,10,8,2,20,2,9,6.7,1,1,3,0,0,0
0,0,1,1,0,0,1,2,12,8,1,21,1,8,7.150000000000001,3,2,0,4,2,2
1,0,0,1,0,1,0,2,15,10,1,26,2,11,9.0,5,1,2,4,3,3
0,1,1,0,0,0,0,2,12,11,2,25,1,12,8.100000000000001,3,4,1,4,2,0
1,1,1,1,0,1,1,2,14,7,3,24,2,7,8.250000000000002,1,1,3,4,1,1
0,1,1,1,1,0,1,2,18,9,2,29,1,9,10.0,0,2,2,1,0,4
0,0,1,0,0,1,1,2,10,8,1,19,2,8,6.5,0,2,0,4,3,4
0,1,1,0,1,1,1,2,14,5,2,21,2,5,7.550000000000001,3,4,3,0,2,4
0,1,0,0,1,0,1,2,13,12,1,26,1,12,8.549999999999999,5,2,2,0,3,3
0,1,0,0,0,1,1,2,5,12,1,18,2,12,5.5,0,2,3,1,1,3
0,0,1,1,1,0,0,2,17,6,1,24,1,7,8.65,1,2,1,4,2,2
0,1,1,0,0,0,1,2,11,12,2,25,1,12,7.950000000000001,2,3,0,1,1,3
0,0,1,0,0,0,0,2,18,10,1,29,1,11,10.049999999999999,0,3,0,3,1,0
0,0,0,0,1,0,1,2,13,4,0,17,1,4,6.3500000000000005,5,2,3,4,3,4
1,1,0,0,0,1,1,2,7,9,2,18,2,9,5.750000000000001,0,3,0,0,0,0
1,1,1,1,0,0,0,2,9,10,3,22,1,11,6.85,3,2,1,2,0,3
0,1,1,0,0,0,1,2,14,13,2,29,1,13,9.400000000000002,1,3,1,2,3,0
1,1,1,1,0,1,0,2,20,6,3,29,2,7,10.4,0,3,2,0,3,0
1,0,1,1,0,0,1,2,11,6,2,19,1,6,6.450000000000001,2,2,1,1,2,1
1,0,1,1,0,0,0,2,19,7,2,28,1,8,9.900000000000002,5,0,3,1,1,1
0,1,0,1,0,1,1,2,14,10,1,25,2,10,8.600000000000001,5,2,2,4,1,0
0,1,0,1,0,1,0,2,17,8,1,26,2,9,9.3,6,2,1,1,0,0
0,1,1,0,1,1,1,2,14,5,2,21,2,5,7.550000000000001,0,3,1,4,1,4
0,0,0,0,1,0,1,2,17,9,0,26,1,9,9.200000000000001,0,0,1,3,0,4
0,1,1,0,0,0,0,2,17,6,2,25,1,7,8.850000000000001,3,2,0,1,3,4
0,0,0,0,0,0,0,2,12,9,0,21,1,10,7.200000000000001,0,1,0,0,1,0
1,0,0,1,1,0,1,2,16,9,1,26,1,9,9.0,3,2,3,4,3,4
0,1,1,1,0,1,1,2,12,5,2,19,2,5,6.750000000000001,0,3,0,1,3,3
1,1,1,1,1,0,1,2,18,10,3,31,1,10,10.45,0,4,2,3,2,3
1,0,0,0,0,0,0,2,14,4,1,19,1,5,6.950000000000001,2,3,3,3,3,4
1,1,1,1,1,1,1,2,15,8,3,26,2,8,8.9,5,4,3,1,3,0
1,0,0,0,1,0,0,2,15,5,1,21,1,6,7.6000000000000005,2,3,3,4,3,1
0,1,1,0,1,1,0,2,16,5,2,23,2,6,8.350000000000001,3,0,3,4,3,4
0,1,1,0,0,1,0,2,7,11,2,20,2,12,6.250000000000001,1,3,1,0,3,4
1,1,0,1,0,1,1,2,17,12,2,31,2,12,10.500000000000002,0,2,1,4,2,4
1,0,0,1,0,0,0,2,11,5,1,17,1,6,6.000000000000001,3,0,0,0,0,4
0,1,0,1,0,1,1,2,12,9,1,22,2,9,7.550000000000001,3,2,1,4,3,3
0,0,0,0,0,1,0,2,10,13,0,23,2,14,7.55,2,0,2,0,0,4
0,1,1,0,1,0,0,2,15,6,2,23,1,7,8.05,5,3,0,4,0,2
1,1,0,0,0,1,1,2,16,9,2,27,2,9,9.350000000000001,3,3,2,2,3,4
0,1,0,0,0,0,1,2,15,12,1,28,1,12,9.35,6,3,2,1,3,0
1,1,0,1,1,0,1,2,17,7,2,26,1,7,9.100000000000001,3,3,0,2,2,3
0,1,0,0,1,0,0,2,15,11,1,27,1,12,9.1,1,3,3,3,1,4
1,0,0,1,1,1,0,2,12,11,1,24,2,12,8.05,0,0,0,4,3,2
1,0,0,1,0,1,0,2,15,6,1,22,2,7,8.0,5,0,0,2,3,4
1,1,0,1,0,1,0,2,16,10,2,28,2,11,9.600000000000001,1,3,0,0,3,3
0,1,1,1,1,1,1,2,20,12,2,34,2,12,11.700000000000001,5,3,1,4,3,1
0,1,0,1,0,0,0,2,16,11,1,28,1,12,9.5,5,3,0,3,3,0
1,0,1,1,0,0,0,2,12,11,2,25,1,12,8.100000000000001,1,3,1,0,2,1
1,0,1,1,1,0,0,2,20,10,2,32,1,11,11.05,0,1,0,0,3,0
1,0,0,1,0,0,1,2,16,12,1,29,1,12,9.75,2,1,3,0,0,1
1,1,1,0,0,0,0,2,16,7,3,26,1,8,8.9,2,3,3,1,2,1
1,0,0,0,0,0,0,2,22,12,1,35,1,13,12.15,1,2,0,1,3,4
0,1,1,1,1,0,0,2,8,12,2,22,1,13,6.750000000000001,3,1,2,2,3,4
1,0,0,1,1,1,0,2,13,14,1,28,2,15,9.2,1,1,3,0,1,1
0,0,0,1,1,0,1,2,9,6,0,15,1,6,5.25,3,2,1,0,1,4
1,0,1,1,1,1,1,2,15,9,2,26,2,9,8.950000000000001,6,2,1,1,3,4
1,0,1,0,1,1,0,2,12,11,2,25,2,12,8.250000000000002,4,0,3,0,3,0
1,0,0,1,1,1,0,2,15,5,1,21,2,6,7.75,1,3,2,4,3,0
0,0,1,1,1,0,0,2,17,12,1,30,1,13,10.15,6,1,0,1,3,4
0,0,0,1,1,0,0,2,5,8,0,13,1,9,4.15,3,3,0,1,3,1
1,0,0,1,0,0,0,2,8,6,1,15,1,7,5.050000000000001,0,3,0,2,3,1
1,0,0,0,1,1,1,2,18,12,1,31,2,12,10.7,2,2,1,1,1,1
1,1,1,0,0,0,1,2,11,12,3,26,1,12,8.15,5,3,2,4,3,2
1,0,1,1,0,1,1,2,9,6,2,17,2,6,5.8,0,3,3,0,3,4
0,1,0,0,1,0,1,2,7,13,1,21,1,13,6.400000000000001,2,2,2,0,3,0
0,0,0,0,0,1,1,2,7,6,0,13,2,6,4.6000000000000005,2,3,2,1,2,3
0,1,0,0,0,1,0,2,13,11,1,25,2,12,8.450000000000001,0,0,2,3,0,3
1,0,1,0,1,0,0,2,3,8,2,13,1,9,3.75,6,3,1,0,2,0
1,0,0,1,0,1,0,2,19,5,1,25,2,6,9.350000000000001,1,4,1,0,3,0
0,0,1,1,1,1,0,2,10,9,1,20,2,10,6.75,5,3,3,4,1,2
1,0,1,0,0,1,1,2,17,6,2,25,2,6,9.000000000000002,0,2,2,4,2,0
1,0,1,0,1,1,0,2,13,9,2,24,2,10,8.15,1,2,2,1,0,1
1,1,1,0,0,1,1,2,11,7,3,21,2,7,7.05,1,2,0,1,3,3
0,1,0,0,1,0,0,2,9,10,1,20,1,11,6.45,1,4,3,3,3,0
1,0,0,0,1,0,0,2,13,12,1,26,1,13,8.549999999999999,2,3,1,0,3,0
0,1,1,1,1,1,1,2,14,10,2,26,2,10,8.800000000000002,1,2,1,1,2,4
1,1,1,1,0,1,1,2,13,7,3,23,2,7,7.8500000000000005,5,2,2,4,1,0
0,0,0,0,0,1,1,2,10,9,0,19,2,9,6.55,5,3,3,2,3,2
1,1,0,1,1,0,1,2,17,5,2,24,1,5,8.600000000000001,1,4,1,1,3,1
0,1,1,0,0,1,1,2,16,4,2,22,2,4,8.100000000000001,6,4,3,1,2,0
1,1,0,0,1,0,1,2,20,7,2,29,1,7,10.3,5,3,1,3,3,2
1,0,1,1,1,1,1,2,14,10,2,26,2,10,8.800000000000002,6,3,0,1,3,4
1,0,1,0,1,1,1,2,21,4,2,27,2,4,10.100000000000001,5,0,2,4,1,0
0,0,0,0,0,0,0,2,6,8,0,14,1,9,4.550000000000001,5,3,3,4,3,1
0,0,1,0,1,1,0,2,18,11,1,30,2,12,10.45,6,3,2,4,3,1
1,1,1,1,1,1,1,2,8,9,3,20,2,9,6.3500000000000005,3,3,3,0,3,1
0,0,1,1,0,0,0,2,10,7,1,18,1,8,6.1000000000000005,4,2,2,4,3,0
1,0,1,0,0,0,1,2,9,9,2,20,1,9,6.4,6,3,2,4,3,3
0,0,0,1,0,0,0,2,14,7,0,21,1,8,7.500000000000001,0,3,0,3,3,0
0,1,1,1,1,0,0,2,11,4,2,17,1,5,5.950000000000001,1,1,0,2,3,3
0,0,1,0,1,0,1,2,14,5,1,20,1,5,7.200000000000001,6,3,2,4,2,3
1,1,1,0,1,0,0,2,15,14,3,32,1,15,10.25,5,2,0,4,0,3
1,0,1,1,1,0,0,2,10,8,2,20,1,9,6.550000000000001,3,3,3,0,2,1
1,0,0,0,1,1,1,2,5,13,1,19,2,13,5.75,1,4,1,1,3,3
0,1,0,0,0,1,1,2,13,5,1,19,2,5,6.95,6,1,2,2,0,3
1,1,0,0,1,1,0,2,16,8,2,26,2,9,9.100000000000001,6,2,1,4,0,1
1,1,0,0,0,0,0,2,8,14,2,24,1,15,7.250000000000001,5,1,2,4,1,1
0,0,0,0,0,0,1,2,10,5,0,15,1,5,5.4,0,3,2,2,3,4
0,0,0,0,1,0,1,2,15,7,0,22,1,7,7.9,6,4,1,4,3,1
0,0,1,0,0,0,1,2,11,10,1,22,1,10,7.250000000000001,1,3,2,3,3,0
1,0,0,1,1,1,1,2,5,9,1,15,2,9,4.75,1,1,2,2,3,0
0,1,1,1,0,1,1,2,10,9,2,21,2,9,6.95,5,0,0,4,2,0
0,0,0,1,1,0,1,2,10,9,0,19,1,9,6.4,6,2,1,3,3,3
1,1,0,1,0,0,1,2,11,5,2,18,1,5,6.200000000000001,5,2,0,4,3,1
0,1,1,1,1,1,1,2,9,10,2,21,2,10,6.8,5,2,3,4,3,0
1,1,0,0,1,0,1,2,21,8,2,31,1,8,10.950000000000001,0,3,3,1,1,1
1,1,1,1,0,1,1,2,12,8,3,23,2,8,7.7,1,4,0,4,0,1
1,0,0,1,0,0,1,2,19,5,1,25,1,5,9.200000000000001,1,2,0,1,3,0
1,1,1,0,0,1,1,2,8,13,3,24,2,13,7.3500000000000005,2,3,0,4,1,4
1,1,1,1,1,1,0,2,13,12,3,28,2,13,9.1,1,3,3,0,3,3
0,0,0,0,0,0,0,2,19,12,0,31,1,13,10.750000000000002,0,3,0,1,2,3
0,1,1,1,0,1,0,2,20,10,2,32,2,11,11.200000000000001,0,2,2,1,3,0
0,1,1,0,1,0,0,2,11,3,2,16,1,4,5.700000000000001,1,0,2,3,3,3
1,0,0,1,0,0,0,2,11,10,1,22,1,11,7.250000000000001,5,0,0,0,2,4
1,0,1,0,1,0,1,2,9,6,2,17,1,6,5.65,2,3,1,0,0,4
1,0,0,1,0,1,0,2,12,10,1,23,2,11,7.800000000000001,1,1,2,1,1,3
1,1,1,0,1,0,0,2,17,12,3,32,1,13,10.55,6,1,2,1,1,3
1,1,0,0,0,1,0,2,7,14,2,23,2,15,7.000000000000001,1,1,0,4,1,0
0,0,1,0,1,0,0,2,20,12,1,33,1,13,11.35,5,3,3,0,3,0
0,1,1,0,1,1,1,2,18,9,2,29,2,9,10.15,0,3,2,2,2,2
1,0,1,0,0,0,1,2,11,7,2,20,1,7,6.700000000000001,5,2,2,4,2,0
1,1,0,0,1,0,0,2,12,10,2,24,1,11,7.850000000000001,2,2,3,4,0,1
1,1,1,0,0,1,1,2,22,6,3,31,2,6,11.200000000000001,5,3,1,2,3,3
1,1,1,0,0,1,1,2,8,9,3,20,2,9,6.3500000000000005,0,3,0,4,1,1
0,1,0,0,0,0,1,2,19,7,1,27,1,7,9.700000000000001,1,2,1,4,0,4
0,0,0,1,1,1,0,2,21,12,0,33,2,13,11.700000000000001,5,3,2,2,3,0
0,0,0,0,0,0,1,2,13,7,0,20,1,7,7.1000000000000005,1,3,2,4,0,1
0,1,0,0,0,0,1,2,14,10,1,25,1,10,8.450000000000001,6,3,3,2,3,0
1,1,1,1,0,0,0,2,10,6,3,19,1,7,6.25,5,4,0,0,3,2
0,1,0,0,0,1,0,2,21,14,1,36,2,15,12.4,5,2,1,4,1,4
1,1,1,1,0,1,1,2,17,6,3,26,2,6,9.200000000000001,5,3,0,2,3,0
0,0,1,1,0,0,1,2,11,3,1,15,1,3,5.500000000000001,1,4,1,1,0,0
1,0,1,0,1,1,1,2,5,10,2,17,2,10,5.2,0,1,3,3,2,4
0,1,1,0,0,0,0,2,5,13,2,20,1,14,5.800000000000001,5,3,2,3,3,3
1,0,1,0,0,0,0,2,11,8,2,21,1,9,6.950000000000001,3,3,3,4,3,4
1,1,0,0,0,1,0,2,12,8,2,22,2,9,7.500000000000001,5,2,1,1,1,3
0,0,1,0,1,1,1,2,9,11,1,21,2,11,6.85,5,4,2,4,1,3
1,0,1,1,0,0,1,2,11,10,2,23,1,10,7.450000000000001,5,3,3,0,3,3
0,1,0,1,1,0,0,2,7,14,1,22,1,15,6.650000000000001,1,2,0,0,3,1
0,0,1,0,0,1,1,2,15,12,1,28,2,12,9.5,3,3,1,1,0,0
0,0,1,1,0,1,1,2,16,5,1,22,2,5,8.15,1,2,0,0,3,0
1,0,1,1,0,0,1,2,18,9,2,29,1,9,10.0,5,1,2,1,1,0
1,0,1,0,1,0,0,2,15,7,2,24,1,8,8.3,0,1,2,3,2,4
1,1,0,0,1,1,1,2,5,13,2,20,2,13,5.95,2,2,0,0,3,0
0,0,1,1,0,1,1,2,17,13,1,31,2,13,10.55,3,2,3,1,3,1
0,1,1,1,0,1,1,2,8,5,2,15,2,5,5.15,6,0,1,4,3,3
0,0,0,1,1,0,1,2,8,9,0,17,1,9,5.6000000000000005,5,0,3,2,2,4
1,0,1,1,0,0,0,2,11,8,2,21,1,9,6.950000000000001,3,2,0,1,0,0
0,1,0,1,0,0,0,2,15,13,1,29,1,14,9.6,6,2,3,0,2,4
1,0,1,1,0,1,1,2,16,12,2,30,2,12,10.100000000000001,1,0,0,0,3,4
1,1,1,0,1,0,0,2,15,5,3,23,1,6,8.0,3,2,2,1,1,0
1,0,0,0,1,0,0,2,7,10,1,18,1,11,5.650000000000001,0,1,3,4,0,4
1,0,0,1,0,1,1,2,10,9,1,20,2,9,6.75,2,2,1,2,1,0
0,0,0,0,1,1,1,2,14,6,0,20,2,6,7.4,3,3,1,3,3,0
0,1,0,0,1,1,1,2,10,11,1,22,2,11,7.25,1,2,1,4,3,2
0,1,0,0,0,1,0,2,13,7,1,21,2,8,7.45,0,3,1,4,1,0
1,0,1,0,1,1,1,2,13,12,2,27,2,12,8.9,1,3,3,1,3,0
1,0,0,0,0,0,1,2,6,11,1,18,1,11,5.500000000000001,2,2,0,2,3,1
1,1,1,0,1,1,0,2,15,11,3,29,2,12,9.65,2,3,2,0,1,1
0,1,0,1,1,0,1,2,15,7,1,23,1,7,8.1,0,4,0,1,1,4
0,0,1,1,1,1,1,2,8,11,1,20,2,11,6.45,0,3,0,3,0,0
0,0,0,1,1,0,0,2,19,12,0,31,1,13,10.750000000000002,2,3,1,4,1,3
1,0,1,1,1,0,0,2,11,13,2,26,1,14,8.200000000000001,5,3,2,0,3,0
0,1,1,1,0,0,0,2,13,9,2,24,1,10,8.0,6,2,0,4,3,2
1,0,0,1,0,1,0,2,14,11,1,26,2,12,8.850000000000001,3,3,0,0,0,2
1,1,0,1,1,1,1,2,10,7,2,19,2,7,6.45,6,0,1,1,3,1
0,1,0,1,0,0,0,2,10,5,1,16,1,6,5.6000000000000005,3,4,1,4,1,1
1,0,0,0,0,0,0,2,19,14,1,34,1,15,11.450000000000001,5,3,0,3,2,1
0,1,0,0,0,0,1,2,15,10,1,26,1,10,8.85,3,2,2,4,1,0
0,0,1,0,1,0,0,2,13,9,1,23,1,10,7.800000000000001,6,3,1,0,3,0
1,1,0,0,1,0,1,2,15,8,2,25,1,8,8.55,3,2,2,2,3,0
0,1,1,0,1,0,0,2,13,10,2,25,1,11,8.25,1,1,0,1,2,2
0,1,0,1,0,0,1,2,12,13,1,26,1,13,8.4,5,2,1,4,1,3
1,0,0,1,1,1,1,2,8,6,1,15,2,6,5.2,3,1,0,1,3,1
0,1,0,1,1,1,1,2,18,11,1,30,2,11,10.45,6,2,3,4,3,2
0,1,0,1,1,0,1,2,10,6,1,17,1,6,5.8500000000000005,1,3,3,4,3,0
1,0,1,1,1,0,0,2,11,10,2,23,1,11,7.450000000000001,5,3,3,4,1,1
0,1,1,0,0,1,0,2,18,10,2,30,2,11,10.4,5,3,2,0,1,0
0,1,0,0,0,0,1,2,9,6,1,16,1,6,5.45,0,4,3,2,3,0
1,0,1,1,0,1,0,2,12,10,2,24,2,11,8.000000000000002,2,3,3,4,3,1
0,0,1,0,0,0,0,2,10,7,1,18,1,8,6.1000000000000005,5,2,0,2,1,0
0,0,1,1,1,0,0,2,15,7,1,23,1,8,8.1,2,2,0,1,2,3
1,0,0,1,1,1,0,2,18,7,1,26,2,8,9.45,0,3,0,4,1,4
0,1,1,1,0,1,1,2,22,8,2,32,2,8,11.500000000000002,2,3,2,0,3,1
0,0,0,1,1,0,1,2,21,9,0,30,1,9,10.8,5,0,1,3,0,1
1,1,0,0,1,0,0,2,5,10,2,17,1,11,5.050000000000001,3,2,0,1,3,0
0,0,1,1,1,0,1,2,11,11,1,23,1,11,7.500000000000001,6,3,2,4,0,4
1,0,0,1,1,0,0,2,13,6,1,20,1,7,7.050000000000001,5,3,3,4,1,0
1,1,1,0,1,0,1,2,11,12,3,26,1,12,8.15,2,2,2,0,2,0
1,0,0,0,1,0,0,2,13,10,1,24,1,11,8.05,2,3,3,1,1,0
0,0,1,1,0,1,1,2,14,14,1,29,2,14,9.600000000000001,6,2,1,3,1,3
0,0,0,0,0,1,0,2,18,6,0,24,2,7,9.0,2,3,3,1,3,1
1,1,0,1,1,1,0,2,13,10,2,25,2,11,8.4,6,3,2,2,2,3
0,1,1,0,0,1,0,2,20,6,2,28,2,7,10.200000000000001,5,2,2,4,2,3
1,1,1,1,1,0,1,2,7,10,3,20,1,10,6.050000000000001,3,3,3,4,2,3
1,1,1,0,1,0,1,2,9,7,3,19,1,7,6.1,4,3,1,4,1,0
1,0,1,1,0,0,1,2,12,9,2,23,1,9,7.600000000000001,3,1,2,2,3,4
0,0,0,0,0,0,1,2,12,13,0,25,1,13,8.200000000000001,4,1,3,3,2,2
0,1,1,1,0,0,0,2,16,10,2,28,1,11,9.450000000000001,2,4,0,4,2,0
1,1,0,1,0,0,1,2,12,12,2,26,1,12,8.350000000000001,6,1,0,4,3,0
1,1,1,0,0,1,1,2,16,11,3,30,2,11,10.05,6,3,0,4,3,4
1,1,1,0,1,1,1,2,10,6,3,19,2,6,6.3999999999999995,0,3,2,0,3,0
1,1,0,0,0,1,0,2,13,14,2,29,2,15,9.4,3,3,3,2,2,0
1,1,1,0,1,1,0,2,4,10,3,17,2,11,4.999999999999999,2,2,3,1,3,4
0,1,0,0,1,0,0,2,12,11,1,24,1,12,7.900000000000001,6,3,0,4,3,0
1,0,1,0,0,1,1,2,20,10,2,32,2,10,11.200000000000001,5,2,1,0,3,1
1,1,1,0,1,1,0,2,18,10,3,31,2,11,10.6,5,3,3,1,3,3
1,0,0,0,1,0,1,2,16,5,1,22,1,5,8.0,3,2,2,4,3,4
1,0,0,1,0,0,0,2,15,9,1,25,1,10,8.6,6,2,2,4,1,1
0,0,0,0,1,1,1,2,15,13,0,28,2,13,9.55,6,3,3,4,3,4
0,0,0,1,0,0,0,2,6,5,0,11,1,6,3.8000000000000003,3,3,1,1,3,0
0,1,1,1,1,0,0,2,11,10,2,23,1,11,7.450000000000001,3,3,2,0,3,3
1,1,1,0,1,0,0,2,9,6,3,18,1,7,5.85,1,1,0,0,3,2
1,0,1,0,0,0,0,2,5,7,2,14,1,8,4.300000000000001,1,1,3,0,2,1
1,0,0,1,0,1,1,2,9,5,1,15,2,5,5.35,6,3,0,0,2,1
0,0,1,0,0,1,1,2,11,11,1,23,2,11,7.65,0,3,3,1,3,0
0,0,1,1,0,0,1,2,6,11,1,18,1,11,5.500000000000001,4,4,1,4,2,0
1,1,0,0,1,0,1,2,10,14,2,26,1,14,8.05,2,3,2,3,0,4
0,1,1,0,1,0,0,2,14,10,2,26,1,11,8.650000000000002,4,3,2,1,0,1
0,0,0,1,0,0,0,2,14,11,0,25,1,12,8.500000000000002,0,4,3,4,2,4
1,0,0,1,0,1,0,2,12,12,1,25,2,13,8.3,3,2,1,4,3,0
0,1,1,0,0,0,0,2,9,6,2,17,1,7,5.65,5,0,3,2,3,0
0,1,0,0,1,0,0,2,17,4,1,22,1,5,8.15,1,3,3,1,2,4
0,0,1,0,0,0,1,2,8,10,1,19,1,10,6.050000000000001,3,3,2,1,3,0
0,1,1,1,0,1,1,2,16,7,2,25,2,7,8.850000000000001,3,1,1,2,3,4
0,1,1,0,1,0,0,2,13,10,2,25,1,11,8.25,5,2,3,0,1,3
0,1,1,0,1,0,0,2,19,11,2,32,1,12,10.900000000000002,0,3,0,0,2,2
0,1,1,0,1,0,1,2,8,9,2,19,1,9,6.000000000000001,3,3,1,1,3,2
0,0,1,1,0,0,0,2,14,13,1,28,1,14,9.200000000000001,5,2,0,4,3,0
1,1,0,1,1,1,1,2,15,13,2,30,2,13,9.950000000000001,5,3,0,3,2,0
0,0,1,0,0,1,1,2,10,6,1,17,2,6,6.0,2,1,0,0,3,1
0,0,0,0,1,0,1,2,14,7,0,21,1,7,7.500000000000001,6,2,2,4,0,0
1,0,1,0,1,1,1,2,12,8,2,22,2,8,7.500000000000001,5,3,1,1,3,0
0,0,0,0,1,0,0,2,11,12,0,23,1,13,7.550000000000001,4,1,0,4,2,2
1,1,1,1,1,0,1,2,17,15,3,35,1,15,11.3,6,2,0,2,3,4
1,0,1,0,1,1,1,2,11,11,2,24,2,11,7.8500000000000005,6,1,3,1,1,4
1,1,0,1,1,1,1,2,9,13,2,24,2,13,7.55,5,3,1,1,3,3
0,1,1,0,1,0,1,2,17,6,2,25,1,6,8.850000000000001,5,1,3,4,0,3
0,0,1,1,0,0,0,2,20,7,1,28,1,8,10.1,1,0,2,1,3,4
1,1,1,1,1,0,1,2,16,14,3,33,1,14,10.65,6,3,2,4,3,3
1,1,0,0,1,0,1,2,15,9,2,26,1,9,8.8,5,3,0,1,3,4
0,0,0,0,1,0,1,2,17,10,0,27,1,10,9.450000000000001,6,3,3,1,3,1
1,0,0,0,0,0,1,2,17,7,1,25,1,7,8.9,2,3,3,0,0,4
0,0,0,0,0,1,1,2,9,11,0,20,2,11,6.6499999999999995,1,4,0,4,3,1
1,1,0,1,1,1,0,2,23,10,2,35,2,11,12.400000000000002,3,3,3,1,0,0
0,0,1,1,1,0,0,2,11,7,1,19,1,8,6.500000000000001,3,2,2,3,3,3
0,0,1,0,1,0,1,2,17,10,1,28,1,10,9.65,1,2,1,3,0,3
1,0,0,0,1,1,0,2,13,5,1,19,2,6,6.95,2,0,3,4,0,2
0,0,0,1,0,0,0,2,5,8,0,13,1,9,4.15,1,3,1,0,1,1
1,0,0,0,1,0,0,2,11,9,1,21,1,10,7.000000000000001,1,2,2,1,1,2
0,1,0,0,0,0,0,2,8,10,1,19,1,11,6.050000000000001,6,3,2,1,2,0
0,1,1,0,0,1,1,2,13,11,2,26,2,11,8.65,6,3,1,4,2,3
1,1,0,0,0,0,1,2,12,5,2,19,1,5,6.600000000000001,0,2,2,2,3,4
1,1,0,0,0,0,0,2,18,10,2,30,1,11,10.25,1,1,0,0,3,0
1,0,1,1,0,1,0,2,19,13,2,34,2,14,11.550000000000002,6,2,0,1,3,3
0,1,0,1,1,0,1,2,20,13,1,34,1,13,11.6,3,3,1,1,1,0
0,0,0,1,0,0,0,2,13,7,0,20,1,8,7.1000000000000005,0,3,0,1,1,2
0,0,1,0,1,1,0,2,16,7,1,24,2,8,8.65,3,1,1,0,3,0
1,1,0,1,0,1,0,2,11,4,2,17,2,5,6.1000000000000005,5,3,0,4,3,1
1,0,1,1,0,0,0,2,10,5,2,17,1,6,5.800000000000001,6,3,0,4,3,2
1,1,1,0,0,0,1,2,18,11,3,32,1,11,10.7,1,3,1,3,3,1
0,0,1,0,1,1,1,2,13,12,1,26,2,12,8.7,2,3,3,1,3,1
1,1,0,0,0,1,1,2,16,8,2,26,2,8,9.100000000000001,3,2,0,3,3,4
1,0,0,0,0,0,1,2,15,7,1,23,1,7,8.1,6,4,0,4,1,0
1,0,0,1,1,0,1,2,19,13,1,33,1,13,11.200000000000001,0,0,1,2,0,0
0,1,0,1,1,0,0,2,8,12,1,21,1,13,6.550000000000001,0,3,3,4,1,0
1,0,0,0,0,1,1,2,13,6,1,20,2,6,7.2,0,3,2,4,3,3
0,0,1,0,0,1,0,2,12,12,1,25,2,13,8.3,5,3,1,1,1,3
0,1,1,0,0,1,1,2,9,7,2,18,2,7,6.05,6,3,2,4,1,0
1,1,0,1,0,0,0,2,13,6,2,21,1,7,7.250000000000001,4,3,3,4,2,1
1,0,1,1,1,1,0,2,12,9,2,23,2,10,7.750000000000001,1,1,1,1,0,4
1,1,1,1,1,0,1,2,12,14,3,29,1,14,9.05,0,3,3,1,1,1
1,0,0,1,0,0,0,2,11,13,1,25,1,14,8.0,0,4,2,1,0,2
0,1,1,0,0,0,0,2,11,3,2,16,1,4,5.700000000000001,1,4,2,3,3,1
0,0,1,0,0,1,1,2,16,8,1,25,2,8,8.9,5,3,2,4,0,3
1,1,0,0,1,1,1,2,8,5,2,15,2,5,5.15,6,3,3,4,1,0
1,1,1,0,1,0,0,2,13,7,3,23,1,8,7.700000000000001,3,3,1,4,3,4
0,0,0,0,0,1,0,2,10,7,0,17,2,8,6.05,0,3,1,4,2,0
1,0,0,0,0,0,1,2,8,10,1,19,1,10,6.050000000000001,1,0,0,0,1,1
1,0,1,1,0,0,0,2,19,12,2,33,1,13,11.150000000000002,2,3,3,4,0,4
0,1,0,1,1,0,0,2,18,10,1,29,1,11,10.049999999999999,1,3,2,4,3,1
0,1,0,1,1,1,0,2,13,10,1,24,2,11,8.200000000000001,6,2,2,4,0,4
0,1,0,0,1,1,1,2,16,12,1,29,2,12,9.9,1,4,0,1,3,3
0,1,1,0,0,1,1,2,11,7,2,20,2,7,6.8500000000000005,0,4,2,4,3,1
1,0,1,1,1,0,0,2,15,8,2,25,1,9,8.55,5,3,2,4,3,4
1,0,1,1,1,0,1,2,22,3,2,27,1,3,10.100000000000001,6,2,1,4,3,0
1,1,1,1,0,1,1,2,4,10,3,17,2,10,4.999999999999999,0,1,2,4,3,1
1,1,1,0,0,1,0,2,15,10,3,28,2,11,9.4,1,4,0,4,0,3
1,1,0,1,1,1,0,2,11,13,2,26,2,14,8.350000000000001,0,3,3,3,2,0
0,1,0,1,1,1,0,2,21,14,1,36,2,15,12.4,1,2,0,1,3,3
1,1,1,1,0,1,1,2,5,6,3,14,2,6,4.3999999999999995,1,3,2,4,1,0
1,1,0,0,1,0,0,2,16,14,2,32,1,15,10.450000000000001,1,4,1,1,3,0
1,1,0,0,1,0,0,2,17,7,2,26,1,8,9.100000000000001,0,3,0,1,3,4
1,1,1,1,0,1,1,2,16,6,3,25,2,6,8.8,3,3,1,2,3,4
0,0,1,0,1,0,0,2,7,9,1,17,1,10,5.400000000000001,0,2,2,1,0,1
1,1,1,0,0,0,0,2,16,8,3,27,1,9,9.15,6,3,3,0,3,0
0,0,1,1,0,1,1,2,14,9,1,24,2,9,8.350000000000001,0,3,1,1,2,1
0,0,0,1,1,0,0,2,17,12,0,29,1,13,9.950000000000001,6,2,1,1,2,4
0,0,1,0,1,0,0,2,12,8,1,21,1,9,7.150000000000001,6,1,2,4,0,4
0,0,0,1,1,1,0,2,12,10,0,22,2,11,7.6000000000000005,5,4,0,4,3,1
0,0,0,1,1,1,0,2,16,10,0,26,2,11,9.200000000000001,3,3,3,4,0,1
1,0,0,0,1,1,1,2,11,9,1,21,2,9,7.15,1,1,3,4,1,2
1,1,1,1,0,0,1,2,16,10,3,29,1,10,9.65,0,3,1,0,1,1
0,0,0,1,0,0,0,2,18,13,0,31,1,14,10.6,1,2,2,1,3,1
0,1,1,0,0,1,1,2,14,11,2,27,2,11,9.050000000000002,3,2,1,0,3,1
0,1,1,1,0,1,1,2,17,11,2,30,2,11,10.250000000000002,1,1,1,4,3,0
1,1,1,0,0,0,1,2,16,7,3,26,1,7,8.9,2,3,2,4,3,0
0,0,1,1,0,0,1,2,20,10,1,31,1,10,10.85,5,4,2,3,1,0
0,1,1,1,1,1,0,2,10,10,2,22,2,11,7.2,0,0,2,4,3,0
0,0,0,1,1,1,1,2,16,7,0,23,2,7,8.450000000000001,2,1,2,1,3,0
0,0,1,1,1,1,0,2,17,8,1,26,2,9,9.3,5,3,1,1,1,4
0,1,1,0,1,1,1,2,12,13,2,27,2,13,8.750000000000002,5,2,2,0,1,1
0,1,0,1,1,0,1,2,20,15,1,36,1,15,12.1,5,0,2,0,3,3
1,1,0,0,0,1,0,2,3,8,2,13,2,9,3.9,3,0,0,1,3,3
1,0,1,1,0,0,0,2,7,5,2,14,1,6,4.600000000000001,0,3,1,1,1,0
1,1,0,0,1,1,1,2,16,10,2,28,2,10,9.600000000000001,0,2,0,4,0,0
0,1,0,0,1,1,0,2,9,3,1,13,2,4,4.85,4,3,3,4,2,4
0,1,1,0,0,0,0,2,11,8,2,21,1,9,6.950000000000001,3,2,3,3,0,4
0,0,0,0,1,1,0,2,7,6,0,13,2,7,4.6000000000000005,6,3,0,4,1,1
0,1,1,1,0,0,0,2,18,4,2,24,1,5,8.75,5,1,3,1,3,0
1,0,1,1,0,0,0,2,11,8,2,21,1,9,6.950000000000001,1,2,1,4,3,3
1,1,1,0,0,1,1,2,12,12,3,27,2,12,8.700000000000001,5,3,1,1,3,3
1,1,0,1,0,1,0,2,19,10,2,31,2,11,10.800000000000002,3,3,0,4,3,0
0,1,1,0,1,1,1,2,9,12,2,23,2,12,7.3,0,1,3,3,1,4
1,0,1,1,1,0,0,2,17,9,2,28,1,10,9.600000000000001,1,1,3,0,1,1
0,0,1,0,0,1,0,2,17,14,1,32,2,15,10.8,1,1,3,4,3,2
1,1,1,0,1,1,0,2,12,12,3,27,2,13,8.700000000000001,0,2,0,0,3,1
0,1,1,1,1,0,1,2,24,13,2,39,1,13,13.400000000000002,1,3,1,0,3,1
0,1,0,0,1,1,0,2,20,9,1,30,2,10,10.75,2,4,1,0,3,2
0,0,0,0,0,0,1,2,13,4,0,17,1,4,6.3500000000000005,5,3,3,2,1,0
0,1,1,1,0,1,0,2,15,6,2,23,2,7,8.200000000000001,6,3,2,0,3,3
1,1,0,0,1,1,1,2,8,14,2,24,2,14,7.4,1,4,0,4,0,3
1,1,0,0,1,0,0,2,8,13,2,23,1,14,7.000000000000001,6,3,1,0,3,1
1,0,0,0,1,1,0,2,11,10,1,22,2,11,7.4,6,2,1,1,3,4
0,0,0,1,1,1,1,2,12,8,0,20,2,8,7.1000000000000005,6,2,2,1,2,1
1,0,1,0,0,1,0,2,19,5,2,26,2,6,9.550000000000002,0,4,2,1,2,0
1,0,1,0,0,0,0,2,8,14,2,24,1,15,7.250000000000001,6,2,0,1,0,0
0,0,1,1,0,1,0,2,20,12,1,33,2,13,11.5,3,2,3,3,1,3
1,1,1,1,1,0,0,2,14,12,3,29,1,13,9.350000000000001,5,2,2,1,3,4
0,1,0,1,0,1,0,2,22,5,1,28,2,6,10.55,0,1,2,4,1,1
1,0,1,0,1,0,1,2,11,7,2,20,1,7,6.700000000000001,1,3,0,2,3,2
0,1,0,0,1,0,0,2,12,13,1,26,1,14,8.4,5,2,3,3,3,0
0,0,1,1,1,1,1,2,16,12,1,29,2,12,9.9,5,0,1,1,2,0
0,0,0,1,0,1,1,2,10,5,0,15,2,5,5.55,0,1,0,4,3,3
1,0,0,1,0,1,0,2,13,6,1,20,2,7,7.2,1,2,2,3,3,2
0,1,0,0,1,0,1,2,14,6,1,21,1,6,7.450000000000001,5,3,3,1,3,1
1,1,1,1,1,1,1,2,10,9,3,22,2,9,7.1499999999999995,6,2,3,0,3,4
0,1,1,0,1,0,1,2,17,5,2,24,1,5,8.600000000000001,6,0,3,1,0,3
1,0,1,1,0,0,1,2,19,7,2,28,1,7,9.900000000000002,1,3,1,0,1,0
0,1,0,0,1,1,0,2,3,13,1,17,2,14,4.95,4,1,2,0,3,0
0,0,1,0,0,1,1,2,7,11,1,19,2,11,6.050000000000001,2,1,0,4,2,1
0,1,0,1,0,1,1,2,14,7,1,22,2,7,7.8500000000000005,6,1,2,0,3,3
0,1,1,1,1,1,0,2,12,10,2,24,2,11,8.000000000000002,6,0,2,4,2,2
1,0,0,1,0,1,0,2,17,11,1,29,2,12,10.05,6,3,2,0,3,0
1,1,1,1,0,0,0,2,9,10,3,22,1,11,6.85,5,2,1,1,1,4
0,0,1,0,1,1,0,2,14,7,1,22,2,8,7.8500000000000005,1,3,1,2,3,1
1,0,0,0,1,1,1,0,4,10,1,15,2,10,4.6,0,3,1,0,3,2
1,0,1,1,0,0,0,0,18,11,2,31,1,12,10.5,1,3,3,1,3,0
1,1,0,1,0,0,1,0,15,7,2,24,1,7,8.3,6,2,3,1,1,2
0,0,1,1,0,0,0,0,20,3,1,24,1,4,9.1,3,2,0,4,3,4
0,1,0,0,0,1,1,0,13,9,1,23,2,9,7.95,1,2,3,1,3,4
1,0,0,1,1,0,0,0,12,9,1,22,1,10,7.400000000000001,3,3,3,2,0,0
0,0,0,1,1,1,1,0,10,10,0,20,2,10,6.8,1,4,0,4,3,0
0,1,1,1,1,0,0,0,12,5,2,19,1,6,6.600000000000001,1,3,2,0,2,3
1,1,1,0,1,1,1,0,16,10,3,29,2,10,9.8,3,2,1,4,0,3
0,0,0,0,1,1,0,0,4,11,0,15,2,12,4.6499999999999995,1,0,1,1,3,0
1,1,0,0,0,0,1,0,10,7,2,19,1,7,6.300000000000001,5,2,0,4,3,3
0,1,0,1,0,0,1,0,17,11,1,29,1,11,9.9,3,4,1,0,1,4
1,1,1,0,1,1,0,0,15,9,3,27,2,10,9.15,1,2,3,0,3,3
1,1,0,0,0,1,0,0,23,8,2,33,2,9,11.900000000000002,1,0,0,1,1,1
0,0,0,1,0,1,1,0,10,9,0,19,2,9,6.55,3,3,1,0,0,0
1,1,1,1,1,1,1,0,10,12,3,25,2,12,7.8999999999999995,0,3,0,4,3,3
0,1,1,1,1,1,0,0,9,9,2,20,2,10,6.55,0,4,0,4,1,3
0,0,0,0,1,0,0,0,16,11,0,27,1,12,9.3,2,0,3,3,3,0
0,1,0,0,0,1,0,0,18,10,1,29,2,11,10.2,2,2,1,2,3,0
0,0,1,1,1,1,1,0,5,6,1,12,2,6,4.0,6,2,2,4,0,4
0,1,0,1,1,0,0,0,7,5,1,13,1,6,4.400000000000001,2,2,0,0,3,2
0,0,0,0,0,1,1,0,17,8,0,25,2,8,9.100000000000001,1,1,0,0,1,0
0,0,1,1,0,1,1,0,8,7,1,16,2,7,5.45,5,2,3,0,2,1
1,0,0,1,1,0,1,0,17,12,1,30,1,12,10.15,0,1,3,4,3,1
1,1,1,1,1,1,0,0,15,4,3,22,2,5,7.8999999999999995,3,4,2,0,1,1
0,0,0,1,0,1,0,0,13,11,0,24,2,12,8.25,5,4,1,1,1,4
0,1,1,0,1,1,1,0,13,6,2,21,2,6,7.4,3,3,3,0,3,3
0,0,1,0,0,1,0,0,10,12,1,23,2,13,7.5,1,3,1,3,3,0
0,0,0,0,1,0,1,0,10,12,0,22,1,12,7.15,5,3,3,3,2,4
1,1,1,0,1,0,0,0,12,7,3,22,1,8,7.300000000000001,1,4,2,2,3,3
1,0,1,0,0,0,1,0,8,7,2,17,1,7,5.500000000000001,0,0,2,4,1,0
1,0,1,0,1,1,0,0,3,8,2,13,2,9,3.9,3,2,2,2,0,3
1,1,1,1,0,0,0,0,17,10,3,30,1,11,10.05,2,3,1,0,1,1
1,0,0,1,0,1,1,0,9,11,1,21,2,11,6.85,2,2,0,1,3,0
1,0,0,0,1,1,1,0,18,14,1,33,2,14,11.2,1,3,3,0,3,0
1,1,1,1,0,1,0,0,16,7,3,26,2,8,9.05,5,3,0,1,2,0
0,0,1,0,1,0,0,0,17,12,1,30,1,13,10.15,5,3,1,1,1,3
1,1,0,0,1,1,0,0,10,11,2,23,2,12,7.45,0,3,0,1,3,2
0,1,0,1,0,1,0,0,13,6,1,20,2,7,7.2,2,2,0,0,3,0
0,0,0,1,1,1,1,0,14,6,0,20,2,6,7.4,1,3,3,0,2,1
0,1,1,1,1,0,0,0,8,3,2,13,1,4,4.500000000000001,3,2,2,0,3,0
1,1,1,1,1,1,1,0,12,9,3,24,2,9,7.95,0,3,3,1,3,1
0,0,0,0,0,1,0,0,12,10,0,22,2,11,7.6000000000000005,3,3,2,1,2,0
1,1,0,0,1,0,1,0,8,8,2,18,1,8,5.750000000000001,6,2,2,0,3,2
1,1,0,0,1,1,0,0,8,10,2,20,2,11,6.4,2,3,1,4,1,3
1,1,0,1,0,1,1,0,13,11,2,26,2,11,8.65,5,3,0,3,1,3
1,1,1,0,0,0,1,0,13,9,3,25,1,9,8.200000000000001,1,2,0,1,2,2
1,0,0,1,1,0,0,0,12,11,1,24,1,12,7.900000000000001,5,1,2,3,3,0
0,1,1,1,0,1,1,0,13,4,2,19,2,4,6.9,0,0,1,1,3,3
0,1,1,0,1,1,1,0,20,5,2,27,2,5,9.950000000000001,3,1,1,4,3,0
0,0,1,0,0,1,0,0,17,5,1,23,2,6,8.55,6,3,3,1,2,0
0,1,0,1,0,1,0,0,13,11,1,25,2,12,8.450000000000001,3,3,0,2,3,3
1,0,1,0,0,0,1,0,19,14,2,35,1,14,11.650000000000002,0,1,1,0,3,1
0,1,1,0,0,1,1,0,15,14,2,31,2,14,10.200000000000001,3,2,0,4,3,2
1,1,0,1,0,1,0,0,11,6,2,19,2,7,6.6000000000000005,6,2,1,4,3,0
1,1,1,0,1,1,1,0,18,8,3,29,2,8,10.1,1,2,0,0,1,1
1,0,0,1,1,1,1,0,14,13,1,28,2,13,9.350000000000001,1,2,1,3,3,3
0,1,0,1,0,0,1,0,7,10,1,18,1,10,5.650000000000001,1,3,0,3,3,0
1,1,0,1,1,0,0,0,16,12,2,30,1,13,9.950000000000001,6,3,1,1,3,0
0,1,0,0,1,1,0,0,20,7,1,28,2,8,10.25,6,3,2,4,3,2
0,0,0,1,0,0,0,0,16,6,0,22,1,7,8.05,1,0,0,2,1,3
1,1,0,1,1,0,0,0,15,8,2,25,1,9,8.55,1,1,2,2,0,4
1,0,1,1,0,1,1,0,6,7,2,15,2,7,4.8500000000000005,1,4,0,1,0,0
0,0,0,1,0,1,1,0,20,11,0,31,2,11,11.05,5,1,1,0,3,4
1,0,1,1,0,1,1,0,7,13,2,22,2,13,6.750000000000001,5,3,0,1,3,4
0,0,1,0,0,1,1,0,18,7,1,26,2,7,9.45,3,3,2,1,3,3
0,1,0,1,1,1,0,0,16,13,1,30,2,14,10.15,0,3,1,4,2,3
1,0,1,1,0,0,1,0,20,7,2,29,1,7,10.3,6,3,1,4,1,1
0,0,0,0,0,0,1,0,5,10,0,15,1,10,4.65,1,2,3,3,0,1
0,0,1,1,0,1,0,0,12,12,1,25,2,13,8.3,1,3,0,4,2,0
1,0,1,0,1,0,1,0,10,13,2,25,1,13,7.800000000000001,3,0,0,0,0,1
1,0,0,0,0,1,0,0,13,7,1,21,2,8,7.45,1,1,2,0,3,4
0,1,1,0,0,1,0,0,16,10,2,28,2,11,9.600000000000001,0,3,3,4,3,2
1,1,1,1,1,0,1,0,10,5,3,18,1,5,6.0,0,4,0,0,2,3
1,0,0,0,1,0,0,0,11,11,1,23,1,12,7.500000000000001,6,4,0,1,1,4
1,1,1,0,1,1,0,0,19,5,3,27,2,6,9.750000000000002,6,4,0,0,1,0
1,0,1,1,1,0,1,0,9,7,2,18,1,7,5.9,1,3,1,4,3,3
0,0,1,1,0,1,0,0,15,3,1,19,2,4,7.25,2,2,3,0,3,0
1,1,1,1,1,0,1,0,19,11,3,33,1,11,11.100000000000001,5,0,2,4,3,0
0,0,0,1,1,0,1,0,4,5,0,9,1,5,3.0,3,0,1,0,3,0
1,1,0,1,0,0,0,0,10,6,2,18,1,7,6.050000000000001,1,3,2,0,3,4
1,1,0,1,1,0,0,0,15,11,2,28,1,12,9.3,6,3,0,1,3,4
0,0,1,0,1,0,1,0,15,12,1,28,1,12,9.35,3,3,3,3,3,0
1,0,0,1,0,0,1,0,12,11,1,24,1,11,7.900000000000001,1,3,3,0,0,1
0,0,0,0,0,1,0,0,14,7,0,21,2,8,7.65,0,2,1,4,0,0
1,0,0,1,1,1,0,0,18,12,1,31,2,13,10.7,1,2,2,0,0,1
1,1,0,1,0,0,0,0,12,7,2,21,1,8,7.100000000000001,3,3,1,4,0,0
1,0,0,1,0,1,0,0,16,9,1,26,2,10,9.15,0,2,0,4,0,0
0,0,1,0,1,1,1,0,13,8,1,22,2,8,7.7,3,3,2,4,3,2
1,1,1,0,1,1,0,0,11,3,3,17,2,4,6.05,3,2,0,1,2,1
1,1,0,0,1,1,1,0,11,13,2,26,2,13,8.350000000000001,2,3,2,0,3,4
1,1,0,1,0,0,0,0,8,11,2,21,1,12,6.500000000000001,1,3,2,1,1,1
1,1,1,0,1,1,0,0,21,12,3,36,2,13,12.3,5,3,1,4,3,0
0,1,1,0,0,0,1,0,19,7,2,28,1,7,9.900000000000002,6,3,2,4,2,4
0,0,1,0,1,1,1,0,12,12,1,25,2,12,8.3,0,3,0,1,1,1
0,0,0,0,1,0,0,0,13,4,0,17,1,5,6.3500000000000005,3,1,3,0,3,0
1,1,0,1,0,0,1,0,15,6,2,23,1,6,8.05,2,2,3,4,3,3
0,0,0,0,0,1,0,0,14,8,0,22,2,9,7.9,0,4,2,1,0,0
1,1,0,0,1,1,1,0,10,9,2,21,2,9,6.95,1,3,3,4,2,4
1,1,1,0,0,0,1,0,12,14,3,29,1,14,9.05,2,0,0,4,3,1
1,1,1,0,0,0,0,0,14,11,3,28,1,12,9.100000000000001,0,1,3,0,3,3
0,0,0,1,1,0,1,0,14,11,0,25,1,11,8.500000000000002,0,3,0,0,3,0
0,1,1,1,0,0,1,0,14,6,2,22,1,6,7.650000000000001,0,4,0,0,3,3
0,1,1,1,1,0,1,0,6,12,2,20,1,12,5.950000000000001,6,2,1,3,3,4
0,0,1,0,1,1,0,0,11,8,1,20,2,9,6.9,6,4,2,0,3,3
1,1,1,1,1,0,1,0,14,11,3,28,1,11,9.100000000000001,3,3,1,2,2,4
0,0,0,1,0,1,1,0,15,9,0,24,2,9,8.55,3,1,3,4,1,0
0,0,1,1,0,0,0,0,17,10,1,28,1,11,9.65,2,2,3,4,0,1
1,0,1,0,1,0,0,0,11,5,2,18,1,6,6.200000000000001,0,3,2,0,0,1
0,1,1,1,0,0,0,0,12,7,2,21,1,8,7.100000000000001,5,2,1,1,2,4
1,0,0,0,0,0,0,0,19,10,1,30,1,11,10.450000000000001,6,3,2,0,0,2
0,0,1,1,0,0,0,0,7,8,1,16,1,9,5.150000000000001,5,2,1,4,0,1
0,0,0,1,1,0,0,0,12,14,0,26,1,15,8.450000000000001,6,2,0,2,3,0
1,0,1,1,0,0,0,0,4,8,2,14,1,9,4.15,1,4,1,4,3,0
1,1,1,1,0,1,0,0,7,12,3,22,2,13,6.7,5,3,1,4,3,3
0,1,1,0,1,0,0,0,10,5,2,17,1,6,5.800000000000001,1,2,1,2,2,3
1,0,1,0,0,0,1,0,9,4,2,15,1,4,5.15,4,3,2,1,3,4
0,1,0,0,1,1,0,0,12,13,1,26,2,14,8.55,0,3,1,4,2,0
0,1,1,1,0,0,1,0,9,9,2,20,1,9,6.4,2,3,0,0,3,3
1,0,1,0,0,1,0,0,18,12,2,32,2,13,10.9,0,2,3,1,3,1
0,1,0,1,0,1,1,0,13,7,1,21,2,7,7.45,3,0,3,1,3,4
0,1,0,0,0,0,1,0,9,13,1,23,1,13,7.2,0,3,0,2,3,1
0,0,0,1,0,0,0,0,16,12,0,28,1,13,9.55,1,0,2,1,3,4
0,1,0,1,0,1,0,0,17,7,1,25,2,8,9.05,1,3,1,0,3,0
0,0,1,1,1,1,0,0,10,5,1,16,2,6,5.75,1,3,3,4,3,3
0,0,1,0,1,1,1,0,14,10,1,25,2,10,8.600000000000001,1,3,3,4,3,0
1,1,1,0,0,0,1,0,3,10,3,16,1,10,4.450000000000001,2,3,0,2,1,1
1,1,1,0,1,0,1,0,12,11,3,26,1,11,8.3,2,2,0,1,3,0
1,1,1,0,1,1,1,0,9,10,3,22,2,10,6.999999999999999,0,4,0,4,3,4
0,1,0,1,0,0,0,0,23,8,1,32,1,9,11.55,2,3,2,4,1,0
0,0,0,1,1,1,1,0,9,6,0,15,2,6,5.3999999999999995,6,4,0,4,3,0
1,0,1,1,1,1,1,0,12,6,2,20,2,6,7.000000000000001,6,3,3,3,1,0
0,1,0,0,1,0,1,0,13,13,1,27,1,13,8.799999999999999,5,2,1,0,2,4
1,1,0,1,0,1,0,0,11,8,2,21,2,9,7.1000000000000005,0,1,1,1,3,0
0,1,1,1,0,1,0,0,19,11,2,32,2,12,11.050000000000002,4,3,2,1,3,0
0,1,0,0,1,0,1,0,12,9,1,22,1,9,7.400000000000001,0,3,3,1,0,4
1,0,1,1,1,1,0,0,5,6,2,13,2,7,4.2,1,2,0,4,3,2
0,1,1,1,1,0,0,0,14,8,2,24,1,9,8.15,6,1,0,4,0,3
1,0,1,0,1,1,1,0,12,4,2,18,2,4,6.500000000000001,6,3,0,1,2,2
0,1,1,0,1,0,1,0,9,8,2,19,1,8,6.15,6,4,1,1,2,2
0,0,1,1,0,1,0,0,9,9,1,19,2,10,6.35,0,3,3,3,3,0
1,0,1,0,1,1,1,0,10,9,2,21,2,9,6.95,1,4,3,4,0,0
0,0,1,1,0,1,1,0,4,10,1,15,2,10,4.6,1,3,3,4,3,3
1,0,1,1,0,0,0,0,19,12,2,33,1,13,11.150000000000002,1,2,0,2,1,3
1,1,0,0,0,1,0,0,10,14,2,26,2,15,8.200000000000001,5,4,0,0,0,0
0,1,0,1,0,1,1,0,8,10,1,19,2,10,6.2,1,0,1,4,3,0
1,1,0,0,0,0,1,0,12,11,2,25,1,11,8.100000000000001,0,2,0,0,0,4
1,1,1,1,0,0,1,0,16,13,3,32,1,13,10.4,2,1,2,4,3,1
0,0,1,0,1,0,0,0,16,14,1,31,1,15,10.25,5,2,2,1,3,0
0,0,1,1,1,0,0,0,19,14,1,34,1,15,11.450000000000001,0,3,3,4,3,4
0,0,0,1,0,0,1,0,10,15,0,25,1,15,7.9,5,0,0,4,1,4
0,0,0,0,1,1,1,0,9,12,0,21,2,12,6.8999999999999995,5,4,0,4,0,4
0,1,0,0,1,0,0,0,13,10,1,24,1,11,8.05,3,3,3,4,3,3
0,0,0,1,0,1,1,0,16,13,0,29,2,13,9.950000000000001,5,3,0,0,3,0
1,0,0,0,0,0,1,0,15,5,1,21,1,5,7.6000000000000005,6,3,1,1,0,3
1,0,0,0,0,0,1,0,12,12,1,25,1,12,8.15,0,4,2,4,2,1
1,0,0,1,0,0,1,0,12,10,1,23,1,10,7.650000000000001,0,1,2,4,1,0
1,1,1,0,1,0,0,0,15,8,3,26,1,9,8.75,0,1,3,3,3,4
1,0,1,1,0,0,1,0,14,12,2,28,1,12,9.150000000000002,3,4,3,4,2,2
1,0,0,0,1,1,0,0,17,12,1,30,2,13,10.3,1,0,2,0,3,3
0,1,1,1,1,1,1,0,13,3,2,18,2,3,6.65,0,2,1,2,2,4
0,0,1,0,0,0,1,0,18,5,1,24,1,5,8.799999999999999,1,3,3,0,1,1
1,1,1,0,0,0,1,0,5,4,3,12,1,4,3.75,6,4,0,2,1,4
0,1,0,1,0,0,1,0,20,6,1,27,1,6,9.85,0,3,0,4,3,0
1,0,1,0,0,1,0,0,13,8,2,23,2,9,7.9,0,0,0,1,0,1
0,1,0,1,1,1,0,0,16,12,1,29,2,13,9.9,5,3,1,2,0,2
1,0,1,0,1,0,1,0,12,13,2,27,1,13,8.600000000000001,2,2,2,4,2,3
0,0,1,0,0,0,0,0,14,11,1,26,1,12,8.700000000000001,2,2,0,1,0,0
1,1,1,1,0,0,1,0,11,9,3,23,1,9,7.4,1,1,0,2,1,1
0,0,0,0,1,1,0,0,10,5,0,15,2,6,5.55,6,3,0,0,1,4
1,0,0,1,1,1,0,0,13,9,1,23,2,10,7.95,2,3,0,1,3,1
1,0,1,0,1,1,1,0,5,9,2,16,2,9,4.95,1,1,0,2,3,3
0,1,1,1,0,1,0,0,15,7,2,24,2,8,8.450000000000001,1,4,2,2,0,1
0,1,1,1,0,1,0,0,10,13,2,25,2,14,7.95,0,3,1,1,3,0
0,0,0,0,0,0,0,0,8,6,0,14,1,7,4.8500000000000005,3,2,3,1,2,0
0,1,0,1,1,0,1,0,9,5,1,15,1,5,5.2,0,4,0,4,1,1
1,1,0,1,0,0,1,0,7,8,2,17,1,8,5.350000000000001,3,2,3,0,1,3
0,0,0,1,1,0,0,0,13,7,0,20,1,8,7.1000000000000005,0,3,3,4,2,4
0,0,0,0,1,0,0,0,16,8,0,24,1,9,8.55,2,3,2,4,3,3
1,1,0,1,1,0,1,0,8,11,2,21,1,11,6.500000000000001,3,4,3,3,0,3
0,1,1,1,1,0,0,0,14,12,2,28,1,13,9.150000000000002,1,4,1,4,3,2
0,0,1,1,1,1,0,0,10,11,1,22,2,12,7.25,3,0,0,1,1,0
1,1,1,1,1,1,1,0,22,14,3,39,2,14,13.200000000000001,1,1,0,4,3,4
1,1,1,1,0,0,0,0,13,12,3,28,1,13,8.95,6,3,2,4,3,3
1,0,0,0,0,1,1,0,10,8,1,19,2,8,6.5,5,2,1,1,1,3
1,1,1,0,0,0,0,0,12,13,3,28,1,14,8.8,6,3,2,0,3,1
1,1,0,1,1,0,1,0,8,8,2,18,1,8,5.750000000000001,0,3,1,0,3,3
0,0,0,1,1,0,0,0,2,11,0,13,1,12,3.6999999999999997,3,0,3,1,3,3
0,0,0,1,1,0,0,0,17,11,0,28,1,12,9.700000000000001,1,0,2,1,3,0
1,1,1,0,0,1,0,0,14,13,3,30,2,14,9.750000000000002,0,1,0,0,3,4
0,1,1,0,1,0,1,0,18,7,2,27,1,7,9.5,5,3,1,4,0,1
1,1,0,0,1,0,0,0,15,5,2,22,1,6,7.800000000000001,6,2,3,4,2,0
1,0,0,0,0,1,0,0,12,10,1,23,2,11,7.800000000000001,2,4,1,3,3,4
0,0,0,0,1,1,0,0,19,12,0,31,2,13,10.900000000000002,1,2,3,1,0,4
1,1,1,1,1,0,1,0,13,14,3,30,1,14,9.45,3,3,2,3,1,0
1,0,0,0,0,1,1,0,17,9,1,27,2,9,9.55,6,3,3,1,1,0
1,0,1,1,1,1,0,0,5,9,2,16,2,10,4.95,3,2,2,4,1,4
1,0,1,0,0,1,0,0,8,7,2,17,2,8,5.65,3,2,2,3,0,3
1,1,1,1,1,1,1,0,16,6,3,25,2,6,8.8,0,1,0,4,3,2
0,1,1,0,1,1,1,0,10,12,2,24,2,12,7.7,2,3,2,4,3,4
0,0,1,1,0,1,0,0,7,7,1,15,2,8,5.050000000000001,0,2,0,3,2,3
1,0,0,0,1,1,1,0,16,15,1,32,2,15,10.65,1,2,0,1,3,4
1,1,1,1,1,1,0,0,11,7,3,21,2,8,7.05,2,0,2,3,1,4
0,0,0,1,1,1,0,0,15,11,0,26,2,12,9.05,5,0,3,4,3,3
0,0,0,0,1,1,0,0,8,9,0,17,2,10,5.75,1,4,0,4,1,1
0,0,1,1,0,1,1,0,10,8,1,19,2,8,6.5,2,0,3,1,1,2
0,1,1,1,0,0,1,0,17,4,2,23,1,4,8.350000000000001,5,0,0,2,2,4
1,0,1,0,0,0,0,0,7,9,2,18,1,10,5.600000000000001,3,1,1,1,1,0
0,1,0,0,1,1,0,0,18,10,1,29,2,11,10.2,2,0,0,1,0,3
0,1,0,0,1,1,1,0,14,4,1,19,2,4,7.1000000000000005,6,3,0,0,1,1
0,1,0,0,0,0,1,0,8,10,1,19,1,10,6.050000000000001,1,3,1,4,3,3
1,1,0,0,1,1,1,0,9,11,2,22,2,11,7.05,5,4,3,1,3,0
0,1,0,1,0,0,1,0,11,12,1,24,1,12,7.750000000000001,3,1,2,4,3,3
1,1,1,0,1,0,1,0,5,13,3,21,1,13,6.0,1,3,3,3,3,0
1,0,1,0,0,0,0,0,11,13,2,26,1,14,8.200000000000001,3,3,1,3,0,0
1,1,0,0,0,0,0,0,11,6,2,19,1,7,6.450000000000001,0,3,1,1,0,2
1,0,1,1,0,0,0,0,9,8,2,19,1,9,6.15,1,3,1,1,1,3
0,0,0,1,0,1,1,0,20,12,0,32,2,12,11.3,6,3,0,4,3,1
1,1,0,1,0,0,1,0,24,7,2,33,1,7,11.900000000000002,5,3,3,0,2,0
0,0,0,1,0,0,0,0,14,6,0,20,1,7,7.250000000000001,0,1,0,3,0,2
1,0,0,0,0,1,0,0,7,11,1,19,2,12,6.050000000000001,2,3,1,4,2,0
0,0,1,1,1,0,1,0,11,13,1,25,1,13,8.0,3,3,2,3,3,1
0,1,0,1,0,1,0,0,12,12,1,25,2,13,8.3,2,0,0,1,2,0
1,0,0,1,0,1,1,0,16,7,1,24,2,7,8.65,1,0,1,1,3,3
0,0,1,1,1,1,1,0,4,8,1,13,2,8,4.1000000000000005,5,3,0,4,1,0
0,0,0,0,0,1,1,0,13,8,0,21,2,8,7.5,1,0,1,2,1,4
1,1,0,1,1,0,0,0,22,13,2,37,1,14,12.600000000000001,1,0,3,2,0,0
1,1,0,0,1,1,1,0,13,7,2,22,2,7,7.65,1,3,1,0,3,0
0,1,1,0,1,0,0,0,15,12,2,29,1,13,9.55,6,3,0,2,1,2
0,0,1,0,0,1,1,0,16,7,1,24,2,7,8.65,6,1,1,4,3,3
1,1,0,0,1,0,1,0,19,9,2,30,1,9,10.400000000000002,1,2,3,4,3,4
0,1,0,1,1,1,0,0,14,13,1,28,2,14,9.350000000000001,6,3,0,1,2,3
0,0,1,1,0,1,1,0,19,9,1,29,2,9,10.350000000000001,2,3,1,1,1,4
0,0,0,1,1,1,0,0,5,7,0,12,2,8,4.05,5,4,1,1,1,4
0,0,0,0,0,0,0,0,7,9,0,16,1,10,5.200000000000001,2,4,2,0,3,1
1,0,0,1,1,1,0,0,11,8,1,20,2,9,6.9,5,3,2,1,2,2
0,1,1,0,1,1,0,0,18,12,2,32,2,13,10.9,0,1,3,1,3,0
0,0,0,0,0,1,1,0,18,5,0,23,2,5,8.75,3,3,3,2,3,0
1,0,1,1,0,1,1,0,11,10,2,23,2,10,7.6000000000000005,5,2,1,4,3,2
1,0,1,0,1,1,1,0,19,11,2,32,2,11,11.050000000000002,6,1,2,1,2,1
1,0,0,1,0,0,1,0,15,14,1,30,1,14,9.85,2,4,3,1,0,1
0,1,0,1,1,1,1,0,19,13,1,33,2,13,11.350000000000001,2,0,2,1,3,0
1,0,1,0,1,0,1,0,15,10,2,27,1,10,9.05,6,2,0,1,0,3
1,1,0,0,1,0,0,0,14,8,2,24,1,9,8.15,5,3,3,4,0,0
1,0,1,0,0,0,1,0,16,7,2,25,1,7,8.700000000000001,0,2,0,0,3,0
0,1,1,1,0,0,1,0,17,11,2,30,1,11,10.100000000000001,2,2,3,1,3,3
0,0,1,0,1,0,0,0,17,10,1,28,1,11,9.65,5,3,0,3,2,2
0,0,1,0,0,1,1,0,14,11,1,26,2,11,8.850000000000001,2,3,0,4,0,0
1,1,0,1,0,1,0,0,16,11,2,29,2,12,9.850000000000001,6,1,0,1,3,0
1,1,0,1,1,0,0,0,10,6,2,18,1,7,6.050000000000001,3,3,2,2,3,1
1,0,0,1,1,0,1,0,9,8,1,18,1,8,5.95,0,2,2,3,3,4
1,1,0,0,1,0,0,0,12,13,2,27,1,14,8.600000000000001,6,2,1,4,3,3
0,1,0,1,1,0,0,0,7,5,1,13,1,6,4.400000000000001,2,0,1,1,2,0
1,1,1,0,1,0,0,0,17,9,3,29,1,10,9.8,0,0,0,1,3,4
0,0,1,0,1,0,0,0,14,8,1,23,1,9,7.950000000000001,0,0,1,4,3,4
0,0,1,0,1,0,1,0,11,7,1,19,1,7,6.500000000000001,1,4,2,0,3,0
0,0,0,1,1,0,0,0,22,12,0,34,1,13,11.950000000000001,5,4,3,4,1,4
0,1,0,0,1,1,1,0,16,5,1,22,2,5,8.15,5,4,3,0,2,3
0,0,1,1,0,1,1,0,21,9,1,31,2,9,11.15,2,0,1,1,3,3
0,0,0,1,1,0,1,0,6,13,0,19,1,13,5.800000000000001,2,4,3,1,3,4
1,1,0,0,1,1,1,0,14,11,2,27,2,11,9.050000000000002,1,3,3,2,0,0
1,1,1,1,0,0,1,0,11,7,3,21,1,7,6.9,6,3,0,4,2,3
1,1,1,0,0,0,0,0,15,9,3,27,1,10,9.0,1,0,2,1,2,2
1,0,1,1,1,1,0,0,21,14,2,37,2,15,12.600000000000001,0,1,0,1,3,2
1,1,0,1,1,0,0,0,13,7,2,22,1,8,7.500000000000001,6,3,1,2,3,1
0,1,0,0,0,1,0,0,8,13,1,22,2,14,6.95,0,3,1,1,1,1
1,0,1,0,0,1,0,0,17,14,2,33,2,15,11.000000000000002,5,2,2,4,2,0
0,0,1,0,1,1,1,0,10,10,1,21,2,10,7.0,0,3,3,2,3,2
1,0,0,1,0,0,0,0,22,12,1,35,1,13,12.15,2,3,2,1,0,3
0,0,0,0,0,1,0,0,17,11,0,28,2,12,9.850000000000001,0,2,2,2,2,3
0,1,1,1,1,1,0,0,7,6,2,15,2,7,5.000000000000001,6,3,3,4,3,0
0,1,1,0,1,0,1,0,12,6,2,20,1,6,6.850000000000001,5,0,0,0,3,0
0,1,1,1,1,1,1,0,14,5,2,21,2,5,7.550000000000001,5,3,1,2,3,1
1,1,1,0,1,1,1,0,17,13,3,33,2,13,10.950000000000001,5,2,2,1,3,2
0,0,0,1,1,0,1,0,16,12,0,28,1,12,9.55,6,3,3,4,3,3
1,0,1,0,1,1,1,0,17,4,2,23,2,4,8.500000000000002,3,3,3,1,3,3
1,0,0,1,0,0,0,0,18,7,1,26,1,8,9.299999999999999,6,3,2,2,0,0
1,0,0,0,0,0,1,0,11,11,1,23,1,11,7.500000000000001,6,4,0,1,3,2
0,1,0,1,0,1,0,0,19,10,1,30,2,11,10.600000000000001,3,3,1,1,0,1
1,0,0,0,0,0,0,0,13,8,1,22,1,9,7.550000000000001,4,2,0,4,1,2
1,0,1,1,0,1,0,0,13,5,2,20,2,6,7.15,6,2,0,4,0,3
0,1,0,0,0,0,0,0,17,9,1,27,1,10,9.4,2,0,2,2,3,1
1,1,1,0,1,0,0,0,9,9,3,21,1,10,6.6,0,3,2,0,3,4
0,0,1,1,0,0,1,0,11,15,1,27,1,15,8.5,0,3,2,4,1,0
1,1,0,0,1,0,1,0,17,6,2,25,1,6,8.850000000000001,3,2,1,1,3,0
0,0,1,1,0,1,1,0,16,9,1,26,2,9,9.15,3,3,3,4,3,4
0,1,0,0,0,0,0,0,6,9,1,16,1,10,5.000000000000001,2,3,0,4,2,0
1,1,0,1,0,0,1,0,12,6,2,20,1,6,6.850000000000001,5,3,2,4,3,2
0,0,0,1,0,0,1,0,14,10,0,24,1,10,8.250000000000002,3,2,0,0,3,2
0,0,1,1,1,1,1,0,14,10,1,25,2,10,8.600000000000001,3,3,0,2,3,1
1,0,0,0,0,0,0,0,18,4,1,23,1,5,8.549999999999999,5,0,2,4,3,0
0,0,0,0,1,1,0,0,11,8,0,19,2,9,6.7,2,0,0,3,2,1
0,1,1,0,0,1,0,0,2,10,2,14,2,11,3.9999999999999996,5,3,3,1,2,4
1,0,1,0,1,0,1,0,11,9,2,22,1,9,7.200000000000001,5,2,1,1,2,3
1,0,1,1,0,1,0,0,9,12,2,23,2,13,7.3,6,3,0,2,3,0
0,0,1,1,1,1,0,0,7,13,1,21,2,14,6.550000000000001,6,3,0,0,1,0
0,1,1,0,0,1,1,0,16,8,2,26,2,8,9.100000000000001,1,2,0,0,1,1
1,0,0,1,1,1,1,0,16,6,1,23,2,6,8.4,1,3,1,1,0,0
1,1,0,0,1,1,1,0,8,5,2,15,2,5,5.15,1,3,2,3,3,4
0,0,1,1,0,0,0,0,5,11,1,17,1,12,5.1000000000000005,5,3,1,0,3,0
0,0,0,1,0,0,0,0,15,11,0,26,1,12,8.9,2,4,1,3,3,3
0,1,0,1,1,1,1,0,16,9,1,26,2,9,9.15,3,1,2,3,3,0
0,1,1,0,1,1,1,0,5,6,2,13,2,6,4.2,3,1,1,4,2,1
1,1,1,0,0,1,1,0,7,11,3,21,2,11,6.45,6,0,3,1,3,4
0,0,1,0,1,1,0,0,20,5,1,26,2,6,9.75,2,0,0,4,3,0
1,0,0,0,0,0,0,0,13,7,1,21,1,8,7.300000000000001,0,1,1,3,2,4
0,1,1,1,0,0,1,0,10,11,2,23,1,11,7.300000000000001,6,0,1,0,3,3
0,0,1,1,0,1,0,0,14,7,1,22,2,8,7.8500000000000005,3,2,1,4,3,4
1,0,0,1,1,1,0,0,10,7,1,18,2,8,6.25,6,3,1,0,0,3
1,0,1,1,0,1,1,0,9,10,2,21,2,10,6.8,2,2,1,4,0,4
1,1,0,1,1,0,1,0,17,6,2,25,1,6,8.850000000000001,1,0,1,0,3,4
1,0,1,0,0,1,0,0,12,9,2,23,2,10,7.750000000000001,2,1,3,4,3,1
1,1,0,0,0,1,1,0,14,12,2,28,2,12,9.300000000000002,5,3,0,0,3,4
1,1,0,0,0,1,0,0,8,5,2,15,2,6,5.15,5,1,2,4,3,3
1,0,1,0,0,1,0,0,11,13,2,26,2,14,8.350000000000001,6,3,1,0,3,3
1,1,1,0,0,0,0,0,12,11,3,26,1,12,8.3,0,3,2,4,1,3
0,0,1,1,1,0,1,0,16,13,1,30,1,13,10.0,3,4,3,1,3,0
0,1,0,1,1,0,0,0,12,11,1,24,1,12,7.900000000000001,1,2,3,0,3,4
1,1,0,1,0,0,0,0,22,4,2,28,1,5,10.350000000000001,3,3,1,1,2,4
1,1,0,0,1,1,0,0,17,10,2,29,2,11,10.000000000000002,5,3,2,4,0,4
1,0,1,0,0,1,1,0,16,11,2,29,2,11,9.850000000000001,2,0,3,1,3,1
1,1,0,0,1,0,1,0,9,6,2,17,1,6,5.65,5,3,3,1,2,4
1,1,1,0,1,1,0,0,16,7,3,26,2,8,9.05,2,2,1,1,2,0
0,1,0,0,0,1,0,0,10,8,1,19,2,9,6.5,2,3,3,1,0,0
0,0,1,1,1,0,1,0,15,5,1,21,1,5,7.6000000000000005,0,1,0,4,3,3
1,0,1,0,1,0,1,0,10,10,2,22,1,10,7.050000000000001,6,3,3,2,1,1
0,0,1,0,1,0,1,0,21,8,1,30,1,8,10.75,1,2,1,4,2,0
1,1,1,0,0,0,1,0,13,9,3,25,1,9,8.200000000000001,0,0,2,0,3,1
1,1,1,1,1,0,0,0,13,6,3,22,1,7,7.450000000000001,2,1,1,1,2,0
1,0,0,1,0,0,1,0,8,5,1,14,1,5,4.800000000000001,0,2,2,4,0,1
0,1,1,1,0,0,0,0,16,11,2,29,1,12,9.700000000000001,0,0,2,0,3,4
1,1,1,1,1,0,0,0,9,11,3,23,1,12,7.1,1,3,2,3,2,1
1,1,1,0,1,0,0,0,12,6,3,21,1,7,7.050000000000001,2,1,0,4,3,4
0,0,1,1,0,0,1,0,17,13,1,31,1,13,10.4,5,0,2,4,3,3
1,1,0,1,1,1,0,0,14,8,2,24,2,9,8.3,2,3,0,0,3,4
1,0,1,0,1,1,0,0,9,12,2,23,2,13,7.3,3,3,0,4,3,3
0,1,0,0,0,1,1,0,15,12,1,28,2,12,9.5,6,3,3,0,3,1
0,1,1,0,1,0,0,0,11,11,2,24,1,12,7.700000000000001,3,1,0,0,1,0
1,1,1,0,0,1,1,0,13,11,3,27,2,11,8.850000000000001,5,2,3,0,0,0
1,1,1,1,1,0,0,0,7,13,3,23,1,14,6.800000000000001,6,0,3,1,3,0
1,0,0,1,1,0,0,0,11,15,1,27,1,16,8.5,2,1,3,0,3,0
1,1,1,1,1,0,1,0,4,9,3,16,1,9,4.6000000000000005,2,3,3,2,2,3
0,1,1,1,1,0,0,0,17,10,2,29,1,11,9.850000000000001,3,2,1,4,3,0
0,0,1,0,0,0,1,0,16,8,1,25,1,8,8.75,5,3,2,1,3,4
0,1,0,1,0,1,0,0,7,7,1,15,2,8,5.050000000000001,0,3,3,1,1,3
0,1,1,0,0,1,1,0,18,13,2,33,2,13,11.15,3,3,3,4,3,3
0,0,1,1,0,0,1,0,20,4,1,25,1,4,9.35,2,3,1,4,0,2
1,0,1,0,0,0,0,0,16,11,2,29,1,12,9.700000000000001,3,4,3,1,1,3
1,0,1,0,1,0,1,0,15,12,2,29,1,12,9.55,1,0,2,4,0,2
0,0,0,1,0,0,1,0,7,10,0,17,1,10,5.450000000000001,3,1,0,4,3,0
0,1,1,1,0,0,0,0,16,8,2,26,1,9,8.950000000000001,0,2,0,0,2,4
0,0,1,0,0,0,0,0,11,10,1,22,1,11,7.250000000000001,1,3,0,4,1,3
0,0,1,1,0,0,0,0,15,12,1,28,1,13,9.35,5,3,3,2,2,2
1,1,1,0,1,0,1,0,10,5,3,18,1,5,6.0,1,2,2,4,3,1
0,0,1,0,0,0,1,0,14,8,1,23,1,8,7.950000000000001,5,0,2,1,0,4
0,0,1,1,0,1,1,0,15,8,1,24,2,8,8.5,1,3,0,1,3,1
1,0,0,1,1,0,0,0,10,7,1,18,1,8,6.1000000000000005,3,3,0,0,3,1
0,1,1,0,0,1,0,0,7,13,2,22,2,14,6.750000000000001,0,3,0,4,3,0
0,1,0,0,1,1,1,0,10,4,1,15,2,4,5.5,0,3,1,1,1,1
0,0,0,1,1,1,1,0,9,12,0,21,2,12,6.8999999999999995,6,4,0,3,1,3
1,1,1,0,1,1,0,0,17,15,3,35,2,16,11.450000000000001,0,3,3,1,3,3
1,1,0,1,1,1,1,0,11,5,2,18,2,5,6.3500000000000005,0,3,1,4,3,1
0,1,1,0,1,0,0,0,14,11,2,27,1,12,8.900000000000002,6,3,0,0,3,4
0,0,0,1,0,0,0,0,9,5,0,14,1,6,5.0,5,3,0,1,1,0
0,0,0,0,1,1,0,0,11,11,0,22,2,12,7.45,6,2,3,0,1,4
1,1,1,1,0,1,0,0,16,11,3,30,2,12,10.05,3,1,0,0,3,2
1,0,1,1,0,0,1,0,9,9,2,20,1,9,6.4,3,3,3,4,0,0
0,0,1,0,1,0,0,0,14,11,1,26,1,12,8.700000000000001,3,3,1,0,3,0
1,0,1,0,1,1,0,0,16,13,2,31,2,14,10.350000000000001,3,3,2,1,3,3
0,0,0,0,0,1,0,0,4,10,0,14,2,11,4.3999999999999995,2,4,2,1,3,1
0,0,0,0,1,1,1,0,12,4,0,16,2,4,6.1000000000000005,1,3,1,4,3,2
1,1,0,1,1,1,0,0,10,12,2,24,2,13,7.7,5,3,2,2,1,0
1,1,0,1,1,0,1,0,14,10,2,26,1,10,8.650000000000002,0,3,3,2,0,3
1,1,0,1,1,1,1,0,7,8,2,17,2,8,5.500000000000001,6,3,1,1,3,1
1,0,0,1,0,1,0,0,13,15,1,29,2,16,9.45,1,3,1,4,0,0
0,1,1,1,0,1,0,0,10,6,2,18,2,7,6.2,0,4,3,1,2,1
1,0,1,0,1,1,1,0,15,11,2,28,2,11,9.450000000000001,1,1,1,4,3,4
1,0,1,0,1,1,0,0,15,6,2,23,2,7,8.200000000000001,2,2,0,1,3,4
0,0,0,1,1,0,1,0,7,13,0,20,1,13,6.200000000000001,5,2,1,4,3,0
1,0,1,1,1,0,0,0,8,9,2,19,1,10,6.000000000000001,0,3,3,1,3,3
1,1,1,0,1,1,1,0,13,6,3,22,2,6,7.6000000000000005,5,3,1,0,2,4
1,0,0,1,0,0,1,0,14,14,1,29,1,14,9.450000000000001,5,4,3,2,0,1
0,0,0,0,0,0,1,0,5,6,0,11,1,6,3.65,3,0,1,0,0,0
1,0,1,1,0,0,0,0,14,7,2,23,1,8,7.900000000000001,0,1,3,2,3,3
1,0,0,0,0,1,0,0,11,7,1,19,2,8,6.65,6,4,2,4,3,0
1,1,1,0,0,0,0,0,12,8,3,23,1,9,7.550000000000001,3,0,3,0,3,0
0,0,1,1,0,0,1,0,7,8,1,16,1,8,5.150000000000001,2,2,2,1,1,4
0,1,0,0,1,0,0,0,8,7,1,16,1,8,5.300000000000001,5,3,2,0,3,4
0,1,1,0,1,1,0,0,20,12,2,34,2,13,11.700000000000001,3,4,2,3,1,4
1,1,0,0,0,0,1,0,5,11,2,18,1,11,5.300000000000001,2,3,1,4,0,2
0,1,1,0,1,1,1,0,9,12,2,23,2,12,7.3,1,3,1,0,0,4
0,0,0,1,0,0,1,0,15,13,0,28,1,13,9.4,3,4,0,1,0,1
0,0,0,0,1,1,1,0,14,13,0,27,2,13,9.150000000000002,0,0,2,0,3,1
1,0,1,1,0,0,0,0,8,13,2,23,1,14,7.000000000000001,1,4,2,4,3,0
1,1,0,1,0,1,1,0,17,10,2,29,2,10,10.000000000000002,1,0,2,4,0,0
0,0,1,1,0,0,1,0,6,7,1,14,1,7,4.500000000000001,2,1,1,2,2,4
0,0,0,1,0,1,0,0,6,14,0,20,2,15,6.2,1,4,0,4,3,2
1,0,0,0,0,0,0,0,17,6,1,24,1,7,8.65,2,3,0,4,2,4
1,0,0,1,0,1,0,0,11,4,1,16,2,5,5.9,5,1,1,2,1,1
1,1,0,0,1,0,1,0,14,9,2,25,1,9,8.4,6,3,0,1,1,1
0,0,1,0,1,1,0,0,11,5,1,17,2,6,6.15,5,2,0,1,3,0
1,1,1,1,1,0,0,0,12,10,3,25,1,11,8.05,5,2,3,1,1,4
0,0,0,0,0,1,0,0,21,10,0,31,2,11,11.200000000000001,5,2,1,2,1,1
0,0,0,0,1,0,1,0,17,5,0,22,1,5,8.200000000000001,2,3,3,4,3,1
0,0,0,1,0,0,1,0,12,11,0,23,1,11,7.700000000000001,3,1,2,4,0,4
1,0,1,0,1,0,1,0,8,8,2,18,1,8,5.750000000000001,5,4,1,4,2,4
1,1,1,1,0,0,1,0,12,4,3,19,1,4,6.550000000000001,1,4,0,0,0,0
0,0,1,1,0,0,0,0,7,10,1,18,1,11,5.650000000000001,1,2,1,2,3,0
0,0,1,1,1,1,1,0,6,7,1,14,2,7,4.65,1,3,0,2,0,3
1,1,0,1,0,1,1,0,12,9,2,23,2,9,7.750000000000001,2,0,2,0,3,2
1,1,1,0,0,1,1,0,4,11,3,18,2,11,5.249999999999999,6,0,3,2,0,0
1,1,0,0,1,0,1,0,14,12,2,28,1,12,9.150000000000002,1,3,3,4,3,2
0,1,0,1,0,0,0,0,16,6,1,23,1,7,8.25,1,3,0,0,2,2
1,0,0,1,1,1,0,0,13,9,1,23,2,10,7.95,3,3,2,4,2,0
0,0,1,0,1,0,1,0,7,13,1,21,1,13,6.400000000000001,2,2,1,2,2,3
1,1,1,0,0,0,0,0,7,9,3,19,1,10,5.800000000000001,0,4,2,0,0,0
0,1,0,0,0,0,1,0,10,11,1,22,1,11,7.1000000000000005,0,1,2,1,3,1
1,1,0,1,1,0,1,0,20,8,2,30,1,8,10.55,1,3,2,0,1,4
1,0,1,1,0,0,0,0,10,8,2,20,1,9,6.550000000000001,1,1,0,0,3,3
1,0,0,1,1,0,1,0,10,7,1,18,1,7,6.1000000000000005,5,3,2,1,3,3
0,1,1,0,0,1,1,0,14,5,2,21,2,5,7.550000000000001,1,3,3,4,2,2
1,0,0,1,1,0,0,0,8,4,1,13,1,5,4.550000000000001,3,1,1,0,3,4
0,0,0,1,0,1,0,0,5,5,0,10,2,6,3.55,1,3,1,4,3,4
0,0,1,0,0,0,1,0,20,13,1,34,1,13,11.6,4,3,1,0,0,1
0,0,1,0,0,0,1,0,9,14,1,24,1,14,7.45,3,3,2,0,2,3
0,1,1,0,1,1,0,0,13,9,2,24,2,10,8.15,6,3,1,2,3,3
1,1,0,1,1,0,0,0,15,6,2,23,1,7,8.05,0,2,0,0,3,4
0,1,0,1,0,1,0,0,11,10,1,22,2,11,7.4,3,1,1,4,2,0
1,1,1,0,0,1,1,0,13,11,3,27,2,11,8.850000000000001,4,0,1,0,0,3
1,0,1,0,0,0,1,0,18,11,2,31,1,11,10.5,4,3,3,1,3,4
0,0,0,0,0,0,1,0,21,8,0,29,1,8,10.55,5,3,2,1,1,4
0,1,1,1,0,0,0,0,9,12,2,23,1,13,7.15,2,3,0,4,1,2
1,0,0,1,1,1,0,0,13,10,1,24,2,11,8.200000000000001,3,0,0,0,2,3
1,1,0,0,1,0,0,0,7,9,2,18,1,10,5.600000000000001,1,4,1,4,3,2
1,1,1,0,0,1,0,0,19,9,3,31,2,10,10.750000000000002,3,3,1,4,2,2
0,0,1,1,0,1,0,0,17,10,1,28,2,11,9.8,0,0,0,3,0,0
1,0,1,1,1,1,1,0,20,14,2,36,2,14,12.200000000000001,6,2,2,1,1,0
0,1,0,1,1,1,1,0,10,13,1,24,2,13,7.75,4,3,1,1,3,3
1,1,0,1,0,0,1,0,17,4,2,23,1,4,8.350000000000001,6,3,3,0,0,2
0,1,0,0,1,0,0,0,11,8,1,20,1,9,6.750000000000001,5,0,1,4,2,3
1,0,0,0,0,0,0,0,21,11,1,33,1,12,11.5,1,3,1,1,1,3
1,0,0,0,0,0,0,0,11,4,1,16,1,5,5.750000000000001,1,1,0,3,1,1
0,0,1,1,1,0,0,0,8,7,1,16,1,8,5.300000000000001,5,3,2,4,3,3
1,0,0,1,1,1,0,0,17,11,1,29,2,12,10.05,0,0,0,1,3,3
1,1,0,1,1,0,1,0,16,6,2,24,1,6,8.450000000000001,3,4,3,1,3,0
0,0,1,1,1,0,1,0,14,13,1,28,1,13,9.200000000000001,5,0,1,4,3,0
1,0,1,0,1,1,0,0,6,10,2,18,2,11,5.6000000000000005,6,0,0,4,2,1
0,1,1,1,1,1,1,0,7,12,2,21,2,12,6.500000000000001,1,2,3,2,2,0
1,1,0,0,0,0,1,0,10,7,2,19,1,7,6.300000000000001,6,2,2,1,3,1
0,1,1,1,0,0,0,0,8,9,2,19,1,10,6.000000000000001,3,3,3,1,3,3
0,1,1,0,1,1,1,0,14,11,2,27,2,11,9.050000000000002,0,2,0,4,1,3
0,1,1,1,1,1,0,0,20,9,2,31,2,10,10.950000000000001,2,1,0,4,0,1
1,1,1,0,0,1,0,0,10,12,3,25,2,13,7.8999999999999995,1,1,1,4,3,0
1,0,0,1,1,1,0,0,13,9,1,23,2,10,7.95,2,2,0,4,3,4
1,1,0,1,0,1,0,0,9,14,2,25,2,15,7.8,3,0,0,4,3,0
0,0,0,0,1,1,1,0,14,7,0,21,2,7,7.65,3,1,1,4,3,4
1,0,1,0,0,1,1,0,8,11,2,21,2,11,6.65,4,3,2,1,3,1
0,1,0,1,1,1,1,0,11,5,1,17,2,5,6.15,2,2,2,1,0,2
0,1,1,0,0,0,0,0,15,13,2,30,1,14,9.8,6,3,0,2,3,0
1,1,1,0,0,1,1,0,11,10,3,24,2,10,7.8,5,2,0,0,0,3
0,0,1,0,0,0,1,0,19,5,1,25,1,5,9.200000000000001,0,2,0,0,3,0
0,1,1,1,0,0,0,0,16,13,2,31,1,14,10.200000000000001,6,1,3,0,2,2
0,0,1,0,1,0,1,0,11,9,1,21,1,9,7.000000000000001,5,3,0,4,3,1
0,0,1,0,0,1,0,0,13,10,1,24,2,11,8.200000000000001,5,3,2,0,1,1
1,1,0,0,1,1,0,0,17,6,2,25,2,7,9.000000000000002,0,3,0,1,3,4
0,0,1,1,1,1,1,0,13,5,1,19,2,5,6.95,6,3,1,3,3,3
0,1,0,1,0,1,0,0,22,13,1,36,2,14,12.55,1,0,3,1,0,3
0,0,1,1,0,1,0,0,12,11,1,24,2,12,8.05,0,2,1,3,3,0
0,1,1,0,1,1,0,0,8,8,2,18,2,9,5.9,5,4,2,1,2,1
1,0,1,1,1,0,0,0,12,11,2,25,1,12,8.100000000000001,3,2,3,4,3,1
1,0,1,1,0,0,0,0,16,9,2,27,1,10,9.200000000000001,1,3,0,1,0,0
0,0,1,0,0,1,0,0,14,9,1,24,2,10,8.350000000000001,1,4,1,2,1,0
1,1,1,1,0,1,1,0,12,13,3,28,2,13,8.950000000000001,4,3,1,1,0,4
1,1,0,1,1,0,1,0,9,11,2,22,1,11,6.9,3,4,3,1,3,2
0,1,1,0,1,0,0,0,14,9,2,25,1,10,8.4,1,4,3,0,3,1
1,0,0,1,0,1,0,0,11,12,1,24,2,13,7.9,5,4,0,3,1,1
0,0,0,1,1,0,0,0,11,10,0,21,1,11,7.050000000000001,3,3,3,1,3,3
1,0,1,1,0,1,1,0,9,12,2,23,2,12,7.3,2,3,0,3,0,0
0,1,0,1,0,1,1,0,16,8,1,25,2,8,8.9,5,1,1,2,3,1
0,0,0,1,0,0,1,0,9,11,0,20,1,11,6.5,3,3,0,4,3,0
1,1,1,1,0,0,1,0,15,13,3,31,1,13,10.0,6,2,0,4,1,0
0,1,1,1,1,1,0,0,5,6,2,13,2,7,4.2,2,3,0,1,0,0
0,1,0,1,1,0,0,0,16,7,1,24,1,8,8.5,3,0,2,2,0,1
1,0,1,0,0,0,1,0,11,12,2,25,1,12,7.950000000000001,4,3,0,0,3,4
0,0,0,1,0,0,1,0,12,8,0,20,1,8,6.950000000000001,6,1,0,4,3,0
0,1,0,0,0,1,0,0,10,9,1,20,2,10,6.75,1,0,0,1,2,4
0,0,0,1,0,0,0,0,14,5,0,19,1,6,7.000000000000001,0,3,1,4,3,1
1,0,1,0,0,1,0,0,23,9,2,34,2,10,12.150000000000002,3,1,2,1,0,0
1,1,1,1,1,0,1,0,18,15,3,36,1,15,11.7,0,3,1,1,2,3
1,1,0,0,1,0,1,0,9,6,2,17,1,6,5.65,2,1,0,1,0,3
0,1,0,0,0,0,1,0,11,4,1,16,1,4,5.750000000000001,0,3,3,4,0,1
0,1,0,1,1,0,0,0,9,7,1,17,1,8,5.7,3,3,3,3,3,0
1,0,0,1,0,0,1,0,11,14,1,26,1,14,8.25,1,4,0,4,0,1
0,0,0,1,1,0,1,0,12,10,0,22,1,10,7.450000000000001,0,3,3,0,2,0
0,1,1,0,0,1,1,0,16,7,2,25,2,7,8.850000000000001,2,0,1,3,0,4
0,1,1,0,0,1,1,0,13,13,2,28,2,13,9.15,1,2,0,3,2,0
0,1,0,0,0,1,1,0,16,6,1,23,2,6,8.4,0,3,0,0,1,0
0,1,1,1,1,0,0,0,19,14,2,35,1,15,11.650000000000002,0,3,1,1,3,1
1,1,1,0,1,0,0,0,14,6,3,23,1,7,7.850000000000001,1,4,3,2,3,3
0,1,1,1,1,0,1,0,14,7,2,23,1,7,7.900000000000001,6,3,1,3,3,0
0,1,0,1,1,1,1,0,16,13,1,30,2,13,10.15,3,2,1,2,3,4
0,0,1,1,1,0,1,0,15,11,1,27,1,11,9.1,6,2,3,0,3,3
1,1,1,0,1,0,0,0,13,13,3,29,1,14,9.2,4,3,3,4,3,1
1,1,1,1,1,1,0,0,4,9,3,16,2,10,4.75,3,1,1,1,3,1
0,0,0,1,1,1,0,0,11,10,0,21,2,11,7.2,0,0,1,2,2,3
1,1,0,0,0,0,1,0,11,14,2,27,1,14,8.450000000000001,3,3,2,4,1,0
0,0,0,1,0,1,1,0,10,13,0,23,2,13,7.55,0,3,3,2,3,0
1,1,0,1,0,1,0,0,11,13,2,26,2,14,8.350000000000001,2,2,2,0,3,0
1,0,0,1,0,0,1,0,15,10,1,26,1,10,8.85,0,1,1,1,3,1
1,0,1,0,0,0,1,0,10,7,2,19,1,7,6.300000000000001,1,2,3,1,3,1
1,0,1,1,1,0,1,0,11,7,2,20,1,7,6.700000000000001,5,2,0,4,0,0
0,1,0,0,1,0,1,0,17,6,1,24,1,6,8.65,0,3,3,4,1,1
1,0,0,0,1,0,1,0,12,7,1,20,1,7,6.900000000000001,3,3,2,1,3,1
1,1,0,1,0,0,1,0,12,8,2,22,1,8,7.350000000000001,0,2,0,4,0,0
1,1,1,0,1,0,0,0,13,7,3,23,1,8,7.700000000000001,1,0,1,4,0,4
0,0,0,1,0,1,1,0,5,10,0,15,2,10,4.8,0,3,0,1,0,0
0,1,1,0,1,1,1,0,13,14,2,29,2,14,9.4,1,0,1,3,1,0
1,1,1,0,1,1,1,0,14,6,3,23,2,6,8.000000000000002,3,3,2,0,1,1
1,0,1,1,1,0,0,0,15,12,2,29,1,13,9.55,2,2,2,1,2,0
0,1,1,1,1,1,0,0,12,8,2,22,2,9,7.500000000000001,0,3,1,1,0,1
1,1,1,0,1,1,1,0,14,6,3,23,2,6,8.000000000000002,2,2,3,0,1,4
0,1,0,0,1,1,1,0,17,7,1,25,2,7,9.05,3,4,2,0,3,1
0,0,1,1,0,1,0,0,17,3,1,21,2,4,8.05,2,3,1,4,2,2
1,1,0,1,1,0,1,0,17,7,2,26,1,7,9.100000000000001,0,2,2,1,0,1
1,0,1,1,1,0,0,0,15,8,2,25,1,9,8.55,6,0,0,4,1,2
1,1,0,0,0,1,0,0,18,6,2,26,2,7,9.4,0,2,1,4,2,1
1,0,0,0,1,1,0,0,15,8,1,24,2,9,8.5,0,4,3,4,3,4
1,1,1,1,1,0,1,0,10,13,3,26,1,13,8.0,1,0,0,1,1,1
1,1,1,0,1,0,1,0,18,8,3,29,1,8,9.95,2,3,3,1,1,4
0,1,0,1,0,1,0,0,12,10,1,23,2,11,7.800000000000001,6,2,3,4,2,0
1,1,0,0,0,1,1,0,21,9,2,32,2,9,11.350000000000001,1,3,1,0,2,4
1,1,0,0,1,0,1,0,15,10,2,27,1,10,9.05,6,3,0,2,3,0
0,0,1,0,0,1,0,0,6,4,1,11,2,5,3.9000000000000004,5,3,0,0,0,3
1,0,1,1,1,0,1,0,6,6,2,14,1,6,4.450000000000001,1,3,3,1,3,1
1,1,1,1,1,0,0,0,14,8,3,25,1,9,8.350000000000001,0,3,0,2,1,3
0,0,1,1,0,1,0,0,9,12,1,22,2,13,7.1,3,3,3,1,2,3
0,1,0,1,0,0,1,0,15,11,1,27,1,11,9.1,2,2,3,1,1,3
0,0,1,0,0,0,1,0,17,6,1,24,1,6,8.65,3,2,1,4,3,3
0,0,1,1,0,0,1,0,16,9,1,26,1,9,9.0,0,3,3,2,3,3
1,1,1,1,0,0,1,0,12,3,3,18,1,3,6.300000000000001,1,3,1,1,1,2
1,1,0,1,0,0,0,0,7,7,2,16,1,8,5.100000000000001,3,3,3,4,1,1
1,0,1,0,0,0,1,0,11,7,2,20,1,7,6.700000000000001,0,1,2,1,3,2
0,1,0,0,1,0,1,0,14,12,1,27,1,12,8.950000000000001,6,3,0,0,2,3
1,1,1,1,0,0,0,0,8,5,3,16,1,6,5.200000000000001,5,1,1,3,3,2
0,0,1,0,1,1,1,0,7,9,1,17,2,9,5.550000000000001,0,3,0,0,2,2
0,0,1,0,1,1,1,0,13,4,1,18,2,4,6.7,2,4,3,4,3,0
1,1,0,1,0,0,1,0,14,8,2,24,1,8,8.15,3,1,0,3,3,0
0,1,1,1,1,0,1,0,8,6,2,16,1,6,5.250000000000001,6,3,3,4,3,0
1,1,1,1,0,0,1,0,19,7,3,29,1,7,10.100000000000001,1,3,2,0,0,3
0,1,1,1,0,1,1,0,7,13,2,22,2,13,6.750000000000001,1,0,2,4,3,1
0,0,1,0,0,1,1,0,16,6,1,23,2,6,8.4,3,0,0,4,0,0
0,0,1,1,1,0,1,0,11,10,1,22,1,10,7.250000000000001,3,3,0,1,3,4
1,0,1,0,0,0,1,0,9,11,2,22,1,11,6.9,6,4,2,2,3,0
0,1,0,1,0,1,0,0,22,8,1,31,2,9,11.3,3,3,0,1,3,1
0,0,0,0,0,0,1,0,16,11,0,27,1,11,9.3,5,3,0,4,3,4
1,1,0,0,1,0,0,0,12,13,2,27,1,14,8.600000000000001,3,3,1,0,3,4
1,0,1,1,0,0,1,0,16,11,2,29,1,11,9.700000000000001,2,3,1,2,1,0
0,1,0,0,1,1,1,0,12,12,1,25,2,12,8.3,5,3,3,0,3,1
0,0,0,0,0,0,1,0,15,8,0,23,1,8,8.15,1,4,0,4,3,2
1,0,0,1,0,1,1,0,9,10,1,20,2,10,6.6,1,1,3,4,3,3
1,1,0,0,0,1,0,0,18,13,2,33,2,14,11.15,3,3,3,1,3,1
1,1,0,1,0,1,0,0,19,10,2,31,2,11,10.800000000000002,4,3,3,4,3,0
1,1,0,0,1,0,0,2,21,10,2,33,1,11,11.450000000000001,3,3,3,1,3,4
1,0,0,1,1,0,1,2,17,4,1,22,1,4,8.15,3,3,3,1,2,3
0,0,0,1,0,1,0,2,7,5,0,12,2,6,4.3500000000000005,2,2,0,0,2,1
0,1,0,0,0,0,0,2,12,11,1,24,1,12,7.900000000000001,3,3,1,1,0,0
0,0,1,0,1,1,1,2,12,9,1,22,2,9,7.550000000000001,2,2,1,0,3,4
0,0,1,1,0,0,0,2,12,8,1,21,1,9,7.150000000000001,1,3,0,4,1,0
1,1,0,1,0,1,1,2,14,10,2,26,2,10,8.800000000000002,0,1,2,4,3,1
1,0,0,0,1,0,0,2,20,12,1,33,1,13,11.35,2,3,0,1,3,0
1,0,1,1,0,0,1,2,18,12,2,32,1,12,10.75,1,3,2,4,3,3
0,1,1,0,0,0,0,2,14,5,2,21,1,6,7.400000000000001,0,2,1,0,0,3
0,1,1,1,0,1,0,2,19,6,2,27,2,7,9.800000000000002,6,2,2,0,0,0
1,0,0,0,0,0,1,2,12,11,1,24,1,11,7.900000000000001,5,2,0,3,3,1
0,1,1,1,1,1,1,2,11,12,2,25,2,12,8.100000000000001,5,3,2,1,2,3
0,0,0,1,0,0,0,2,15,13,0,28,1,14,9.4,2,4,3,1,1,3
0,1,0,0,0,1,1,2,16,12,1,29,2,12,9.9,3,2,1,4,3,2
1,1,0,1,1,1,0,2,16,6,2,24,2,7,8.600000000000001,1,3,1,0,3,2
0,0,0,1,0,0,1,2,22,9,0,31,1,9,11.200000000000001,0,2,3,0,3,1
1,0,0,0,0,1,1,2,17,14,1,32,2,14,10.8,1,1,3,1,3,4
0,0,0,0,1,1,1,2,12,11,0,23,2,11,7.8500000000000005,3,3,1,2,2,1
1,1,1,0,1,0,0,2,12,7,3,22,1,8,7.300000000000001,1,4,2,0,3,3
0,0,1,0,0,0,1,2,3,12,1,16,1,12,4.550000000000001,0,3,3,4,3,2
1,0,1,0,0,0,0,2,17,3,2,22,1,4,8.100000000000001,3,3,1,4,2,0
0,1,1,1,0,1,1,2,18,8,2,28,2,8,9.9,6,1,1,1,3,1
0,0,1,0,1,1,0,2,18,5,1,24,2,6,8.95,1,1,3,4,3,0
1,1,0,1,1,0,1,2,19,6,2,27,1,6,9.650000000000002,0,4,1,3,3,3
0,1,1,1,0,1,1,2,20,14,2,36,2,14,12.200000000000001,1,0,3,0,3,4
1,1,0,1,1,0,1,2,13,15,2,30,1,15,9.5,2,4,3,1,0,4
0,0,1,1,1,0,1,2,8,9,1,18,1,9,5.800000000000001,6,3,2,3,2,4
1,0,1,1,1,1,0,2,16,9,2,27,2,10,9.350000000000001,3,4,2,1,3,4
1,0,0,1,1,1,0,2,10,7,1,18,2,8,6.25,2,0,0,1,2,3
0,0,0,0,0,1,0,2,12,7,0,19,2,8,6.8500000000000005,5,3,1,1,1,0
0,0,1,0,0,1,1,2,21,9,1,31,2,9,11.15,1,3,3,4,0,0
0,0,1,1,1,0,1,2,14,5,1,20,1,5,7.200000000000001,3,4,0,1,3,3
1,1,1,1,0,1,1,2,17,6,3,26,2,6,9.200000000000001,3,0,2,4,2,4
0,1,1,1,1,0,0,2,13,13,2,28,1,14,9.0,3,3,0,0,3,3
1,1,0,0,0,0,1,2,10,8,2,20,1,8,6.550000000000001,6,2,3,2,1,1
0,0,0,1,0,0,1,2,12,4,0,16,1,4,5.950000000000001,6,3,0,4,3,1
1,1,0,0,0,1,0,2,21,13,2,36,2,14,12.350000000000001,5,3,3,4,0,4
1,0,0,0,1,1,1,2,16,8,1,25,2,8,8.9,1,2,0,0,0,0
1,0,0,0,1,1,0,2,19,5,1,25,2,6,9.350000000000001,0,1,2,1,3,0
1,0,0,1,1,1,1,2,17,11,1,29,2,11,10.05,1,0,0,2,1,2
0,0,1,1,0,0,0,2,8,13,1,22,1,14,6.800000000000001,1,3,2,3,3,4
1,1,1,1,0,0,0,2,14,6,3,23,1,7,7.850000000000001,5,3,3,3,2,1
0,1,0,0,1,1,1,2,11,5,1,17,2,5,6.15,3,4,0,2,3,1
1,0,1,0,1,1,0,2,12,10,2,24,2,11,8.000000000000002,3,2,2,0,3,4
1,0,1,0,1,1,1,2,16,14,2,32,2,14,10.600000000000001,5,3,0,4,3,1
1,0,0,0,1,0,0,2,18,4,1,23,1,5,8.549999999999999,3,2,0,3,1,2
0,1,0,1,1,1,0,2,9,6,1,16,2,7,5.6,5,3,1,3,2,1
1,1,1,1,0,1,1,2,16,5,3,24,2,5,8.55,6,3,3,1,3,2
0,1,1,0,0,1,1,2,11,5,2,18,2,5,6.3500000000000005,6,0,0,4,3,0
1,1,0,1,0,1,0,2,16,13,2,31,2,14,10.350000000000001,1,0,1,2,3,1
1,1,0,0,0,1,1,2,11,12,2,25,2,12,8.100000000000001,6,1,2,1,0,4
1,0,0,1,1,1,1,2,19,12,1,32,2,12,11.100000000000001,3,2,3,4,3,0
0,1,1,1,0,1,0,2,9,10,2,21,2,11,6.8,2,1,2,0,1,0
0,0,0,1,0,0,0,2,14,5,0,19,1,6,7.000000000000001,1,1,2,0,1,0
1,1,0,1,1,0,1,2,15,5,2,22,1,5,7.800000000000001,5,3,0,1,3,1
1,0,1,0,0,0,0,2,12,7,2,21,1,8,7.100000000000001,3,3,1,3,2,1
1,1,0,1,0,0,1,2,16,4,2,22,1,4,7.950000000000001,2,3,0,1,2,2
0,0,1,0,0,0,1,2,9,6,1,16,1,6,5.45,3,4,3,1,3,4
1,1,0,0,1,1,1,2,12,7,2,21,2,7,7.250000000000001,5,3,1,0,1,3
1,1,0,1,0,1,1,2,15,9,2,26,2,9,8.950000000000001,3,3,0,1,3,4
0,1,0,0,1,1,1,2,16,13,1,30,2,13,10.15,3,2,1,1,3,1
0,0,1,1,0,0,1,2,10,6,1,17,1,6,5.8500000000000005,3,2,2,0,2,4
1,1,0,1,1,0,0,2,22,6,2,30,1,7,10.850000000000001,0,3,3,2,3,1
1,0,1,1,1,1,0,2,15,8,2,25,2,9,8.700000000000001,0,1,2,0,3,4
1,1,0,1,1,0,1,2,7,8,2,17,1,8,5.350000000000001,6,0,2,1,2,0
0,0,0,1,0,1,1,2,15,10,0,25,2,10,8.8,0,3,3,4,3,2
0,1,0,1,0,1,0,2,13,11,1,25,2,12,8.450000000000001,3,2,0,1,3,3
1,0,1,0,0,1,0,2,22,8,2,32,2,9,11.500000000000002,0,3,0,3,3,0
1,1,0,1,0,1,1,2,8,6,2,16,2,6,5.4,5,3,3,2,0,2
0,1,1,0,1,0,0,2,16,12,2,30,1,13,9.950000000000001,2,1,1,0,0,4
1,0,1,0,1,1,0,2,12,4,2,18,2,5,6.500000000000001,6,0,3,3,3,3
0,0,1,0,1,1,1,2,12,8,1,21,2,8,7.300000000000001,0,3,1,3,0,4
1,0,1,0,0,0,0,2,15,4,2,21,1,5,7.550000000000001,6,3,0,4,3,2
0,0,1,1,0,0,1,2,7,14,1,22,1,14,6.650000000000001,6,4,2,1,3,1
1,1,1,0,1,0,1,2,17,13,3,33,1,13,10.8,6,3,1,3,0,4
0,0,1,1,1,0,1,2,8,13,1,22,1,13,6.800000000000001,5,2,3,1,3,2
0,1,0,0,0,0,0,2,9,9,1,19,1,10,6.2,5,4,3,0,1,1
0,0,1,1,1,1,0,2,13,12,1,26,2,13,8.7,0,4,2,3,3,0
1,0,1,1,0,0,0,2,7,7,2,16,1,8,5.100000000000001,0,1,2,4,0,0
0,1,0,0,1,1,0,2,8,10,1,19,2,11,6.2,5,3,1,1,3,1
1,1,1,1,0,0,1,2,16,12,3,31,1,12,10.15,1,4,3,1,1,1
1,0,1,0,0,1,1,2,14,10,2,26,2,10,8.800000000000002,3,3,1,4,2,3
0,0,1,0,1,1,0,2,14,4,1,19,2,5,7.1000000000000005,5,3,1,0,3,4
1,1,1,1,1,1,1,2,12,12,3,27,2,12,8.700000000000001,3,3,1,0,3,1
0,0,1,1,0,1,0,2,11,4,1,16,2,5,5.9,1,1,1,0,3,3
1,1,0,1,1,1,0,2,19,8,2,29,2,9,10.300000000000002,4,3,2,0,3,1
0,0,1,0,1,1,1,2,15,8,1,24,2,8,8.5,6,2,3,3,3,0
1,1,0,1,0,0,1,2,9,7,2,18,1,7,5.9,3,3,2,2,3,4
1,1,1,1,0,1,1,2,14,4,3,21,2,4,7.500000000000001,2,0,0,2,2,4
1,0,1,0,0,0,1,2,23,5,2,30,1,5,11.000000000000002,6,3,0,4,3,0
0,0,0,1,1,0,0,2,15,9,0,24,1,10,8.4,1,3,3,1,2,0
1,0,0,0,0,1,1,2,21,11,1,33,2,11,11.65,5,3,0,1,3,1
0,1,1,0,1,1,0,2,18,6,2,26,2,7,9.4,4,3,0,1,3,4
1,0,0,1,0,1,0,2,10,9,1,20,2,10,6.75,1,0,1,4,1,3
1,0,1,1,0,0,1,2,12,3,2,17,1,3,6.100000000000001,5,2,2,1,1,1
0,1,1,1,1,0,1,2,10,11,2,23,1,11,7.300000000000001,0,3,2,2,3,4
1,0,1,1,0,1,1,2,13,12,2,27,2,12,8.9,3,1,1,4,3,1
0,0,0,1,0,1,0,2,7,13,0,20,2,14,6.3500000000000005,5,3,0,1,1,3
1,0,1,0,1,0,0,2,11,7,2,20,1,8,6.700000000000001,1,3,2,0,1,4
1,1,1,0,1,1,0,2,9,10,3,22,2,11,6.999999999999999,3,3,2,2,3,2
0,0,1,0,0,1,1,2,15,4,1,20,2,4,7.5,0,4,0,1,1,1
1,1,0,1,0,0,1,2,9,7,2,18,1,7,5.9,5,3,2,1,3,0
0,0,0,1,1,0,1,2,16,8,0,24,1,8,8.55,3,4,1,4,1,4
1,0,0,0,0,1,0,2,18,8,1,27,2,9,9.7,5,4,3,4,0,0
1,0,0,0,0,1,0,2,14,4,1,19,2,5,7.1000000000000005,2,3,2,2,3,1
0,1,0,0,1,1,1,2,15,14,1,30,2,14,10.0,2,1,1,2,3,2
0,0,0,0,0,0,1,2,14,6,0,20,1,6,7.250000000000001,2,4,3,0,0,4
1,0,0,1,0,1,0,2,14,6,1,21,2,7,7.6000000000000005,6,0,1,2,3,0
0,1,0,1,1,0,1,2,10,6,1,17,1,6,5.8500000000000005,1,0,2,0,2,0
1,0,1,0,1,0,1,2,14,10,2,26,1,10,8.650000000000002,2,4,1,0,3,3
1,0,0,1,1,1,0,2,16,10,1,27,2,11,9.4,5,3,0,1,1,3
1,0,1,0,1,0,1,2,10,13,2,25,1,13,7.800000000000001,0,3,1,1,1,0
0,1,0,1,0,1,1,2,16,10,1,27,2,10,9.4,3,0,3,2,1,0
1,0,0,0,1,1,1,2,11,13,1,25,2,13,8.15,1,3,2,2,3,3
0,0,0,1,1,0,1,2,14,5,0,19,1,5,7.000000000000001,1,2,0,4,3,0
0,0,1,0,1,1,1,2,7,4,1,12,2,4,4.3,5,3,0,1,1,4
0,1,1,0,1,0,1,2,20,7,2,29,1,7,10.3,3,2,1,4,1,4
1,0,1,0,0,1,0,2,15,8,2,25,2,9,8.700000000000001,0,2,2,1,3,3
1,1,1,0,1,0,0,2,14,6,3,23,1,7,7.850000000000001,3,3,2,1,3,1
0,1,1,0,1,0,1,2,6,9,2,17,1,9,5.200000000000001,6,3,3,4,2,4
1,1,1,0,1,1,1,2,14,9,3,26,2,9,8.750000000000002,1,4,1,2,2,1
0,1,1,0,1,0,1,2,15,7,2,24,1,7,8.3,0,3,0,1,2,1
0,1,1,0,1,0,0,2,19,6,2,27,1,7,9.650000000000002,4,3,3,3,0,0
0,0,1,1,1,1,1,2,4,11,1,16,2,11,4.85,1,3,2,4,1,1
0,0,0,0,0,0,1,2,17,8,0,25,1,8,8.950000000000001,2,4,3,4,3,1
1,1,0,1,0,1,1,2,18,7,2,27,2,7,9.65,5,3,0,0,1,0
1,1,0,0,1,1,1,2,7,6,2,15,2,6,5.000000000000001,3,2,2,1,3,2
1,1,0,1,1,1,0,2,13,11,2,26,2,12,8.65,1,3,3,4,2,3
1,1,1,1,1,1,0,2,16,13,3,32,2,14,10.55,3,4,3,0,3,1
0,0,0,1,1,0,0,2,13,9,0,22,1,10,7.6000000000000005,5,3,0,4,1,0
0,1,0,0,0,1,0,2,10,5,1,16,2,6,5.75,1,3,2,2,3,0
1,1,1,1,0,0,0,2,11,11,3,25,1,12,7.9,2,3,3,4,2,1
0,1,1,0,0,1,1,2,13,11,2,26,2,11,8.65,1,3,2,1,0,1
1,0,0,1,0,1,0,2,10,9,1,20,2,10,6.75,6,3,0,2,3,2
0,1,0,1,1,0,0,2,21,10,1,32,1,11,11.25,1,3,1,3,1,3
1,0,0,0,1,0,1,2,8,7,1,16,1,7,5.300000000000001,1,3,1,0,1,3
0,1,1,1,0,1,0,2,7,10,2,19,2,11,6.000000000000001,3,3,1,4,0,1
0,1,0,1,0,0,0,2,7,11,1,19,1,12,5.900000000000001,6,3,2,0,3,3
0,0,0,0,0,0,1,2,17,9,0,26,1,9,9.200000000000001,3,1,1,0,3,4
0,1,0,0,1,1,1,2,6,10,1,17,2,10,5.4,6,2,1,3,1,4
0,1,0,1,1,0,0,2,9,8,1,18,1,9,5.95,2,0,1,2,0,0
0,0,0,0,1,0,1,2,14,11,0,25,1,11,8.500000000000002,6,0,2,4,3,3
0,0,0,1,1,1,1,2,9,11,0,20,2,11,6.6499999999999995,1,1,2,1,3,2
1,1,1,1,1,1,1,2,8,9,3,20,2,9,6.3500000000000005,0,0,1,1,3,0
0,0,0,0,1,1,1,2,9,7,0,16,2,7,5.6499999999999995,5,3,2,0,2,4
0,1,0,1,1,1,1,2,15,6,1,22,2,6,8.0,5,4,0,1,0,0
1,1,0,1,0,1,1,2,11,5,2,18,2,5,6.3500000000000005,3,3,3,4,3,0
1,0,0,1,1,0,1,2,9,6,1,16,1,6,5.45,3,3,3,4,0,4
0,0,0,0,1,0,1,2,15,13,0,28,1,13,9.4,0,4,1,4,3,4
0,0,0,0,0,0,1,2,7,12,0,19,1,12,5.950000000000001,4,3,3,1,1,1
1,0,1,0,0,0,1,2,12,6,2,20,1,6,6.850000000000001,5,0,2,4,0,0
1,0,1,1,0,0,1,2,13,7,2,22,1,7,7.500000000000001,5,0,0,4,1,1
0,1,0,0,1,0,0,2,22,11,1,34,1,12,11.9,3,3,3,1,3,3
1,0,1,1,0,1,1,2,8,9,2,19,2,9,6.15,0,3,0,4,2,4
1,0,1,0,0,1,1,2,17,9,2,28,2,9,9.750000000000002,5,3,1,1,1,4
1,0,1,0,1,0,0,2,13,7,2,22,1,8,7.500000000000001,3,3,2,0,1,4
0,1,0,0,0,0,1,2,4,10,1,15,1,10,4.45,1,2,3,1,1,1
0,1,0,0,0,1,1,2,10,10,1,21,2,10,7.0,3,4,3,2,0,4
1,1,0,1,0,1,1,2,12,3,2,17,2,3,6.250000000000001,0,4,2,1,3,2
1,1,1,1,0,0,1,2,20,8,3,31,1,8,10.75,1,2,3,4,1,4
0,0,1,1,1,1,1,2,10,9,1,20,2,9,6.75,6,2,2,4,3,4
1,0,1,1,0,1,1,2,16,8,2,26,2,8,9.100000000000001,6,3,3,3,3,0
1,0,1,0,0,1,0,2,18,8,2,28,2,9,9.9,0,2,3,0,3,0
1,1,0,1,1,0,1,2,5,13,2,20,1,13,5.800000000000001,5,3,0,1,2,4
0,0,1,1,0,1,1,2,10,7,1,18,2,7,6.25,5,3,2,3,2,4
0,0,0,1,1,1,0,2,18,6,0,24,2,7,9.0,2,2,3,1,2,3
0,0,0,0,1,1,0,2,11,11,0,22,2,12,7.45,1,3,2,1,3,0
1,1,0,1,0,0,1,2,10,6,2,18,1,6,6.050000000000001,3,3,2,0,0,4
1,0,1,0,1,0,1,2,6,10,2,18,1,10,5.450000000000001,2,2,0,3,2,0
0,1,0,1,0,0,1,2,17,5,1,23,1,5,8.4,6,1,1,2,2,0
0,0,0,1,0,0,0,2,16,10,0,26,1,11,9.05,6,2,3,4,3,1
1,1,1,0,1,1,1,2,11,11,3,25,2,11,8.05,5,1,0,4,3,4
0,1,0,0,1,1,1,2,14,10,1,25,2,10,8.600000000000001,5,2,1,4,3,2
1,0,0,0,1,1,1,2,15,6,1,22,2,6,8.0,1,2,3,1,1,4
1,1,0,0,0,1,0,2,13,8,2,23,2,9,7.9,2,3,2,0,1,4
0,0,0,1,0,0,1,2,8,7,0,15,1,7,5.1000000000000005,2,3,3,1,3,1
0,0,0,0,0,0,0,2,10,10,0,20,1,11,6.65,6,0,0,0,3,0
1,1,1,1,1,0,0,2,14,6,3,23,1,7,7.850000000000001,4,3,0,2,3,2
0,0,0,0,1,0,0,2,16,14,0,30,1,15,10.05,6,3,1,4,3,1
1,1,1,1,1,1,0,2,11,10,3,24,2,11,7.8,3,3,0,1,3,3
0,1,0,1,1,1,0,2,9,7,1,17,2,8,5.85,6,1,3,1,3,2
1,0,1,1,1,0,0,2,17,10,2,29,1,11,9.850000000000001,1,3,2,1,2,3
0,1,1,1,0,0,1,2,14,8,2,24,1,8,8.15,6,3,3,4,2,3
1,0,0,0,0,0,0,2,7,9,1,17,1,10,5.400000000000001,1,2,1,4,1,0
1,1,1,1,1,0,1,2,14,11,3,28,1,11,9.100000000000001,1,3,2,1,3,4
0,1,1,0,0,1,0,2,18,6,2,26,2,7,9.4,3,2,0,1,3,4
0,1,1,1,0,0,1,2,17,7,2,26,1,7,9.100000000000001,3,1,1,0,1,0
1,1,0,0,1,0,0,2,15,11,2,28,1,12,9.3,6,0,0,4,3,2
0,0,1,1,1,1,1,2,11,12,1,24,2,12,7.9,3,1,1,1,0,0
1,0,1,0,1,0,0,2,19,12,2,33,1,13,11.150000000000002,5,1,0,1,3,0
0,1,1,1,1,1,1,2,17,6,2,25,2,6,9.000000000000002,6,2,2,1,3,3
1,0,1,0,0,0,0,2,13,9,2,24,1,10,8.0,0,4,3,1,3,2
1,1,1,1,1,0,0,2,8,8,3,19,1,9,5.950000000000001,0,1,3,1,3,0
1,1,1,0,1,1,1,2,12,7,3,22,2,7,7.45,1,3,0,1,1,1
1,0,0,1,0,0,1,2,17,7,1,25,1,7,8.9,0,4,2,1,3,2
0,0,1,1,1,1,1,2,11,10,1,22,2,10,7.4,1,0,3,1,3,3
0,0,1,0,1,1,0,2,17,10,1,28,2,11,9.8,1,0,0,0,2,0
1,0,0,0,0,1,1,2,10,9,1,20,2,9,6.75,3,4,2,1,0,0
0,1,0,1,0,0,1,2,20,13,1,34,1,13,11.6,2,4,2,1,3,4
1,0,0,1,1,1,1,2,16,6,1,23,2,6,8.4,0,2,1,3,1,1
1,0,1,1,1,0,0,2,13,12,2,27,1,13,8.75,6,2,2,1,0,1
1,0,0,1,1,0,1,2,18,13,1,32,1,13,10.799999999999999,6,2,0,4,0,4
0,0,1,0,0,1,1,2,3,10,1,14,2,10,4.2,2,2,3,0,1,2
0,0,0,0,0,0,1,2,18,11,0,29,1,11,10.1,1,0,2,4,3,4
0,0,0,0,0,0,0,2,18,12,0,30,1,13,10.35,6,2,2,3,3,0
0,1,1,1,1,1,1,2,20,11,2,33,2,11,11.450000000000001,2,3,0,0,1,3
0,1,1,1,1,0,0,2,10,5,2,17,1,6,5.800000000000001,2,4,1,1,3,0
0,1,1,1,1,0,1,2,16,11,2,29,1,11,9.700000000000001,2,1,1,2,3,2
1,0,1,0,0,0,0,2,16,10,2,28,1,11,9.450000000000001,6,3,1,4,3,1
1,0,1,1,1,1,0,2,15,13,2,30,2,14,9.950000000000001,6,2,2,1,3,0
0,1,0,1,1,1,0,2,15,9,1,25,2,10,8.75,1,2,1,0,2,4
0,1,1,0,0,0,1,2,21,12,2,35,1,12,11.950000000000001,6,2,1,1,3,1
0,1,1,0,0,1,1,2,13,7,2,22,2,7,7.65,1,1,1,0,2,3
0,0,1,0,0,1,1,2,14,11,1,26,2,11,8.850000000000001,5,2,2,4,3,1
1,0,1,0,1,1,1,2,19,12,2,33,2,12,11.300000000000002,0,3,2,4,2,4
1,1,1,0,1,1,1,2,18,11,3,32,2,11,10.85,1,2,1,1,3,1
1,1,0,1,0,0,1,2,6,10,2,18,1,10,5.450000000000001,0,0,2,4,0,0
0,1,0,0,1,1,0,2,16,9,1,26,2,10,9.15,6,4,3,4,1,1
0,0,1,1,1,1,0,2,19,6,1,26,2,7,9.600000000000001,6,3,2,4,3,0
1,1,1,0,1,0,1,2,13,8,3,24,1,8,7.950000000000001,2,3,0,3,0,3
0,1,0,1,1,1,0,2,14,8,1,23,2,9,8.100000000000001,0,3,1,3,0,4
0,1,1,1,0,0,0,2,12,7,2,21,1,8,7.100000000000001,5,4,3,1,0,2
0,1,0,1,0,1,0,2,13,5,1,19,2,6,6.95,6,3,2,1,1,0
1,1,0,0,0,1,0,2,16,8,2,26,2,9,9.100000000000001,5,2,3,4,3,4
0,1,0,0,0,0,1,2,24,13,1,38,1,13,13.200000000000001,1,1,0,4,3,2
1,1,1,1,0,0,1,2,10,10,3,23,1,10,7.25,5,4,3,2,0,0
1,1,0,1,1,0,0,2,10,12,2,24,1,13,7.550000000000001,0,2,3,1,0,0
1,1,0,0,0,0,0,2,15,11,2,28,1,12,9.3,0,3,1,0,3,2
1,1,0,1,1,0,1,2,15,13,2,30,1,13,9.8,1,3,0,4,0,1
0,0,0,1,1,1,0,2,8,13,0,21,2,14,6.75,1,4,1,4,2,2
0,0,1,1,1,0,0,2,12,10,1,23,1,11,7.650000000000001,6,3,3,0,3,4
0,1,0,0,1,0,1,2,9,4,1,14,1,4,4.95,0,2,0,2,1,0
0,0,0,0,1,0,0,2,14,11,0,25,1,12,8.500000000000002,1,3,2,3,3,0
1,0,1,0,1,1,1,2,17,11,2,30,2,11,10.250000000000002,6,1,2,1,3,0
1,0,0,0,1,1,1,2,19,14,1,34,2,14,11.600000000000001,1,4,0,3,0,0
1,1,1,0,1,1,0,2,20,14,3,37,2,15,12.4,4,0,2,3,2,1
0,1,1,1,0,1,1,2,9,11,2,22,2,11,7.05,5,3,3,1,1,2
0,1,1,1,1,0,1,2,16,8,2,26,1,8,8.950000000000001,1,2,3,1,1,0
1,1,1,0,1,0,1,2,15,7,3,25,1,7,8.5,1,3,0,0,3,4
0,0,0,0,0,1,1,2,7,11,0,18,2,11,5.8500000000000005,5,2,0,3,0,4
0,0,0,0,1,0,1,2,14,7,0,21,1,7,7.500000000000001,0,4,3,1,1,4
0,0,0,0,0,1,1,2,7,6,0,13,2,6,4.6000000000000005,2,3,1,1,3,3
1,0,1,0,1,1,1,2,23,9,2,34,2,9,12.150000000000002,0,3,3,4,3,3
0,1,1,0,1,1,1,2,22,7,2,31,2,7,11.250000000000002,1,3,2,2,3,2
0,1,1,1,0,0,1,2,8,7,2,17,1,7,5.500000000000001,5,2,2,0,3,0
1,1,1,1,1,0,1,2,18,8,3,29,1,8,9.95,3,3,2,0,1,3
1,0,1,0,0,1,1,2,8,10,2,20,2,10,6.4,5,2,2,0,3,0
1,0,0,1,1,0,1,2,17,4,1,22,1,4,8.15,3,3,2,2,3,1
0,0,0,1,0,1,0,2,12,5,0,17,2,6,6.3500000000000005,5,0,0,3,3,1
1,1,0,1,0,1,0,2,15,14,2,31,2,15,10.200000000000001,5,1,0,3,3,2
0,1,1,0,1,0,0,2,14,9,2,25,1,10,8.4,5,3,0,1,3,2
0,0,0,1,1,0,1,2,14,10,0,24,1,10,8.250000000000002,2,3,3,0,2,1
0,1,1,0,0,1,1,2,15,12,2,29,2,12,9.700000000000001,3,1,3,0,0,2
0,0,0,0,0,0,0,2,11,11,0,22,1,12,7.300000000000001,2,4,0,0,0,4
0,0,1,1,0,0,1,2,13,6,1,20,1,6,7.050000000000001,1,3,1,3,2,2
0,0,1,1,0,0,1,2,21,10,1,32,1,10,11.25,0,3,3,0,0,0
1,0,0,0,0,1,1,2,16,8,1,25,2,8,8.9,5,1,3,4,1,0
0,1,0,0,0,0,0,2,12,8,1,21,1,9,7.150000000000001,6,3,1,4,3,3
0,0,1,0,1,1,1,2,19,9,1,29,2,9,10.350000000000001,0,1,3,4,1,1
0,1,1,1,1,0,1,2,22,7,2,31,1,7,11.100000000000001,6,3,0,0,2,3
0,0,0,1,0,1,0,2,17,13,0,30,2,14,10.350000000000001,1,3,3,1,3,2
1,1,1,0,0,0,1,2,13,14,3,30,1,14,9.45,1,3,2,0,2,3
0,1,0,1,1,0,1,2,11,10,1,22,1,10,7.250000000000001,2,1,3,4,2,2
1,0,0,0,1,1,1,2,8,6,1,15,2,6,5.2,3,2,2,0,1,0
1,1,0,1,1,0,0,2,2,13,2,17,1,14,4.6000000000000005,2,3,0,1,0,1
1,0,1,0,1,0,0,2,14,12,2,28,1,13,9.150000000000002,3,3,3,4,3,1
1,0,0,0,1,0,0,2,9,9,1,19,1,10,6.2,6,2,3,0,2,3
1,1,0,0,0,1,0,2,11,5,2,18,2,6,6.3500000000000005,2,3,0,1,0,0
0,0,1,0,1,0,1,2,9,7,1,17,1,7,5.7,3,3,3,3,3,3
0,1,1,0,0,0,0,2,14,6,2,22,1,7,7.650000000000001,5,3,0,4,1,4
0,1,1,0,1,0,1,2,18,7,2,27,1,7,9.5,0,1,0,1,3,0
0,1,0,0,0,0,0,2,14,12,1,27,1,13,8.950000000000001,3,3,3,4,2,2
1,0,0,0,0,1,1,2,17,6,1,24,2,6,8.8,5,3,2,1,3,1
1,1,1,0,1,0,1,2,11,8,3,22,1,8,7.15,2,4,0,2,3,4
1,0,0,0,1,0,1,2,19,8,1,28,1,8,9.950000000000001,2,2,0,4,3,1
1,0,0,1,0,0,0,2,19,12,1,32,1,13,10.950000000000001,5,3,0,1,3,4
1,0,1,0,1,0,0,2,21,13,2,36,1,14,12.200000000000001,0,1,3,2,2,4
1,1,1,1,0,0,1,2,19,11,3,33,1,11,11.100000000000001,6,0,2,4,3,4
0,1,0,1,1,1,1,2,21,13,1,35,2,13,12.15,5,3,1,2,3,2
1,1,0,0,1,0,1,2,18,9,2,29,1,9,10.0,1,0,3,2,3,0
1,1,1,0,0,0,1,2,14,6,3,23,1,6,7.850000000000001,0,3,1,0,2,1
0,1,0,1,0,1,0,2,15,8,1,24,2,9,8.5,5,3,0,1,1,0
0,0,1,0,1,1,0,2,11,8,1,20,2,9,6.9,0,3,0,1,1,3
1,1,0,0,1,0,1,2,10,9,2,21,1,9,6.800000000000001,1,4,3,0,2,0
0,0,1,1,0,0,0,2,11,6,1,18,1,7,6.250000000000001,0,3,3,0,0,0
1,0,1,0,0,1,1,2,17,5,2,24,2,5,8.750000000000002,3,1,2,4,0,3
0,0,1,1,1,0,0,2,18,7,1,26,1,8,9.299999999999999,0,4,2,0,1,0
0,0,0,1,1,1,0,2,10,4,0,14,2,5,5.3,6,3,0,4,3,4
0,0,1,0,0,1,0,2,14,7,1,22,2,8,7.8500000000000005,2,4,0,1,3,0
1,0,0,1,0,0,0,2,15,8,1,24,1,9,8.35,5,2,2,0,0,0
1,1,1,1,0,1,1,2,15,11,3,29,2,11,9.65,2,2,1,3,3,0
0,1,0,0,0,0,1,2,18,15,1,34,1,15,11.299999999999999,0,3,0,4,2,1
0,0,1,0,1,0,0,2,12,11,1,24,1,12,7.900000000000001,6,1,3,4,2,0
0,0,0,0,0,1,1,2,11,5,0,16,2,5,5.95,1,1,3,1,3,0
0,1,1,0,0,1,1,2,17,13,2,32,2,13,10.750000000000002,0,3,0,3,3,4
1,0,0,0,0,0,0,2,7,13,1,21,1,14,6.400000000000001,3,3,1,0,2,0
0,0,0,1,1,1,0,2,15,10,0,25,2,11,8.8,4,3,2,2,3,1
0,1,0,0,0,0,1,2,11,6,1,18,1,6,6.250000000000001,4,3,3,4,3,3
0,1,0,1,0,0,1,2,17,8,1,26,1,8,9.15,6,2,2,2,3,2
1,1,0,0,0,0,0,2,20,7,2,29,1,8,10.3,6,0,2,4,3,0
1,1,0,0,1,1,1,2,8,4,2,14,2,4,4.9,0,2,3,4,0,0
1,0,1,0,0,1,0,2,14,5,2,21,2,6,7.550000000000001,5,3,1,1,3,1
0,0,0,0,1,1,0,2,17,4,0,21,2,5,8.100000000000001,6,2,1,1,1,0
1,0,0,0,0,0,0,2,13,3,1,17,1,4,6.300000000000001,5,2,0,3,2,2
0,0,0,0,0,0,1,2,21,6,0,27,1,6,10.05,3,3,3,1,3,1
0,0,1,1,0,0,0,2,12,11,1,24,1,12,7.900000000000001,6,3,0,1,2,0
0,1,0,1,0,0,1,2,10,6,1,17,1,6,5.8500000000000005,6,3,2,3,3,2
0,0,0,0,1,0,1,2,15,6,0,21,1,6,7.65,2,2,2,2,2,1
0,0,0,0,1,0,1,2,14,10,0,24,1,10,8.250000000000002,0,2,1,1,2,1
0,1,0,1,1,0,0,2,10,9,1,20,1,10,6.6000000000000005,3,2,1,1,3,0
0,1,0,0,1,1,1,2,15,9,1,25,2,9,8.75,6,3,0,4,3,1
0,1,0,0,0,0,0,2,18,4,1,23,1,5,8.549999999999999,0,2,0,1,3,3
1,0,0,0,1,1,1,2,16,7,1,24,2,7,8.65,1,2,0,4,2,3
1,1,0,0,1,1,1,2,15,9,2,26,2,9,8.950000000000001,6,0,2,4,1,4
0,0,1,0,1,0,1,2,10,9,1,20,1,9,6.6000000000000005,6,3,1,4,1,4
0,1,1,0,1,0,0,2,11,13,2,26,1,14,8.200000000000001,0,3,2,1,3,0
1,0,0,1,0,0,0,2,10,8,1,19,1,9,6.3500000000000005,1,3,0,0,3,0
1,1,1,1,0,1,1,2,13,7,3,23,2,7,7.8500000000000005,5,1,3,0,1,3
0,0,1,0,0,0,0,2,17,4,1,22,1,5,8.15,3,2,3,3,0,1
1,1,1,0,1,0,1,2,11,10,3,24,1,10,7.65,0,3,3,1,3,1
1,1,1,1,1,0,1,2,8,10,3,21,1,10,6.450000000000001,3,1,0,4,2,4
1,1,0,1,1,1,0,2,14,10,2,26,2,11,8.800000000000002,6,3,3,1,2,0
0,1,0,0,1,1,0,2,21,12,1,34,2,13,11.9,5,4,2,0,3,0
1,1,1,1,0,0,0,2,19,9,3,31,1,10,10.600000000000001,5,3,2,2,2,0
1,0,1,1,0,1,1,2,14,13,2,29,2,13,9.550000000000002,1,3,2,0,3,3
1,0,0,0,0,1,0,2,14,13,1,28,2,14,9.350000000000001,0,4,0,4,0,3
0,1,0,0,1,1,0,2,15,8,1,24,2,9,8.5,1,3,1,2,3,3
0,1,0,0,0,1,1,2,4,11,1,16,2,11,4.85,2,1,3,1,1,0
1,1,1,1,1,1,1,2,8,4,3,15,2,4,5.1000000000000005,1,1,3,1,3,1
1,1,1,0,1,0,0,2,14,5,3,22,1,6,7.600000000000001,6,3,1,0,2,1
0,1,0,1,0,0,1,2,14,4,1,19,1,4,6.950000000000001,1,3,2,0,1,4
1,0,1,1,1,1,1,2,14,6,2,22,2,6,7.800000000000001,4,3,0,1,3,0
0,0,1,0,0,0,1,2,4,7,1,12,1,7,3.7,3,1,3,4,0,0
0,1,1,1,1,1,1,2,19,9,2,30,2,9,10.550000000000002,2,2,2,1,3,1
1,0,1,1,0,0,1,2,13,15,2,30,1,15,9.5,2,2,3,4,2,0
0,1,1,1,0,0,0,2,10,5,2,17,1,6,5.800000000000001,5,0,0,4,3,0
0,1,0,1,1,0,1,2,13,11,1,25,1,11,8.3,1,2,0,1,1,0
0,1,1,0,0,0,1,2,11,13,2,26,1,13,8.200000000000001,6,2,0,0,3,0
0,1,1,1,0,0,1,2,7,7,2,16,1,7,5.100000000000001,3,1,0,0,0,0
1,0,0,0,1,0,0,2,13,6,1,20,1,7,7.050000000000001,5,1,0,1,0,4
1,0,0,0,0,1,0,2,16,9,1,26,2,10,9.15,1,4,2,1,1,1
0,0,0,0,1,1,1,2,10,7,0,17,2,7,6.05,1,3,0,4,3,4
1,1,1,1,1,1,1,2,16,11,3,30,2,11,10.05,2,1,2,4,3,1
1,0,0,0,0,1,0,2,16,6,1,23,2,7,8.4,1,3,1,4,3,3
1,0,0,0,1,0,0,2,10,5,1,16,1,6,5.6000000000000005,1,0,1,1,2,0
1,0,1,0,0,1,0,2,15,12,2,29,2,13,9.700000000000001,6,3,0,4,3,2
1,0,0,1,1,0,0,2,14,14,1,29,1,15,9.450000000000001,6,3,3,3,2,4
0,0,1,1,0,1,1,2,10,12,1,23,2,12,7.5,3,0,0,2,3,4
1,1,0,0,1,0,0,2,19,9,2,30,1,10,10.400000000000002,1,3,3,1,3,3
1,1,0,0,0,0,0,2,21,12,2,35,1,13,11.950000000000001,4,2,1,4,1,0
0,1,1,1,0,1,1,2,17,12,2,31,2,12,10.500000000000002,5,1,2,4,2,4
0,0,0,1,0,1,1,2,21,14,0,35,2,14,12.200000000000001,1,3,1,1,3,1
0,1,1,1,0,1,1,2,15,7,2,24,2,7,8.450000000000001,1,3,1,1,3,4
0,0,1,0,1,1,0,2,15,7,1,23,2,8,8.25,5,4,0,4,1,0
1,0,0,1,0,1,0,2,6,9,1,16,2,10,5.15,2,3,0,4,0,1
0,1,0,0,0,1,1,2,16,6,1,23,2,6,8.4,0,3,1,4,3,2
1,1,1,0,0,0,1,2,12,10,3,25,1,10,8.05,5,2,3,1,1,0
1,0,1,1,1,1,0,2,13,11,2,26,2,12,8.65,1,4,0,4,0,3
1,0,1,1,0,0,0,2,16,6,2,24,1,7,8.450000000000001,1,2,3,0,0,3
1,1,0,1,1,1,1,2,11,8,2,21,2,8,7.1000000000000005,0,2,1,2,1,0
1,0,1,1,1,0,0,2,10,7,2,19,1,8,6.300000000000001,6,3,0,3,3,1
0,1,1,0,1,0,1,2,11,11,2,24,1,11,7.700000000000001,3,0,1,4,3,1
0,1,0,1,0,1,0,2,18,5,1,24,2,6,8.95,6,3,3,3,3,2
1,0,0,0,1,0,1,2,11,13,1,25,1,13,8.0,5,2,2,1,3,2
1,0,0,1,1,1,0,2,16,7,1,24,2,8,8.65,1,4,1,4,3,1
0,1,0,1,0,0,1,2,5,7,1,13,1,7,4.1000000000000005,3,1,3,3,0,0
0,0,1,1,1,0,1,2,13,12,1,26,1,12,8.549999999999999,1,0,2,0,0,0
1,1,1,0,0,0,1,2,14,11,3,28,1,11,9.100000000000001,3,2,3,0,2,0
1,1,0,1,1,1,0,2,6,12,2,20,2,13,6.1000000000000005,0,3,0,4,3,3
0,1,0,0,0,1,0,2,11,12,1,24,2,13,7.9,6,2,1,4,3,0
0,1,1,1,0,0,1,2,15,9,2,26,1,9,8.8,1,1,0,1,0,4
1,1,1,0,0,1,1,2,17,13,3,33,2,13,10.950000000000001,6,2,0,0,0,3
1,1,1,1,1,1,1,2,16,7,3,26,2,7,9.05,5,1,1,4,2,2
1,0,0,1,0,0,1,2,15,10,1,26,1,10,8.85,3,3,1,1,0,3
0,1,1,0,0,1,1,2,8,13,2,23,2,13,7.15,1,2,2,4,0,2
0,1,0,1,0,0,1,2,22,14,1,37,1,14,12.65,5,0,1,4,3,1
0,1,1,0,1,0,0,2,9,13,2,24,1,14,7.4,6,3,2,4,3,2
0,1,1,1,0,0,1,2,10,12,2,24,1,12,7.550000000000001,6,3,1,2,2,0
1,1,1,0,1,1,0,2,15,6,3,24,2,7,8.4,3,3,1,4,3,3
0,1,1,0,0,0,0,2,15,10,2,27,1,11,9.05,2,1,3,0,2,0
1,0,0,0,0,1,0,2,12,7,1,20,2,8,7.050000000000001,0,3,3,1,3,4
0,0,0,1,0,0,1,2,11,12,0,23,1,12,7.550000000000001,0,3,1,4,3,3
0,1,1,1,1,1,1,2,15,11,2,28,2,11,9.450000000000001,5,3,2,1,3,0
0,1,0,1,0,1,0,2,18,8,1,27,2,9,9.7,0,4,0,1,3,4
1,1,1,0,0,0,1,2,15,11,3,29,1,11,9.5,0,1,2,4,3,0
1,0,0,0,0,1,1,2,16,6,1,23,2,6,8.4,1,2,3,0,0,3
1,1,0,0,0,1,0,2,16,15,2,33,2,16,10.850000000000001,6,3,2,1,3,1
0,0,1,1,0,0,1,2,15,12,1,28,1,12,9.35,2,0,3,4,3,1
0,0,0,1,0,0,1,2,13,8,0,21,1,8,7.3500000000000005,3,2,3,4,2,1
0,1,0,1,0,1,0,2,22,12,1,35,2,13,12.3,2,0,1,1,2,0
1,1,0,1,1,1,1,2,11,10,2,23,2,10,7.6000000000000005,3,3,0,4,3,3
0,0,0,1,1,0,1,2,9,3,0,12,1,3,4.5,3,1,1,1,1,1
1,0,1,0,0,1,0,2,9,4,2,15,2,5,5.3,6,3,0,0,1,4
0,0,0,1,0,0,1,2,16,6,0,22,1,6,8.05,1,3,1,3,3,2
1,0,1,0,1,0,0,2,16,12,2,30,1,13,9.950000000000001,2,2,2,3,2,4
0,0,1,0,1,1,0,2,15,10,1,26,2,11,9.0,2,1,1,1,2,4
1,1,0,1,1,1,0,2,16,7,2,25,2,8,8.850000000000001,3,1,1,4,3,3
1,0,0,1,0,1,1,2,9,7,1,17,2,7,5.85,2,3,2,3,3,2
1,1,0,1,0,1,1,2,20,12,2,34,2,12,11.700000000000001,3,2,0,1,2,3
1,1,1,0,0,0,0,2,9,9,3,21,1,10,6.6,6,3,3,4,2,3
1,0,0,0,1,1,1,2,10,14,1,25,2,14,8.0,1,0,0,1,0,3
0,1,1,1,1,0,1,2,11,12,2,25,1,12,7.950000000000001,2,4,3,1,1,3
1,1,0,0,0,1,0,2,15,7,2,24,2,8,8.450000000000001,6,4,2,0,0,0
0,1,0,0,0,1,1,2,20,9,1,30,2,9,10.75,0,0,2,4,3,2
1,0,1,1,1,1,0,2,9,11,2,22,2,12,7.05,5,0,2,1,0,2
1,0,0,0,0,0,1,2,16,12,1,29,1,12,9.75,5,4,2,4,3,1
1,0,1,1,1,0,0,2,13,10,2,25,1,11,8.25,3,3,3,0,3,0
0,0,1,0,1,0,0,2,17,8,1,26,1,9,9.15,3,3,3,1,2,0
0,0,1,1,1,0,1,2,15,7,1,23,1,7,8.1,5,1,1,4,3,3
1,1,0,0,0,1,0,2,21,3,2,26,2,4,9.850000000000001,3,2,0,4,3,0
1,1,0,0,1,1,1,2,20,14,2,36,2,14,12.200000000000001,6,3,0,4,3,4
0,1,1,0,0,1,1,2,12,6,2,20,2,6,7.000000000000001,1,0,1,0,3,0
1,0,1,1,1,1,1,2,17,12,2,31,2,12,10.500000000000002,5,1,3,1,3,0
0,0,0,0,1,0,1,2,15,6,0,21,1,6,7.65,1,4,3,0,2,0
0,0,1,1,0,0,1,2,15,10,1,26,1,10,8.85,1,2,0,0,2,0
0,1,0,1,1,0,0,2,13,9,1,23,1,10,7.800000000000001,5,3,0,0,1,4
1,1,1,0,0,1,0,2,16,14,3,33,2,15,10.8,1,2,0,0,3,2
1,0,0,1,0,1,0,2,14,10,1,25,2,11,8.600000000000001,0,3,3,1,2,0
0,0,1,0,0,1,1,2,14,5,1,20,2,5,7.3500000000000005,1,2,2,0,2,4
1,0,1,1,1,1,0,2,16,4,2,22,2,5,8.100000000000001,3,0,2,1,2,4
0,1,1,0,0,0,0,2,18,10,2,30,1,11,10.25,3,3,2,1,2,1
1,1,0,1,1,1,1,2,14,11,2,27,2,11,9.050000000000002,4,0,3,1,3,2
1,1,1,1,1,1,0,2,10,5,3,18,2,6,6.1499999999999995,0,1,3,1,3,4
0,1,1,1,1,0,0,2,12,14,2,28,1,15,8.850000000000001,0,2,3,1,3,3
0,0,0,0,1,0,1,2,13,6,0,19,1,6,6.8500000000000005,0,1,1,4,3,0
1,1,1,0,1,0,0,2,12,12,3,27,1,13,8.55,2,0,2,4,3,4
1,0,0,0,0,0,1,2,16,9,1,26,1,9,9.0,5,1,2,0,3,0
0,0,1,0,1,1,1,2,17,7,1,25,2,7,9.05,5,3,1,1,1,4
0,0,1,0,1,1,0,2,14,4,1,19,2,5,7.1000000000000005,3,3,3,1,3,2
1,1,0,0,0,0,1,2,18,7,2,27,1,7,9.5,3,3,0,0,3,1
1,1,1,1,1,0,0,2,12,8,3,23,1,9,7.550000000000001,6,3,1,0,3,0
1,0,1,0,1,0,1,2,9,7,2,18,1,7,5.9,6,3,0,2,3,3
0,0,1,1,0,1,1,2,13,4,1,18,2,4,6.7,0,0,2,3,1,1
0,0,1,0,0,0,1,2,12,11,1,24,1,11,7.900000000000001,3,3,1,4,3,0
1,1,1,0,0,1,0,2,14,4,3,21,2,5,7.500000000000001,6,2,0,4,3,2
1,1,0,1,1,1,1,2,19,9,2,30,2,9,10.550000000000002,6,2,2,0,3,3
1,0,1,0,1,0,1,2,7,12,2,21,1,12,6.350000000000001,2,2,3,4,1,3
1,1,0,0,1,1,0,2,13,14,2,29,2,15,9.4,0,3,0,1,3,0
0,0,0,0,0,1,0,2,15,5,0,20,2,6,7.55,1,4,0,0,2,4
1,0,0,0,1,0,1,2,11,12,1,24,1,12,7.750000000000001,5,1,0,1,3,1
1,0,0,0,0,0,1,2,17,6,1,24,1,6,8.65,6,2,2,2,1,4
0,0,1,1,1,0,0,2,11,13,1,25,1,14,8.0,5,1,3,4,3,0
0,1,0,0,1,1,1,2,13,9,1,23,2,9,7.95,2,4,1,4,2,1
0,1,1,1,0,1,0,2,9,7,2,18,2,8,6.05,0,3,3,4,3,4
1,1,1,1,0,0,0,2,14,10,3,27,1,11,8.850000000000001,5,3,3,1,3,0
1,0,0,1,0,1,1,2,12,11,1,24,2,11,8.05,3,3,2,4,1,4
0,1,0,1,0,0,1,2,14,9,1,24,1,9,8.200000000000001,5,4,2,0,0,1
1,0,0,1,0,0,1,2,18,12,1,31,1,12,10.549999999999999,3,2,1,2,3,3
1,0,0,1,0,0,1,2,13,14,1,28,1,14,9.049999999999999,5,2,2,0,2,0
0,1,0,1,1,0,1,2,10,10,1,21,1,10,6.8500000000000005,3,2,2,0,1,0
1,0,0,1,0,0,0,2,8,8,1,17,1,9,5.550000000000001,2,3,3,4,3,1
0,0,0,0,1,1,0,2,10,4,0,14,2,5,5.3,0,3,3,0,3,3
0,1,1,0,1,0,1,2,9,7,2,18,1,7,5.9,2,2,3,1,0,1
1,0,0,0,0,1,1,2,18,7,1,26,2,7,9.45,2,3,3,2,2,4
1,1,0,1,1,0,0,2,6,6,2,14,1,7,4.450000000000001,1,3,0,0,3,2
0,1,1,0,1,0,1,2,11,11,2,24,1,11,7.700000000000001,3,0,0,3,3,0
0,0,0,1,0,0,0,2,9,12,0,21,1,13,6.75,5,3,0,1,0,0
1,0,1,0,0,0,1,2,12,9,2,23,1,9,7.600000000000001,0,3,2,0,0,3
1,0,0,1,0,0,1,2,17,10,1,28,1,10,9.65,1,1,0,4,3,3
0,1,1,0,1,0,0,2,15,10,2,27,1,11,9.05,1,3,1,0,3,1
1,0,1,0,1,1,0,2,17,12,2,31,2,13,10.500000000000002,3,1,0,4,3,1
1,1,1,0,1,0,0,2,10,5,3,18,1,6,6.0,0,3,3,4,3,0
0,1,1,0,0,0,0,2,15,5,2,22,1,6,7.800000000000001,0,3,1,0,3,4
1,1,0,1,1,0,1,2,13,10,2,25,1,10,8.25,6,3,1,2,3,3
0,1,0,1,0,0,1,2,7,4,1,12,1,4,4.15,1,3,3,2,3,3
1,1,0,0,0,1,0,2,17,5,2,24,2,6,8.750000000000002,0,4,0,0,1,0
1,1,1,0,1,0,0,2,15,9,3,27,1,10,9.0,5,0,0,4,3,1
1,0,0,1,1,0,0,2,14,7,1,22,1,8,7.700000000000001,6,3,0,4,3,0
0,1,0,1,1,0,1,2,22,13,1,36,1,13,12.4,1,3,3,4,3,4
0,0,0,1,1,1,0,2,8,13,0,21,2,14,6.75,3,2,2,0,1,3
1,1,0,1,1,1,0,2,13,11,2,26,2,12,8.65,2,3,3,2,3,4
0,0,1,1,1,0,0,2,15,10,1,26,1,11,8.85,5,3,3,1,3,4
0,1,1,0,0,0,0,2,17,12,2,31,1,13,10.350000000000001,3,4,1,1,3,2
0,0,1,1,0,0,1,2,15,12,1,28,1,12,9.35,1,2,2,4,3,3
0,1,1,1,1,0,0,2,21,9,2,32,1,10,11.200000000000001,3,2,0,4,1,3
0,0,1,0,1,0,1,2,9,9,1,19,1,9,6.2,2,3,2,1,2,0
0,0,0,0,1,1,1,2,18,12,0,30,2,12,10.5,6,3,3,4,3,0
0,0,0,0,0,0,1,2,7,12,0,19,1,12,5.950000000000001,2,3,1,0,2,0
0,0,1,0,0,0,1,2,9,8,1,18,1,8,5.95,2,2,1,4,3,1
0,0,0,0,1,1,0,2,13,5,0,18,2,6,6.75,1,3,3,4,1,0
0,0,1,0,1,0,1,2,12,11,1,24,1,11,7.900000000000001,3,3,2,4,0,4
0,1,1,1,0,0,0,2,11,11,2,24,1,12,7.700000000000001,3,1,2,4,1,1
0,0,0,0,0,1,0,2,11,11,0,22,2,12,7.45,3,4,2,4,2,3
1,1,0,0,0,1,0,2,9,4,2,15,2,5,5.3,0,3,1,3,3,3
1,0,1,0,0,1,0,2,17,8,2,27,2,9,9.500000000000002,5,3,0,4,3,4
0,0,1,1,0,0,0,2,16,9,1,26,1,10,9.0,3,3,1,2,2,3
1,0,1,0,1,0,0,2,15,4,2,21,1,5,7.550000000000001,2,0,3,1,3,3
1,0,1,0,1,1,0,2,5,5,2,12,2,6,3.9499999999999997,0,3,0,1,3,4
1,0,0,1,0,1,1,2,17,5,1,23,2,5,8.55,6,4,2,4,3,0
0,1,1,0,1,0,0,2,15,13,2,30,1,14,9.8,6,4,3,2,3,4
0,1,0,1,1,0,1,2,9,6,1,16,1,6,5.45,6,2,2,3,3,0
0,0,1,0,1,1,1,2,14,12,1,27,2,12,9.100000000000001,5,3,3,4,1,2
1,0,0,0,1,0,0,2,20,9,1,30,1,10,10.6,3,0,0,1,1,4
0,1,1,1,0,0,0,2,10,10,2,22,1,11,7.050000000000001,3,2,0,1,3,0
0,1,1,0,0,1,1,2,11,6,2,19,2,6,6.6000000000000005,5,2,3,2,1,3
1,1,0,1,0,0,0,2,8,3,2,13,1,4,4.500000000000001,3,3,2,1,1,2
0,0,0,0,0,0,1,2,15,6,0,21,1,6,7.65,1,2,3,1,1,4
1,0,1,1,1,1,1,2,9,7,2,18,2,7,6.05,1,3,2,3,3,1
0,0,0,1,0,0,1,2,11,4,0,15,1,4,5.550000000000001,0,3,0,1,2,0
0,0,0,1,1,1,1,2,17,12,0,29,2,12,10.100000000000001,2,3,3,3,1,3
0,0,0,0,0,0,1,2,13,7,0,20,1,7,7.1000000000000005,2,2,0,4,1,3
0,0,1,0,0,1,1,2,8,4,1,13,2,4,4.7,6,4,3,1,3,3
0,1,0,0,1,1,1,2,17,13,1,31,2,13,10.55,0,1,1,0,3,0
0,0,0,0,1,0,1,2,16,13,0,29,1,13,9.8,6,3,3,3,3,3
0,0,1,1,1,0,0,2,13,12,1,26,1,13,8.549999999999999,0,3,0,1,1,1
1,1,1,0,1,1,1,2,8,12,3,23,2,12,7.1000000000000005,2,3,2,3,3,4
1,1,0,0,0,0,1,2,19,6,2,27,1,6,9.650000000000002,6,3,1,0,2,3
0,0,1,1,1,0,1,2,9,7,1,17,1,7,5.7,5,4,0,1,3,3
0,1,1,0,1,0,0,2,13,9,2,24,1,10,8.0,1,3,1,4,3,3
1,0,0,1,1,0,1,2,10,6,1,17,1,6,5.8500000000000005,0,4,0,1,3,4
0,0,0,0,1,0,0,2,12,12,0,24,1,13,7.950000000000001,5,4,3,4,0,1
1,1,0,0,0,1,0,2,12,14,2,28,2,15,9.000000000000002,0,3,2,0,3,3
0,0,0,0,0,1,0,2,12,5,0,17,2,6,6.3500000000000005,5,3,0,1,0,2
1,1,0,1,1,0,1,2,16,7,2,25,1,7,8.700000000000001,3,2,3,3,3,1
1,1,0,0,0,0,0,2,23,10,2,35,1,11,12.250000000000002,5,3,0,4,0,0
1,1,0,1,1,0,1,2,7,9,2,18,1,9,5.600000000000001,1,2,3,2,1,1
1,0,1,0,0,1,1,2,19,9,2,30,2,9,10.550000000000002,0,2,1,0,2,0
1,0,0,0,1,0,1,2,9,8,1,18,1,8,5.95,2,2,0,1,3,4
1,0,0,1,0,0,0,2,16,11,1,28,1,12,9.5,6,3,1,4,1,3
0,0,0,1,1,1,0,2,12,6,0,18,2,7,6.6000000000000005,6,4,1,2,1,3
0,1,0,0,1,1,0,2,17,5,1,23,2,6,8.55,6,2,1,4,0,1
0,0,1,1,1,1,0,2,14,13,1,28,2,14,9.350000000000001,3,3,2,0,3,4
1,0,1,0,0,1,0,2,7,8,2,17,2,9,5.500000000000001,5,4,0,4,3,4
0,0,1,0,0,0,1,2,14,13,1,28,1,13,9.200000000000001,3,0,2,0,2,3
1,0,0,0,1,0,0,2,15,7,1,23,1,8,8.1,3,4,3,4,2,1
1,0,1,1,0,0,0,2,14,10,2,26,1,11,8.650000000000002,2,1,1,1,0,3
0,1,0,1,0,1,0,2,12,6,1,19,2,7,6.800000000000001,2,3,3,3,3,2
1,0,0,1,0,1,1,2,12,15,1,28,2,15,9.05,1,3,0,0,2,3
1,1,0,0,0,0,1,2,9,6,2,17,1,6,5.65,6,3,2,1,3,4
1,0,1,0,1,0,0,2,12,7,2,21,1,8,7.100000000000001,6,3,0,1,0,2
0,1,1,1,0,0,0,2,15,13,2,30,1,14,9.8,3,2,3,0,3,0
1,0,1,1,0,0,0,2,21,9,2,32,1,10,11.200000000000001,2,4,1,1,1,3
0,1,1,1,0,1,0,2,14,12,2,28,2,13,9.300000000000002,3,2,1,3,3,3
1,1,1,0,1,1,0,2,15,9,3,27,2,10,9.15,3,3,2,4,2,2
0,1,1,0,0,0,0,2,13,11,2,26,1,12,8.5,5,2,1,4,2,3
0,1,0,0,1,1,0,2,9,9,1,19,2,10,6.35,3,2,2,4,3,4
1,0,0,1,1,1,0,2,9,12,1,22,2,13,7.1,6,3,3,2,0,1
1,1,0,0,1,1,1,2,15,13,2,30,2,13,9.950000000000001,0,0,3,1,3,4
1,0,1,0,1,1,0,2,19,12,2,33,2,13,11.300000000000002,1,1,2,0,3,4
1,0,0,1,1,0,1,2,24,14,1,39,1,14,13.450000000000001,1,2,0,0,2,1
0,1,0,1,1,0,1,2,9,9,1,19,1,9,6.2,5,2,1,1,3,0
0,0,1,0,1,1,1,2,14,11,1,26,2,11,8.850000000000001,6,2,2,2,3,0
0,1,1,1,0,0,1,2,5,8,2,15,1,8,4.550000000000001,2,2,2,0,0,4
1,0,1,0,0,0,1,2,14,12,2,28,1,12,9.150000000000002,3,4,0,4,3,2
1,1,0,0,1,0,1,2,16,12,2,30,1,12,9.950000000000001,5,3,0,2,0,4
0,1,1,1,0,0,1,2,13,9,2,24,1,9,8.0,1,2,2,1,0,0
1,0,1,1,1,1,1,2,8,12,2,22,2,12,6.9,5,2,3,1,2,2
1,0,0,1,0,1,0,2,16,8,1,25,2,9,8.9,3,3,3,2,3,2
0,1,1,0,0,1,0,2,12,7,2,21,2,8,7.250000000000001,0,4,2,1,2,3
1,1,0,0,0,1,0,2,15,11,2,28,2,12,9.450000000000001,1,3,0,1,3,1
0,1,1,0,1,0,1,2,10,11,2,23,1,11,7.300000000000001,1,0,1,4,3,3
0,1,0,0,1,0,1,2,13,10,1,24,1,10,8.05,3,2,0,4,3,0
1,1,1,0,1,0,1,2,15,14,3,32,1,14,10.25,2,3,2,1,2,1
1,1,0,0,1,1,1,2,15,11,2,28,2,11,9.450000000000001,1,3,2,1,3,3
0,0,0,1,0,0,0,2,10,12,0,22,1,13,7.15,1,2,1,0,0,3
0,0,0,1,1,0,1,2,20,7,0,27,1,7,9.9,3,3,1,4,2,3
1,0,0,1,0,0,0,2,9,4,1,14,1,5,4.95,1,4,3,3,1,4
0,0,1,1,1,1,0,2,14,8,1,23,2,9,8.100000000000001,1,3,0,3,3,0
0,1,0,1,0,0,1,2,17,6,1,24,1,6,8.65,4,2,3,4,3,1
0,1,1,0,1,0,1,2,15,4,2,21,1,4,7.550000000000001,5,2,3,2,3,4
1,0,0,0,1,0,0,2,12,7,1,20,1,8,6.900000000000001,1,3,2,4,3,3
0,0,0,0,1,1,1,2,16,14,0,30,2,14,10.200000000000001,3,0,3,1,1,0
0,0,0,0,0,1,0,2,16,11,0,27,2,12,9.450000000000001,3,2,0,3,2,0
0,1,1,0,0,1,1,2,17,10,2,29,2,10,10.000000000000002,3,2,0,4,3,2
1,0,1,0,1,1,0,3,18,12,2,32,2,13,10.9,1,2,0,1,3,2
1,1,1,1,0,0,0,3,16,7,3,26,1,8,8.9,1,3,1,2,1,0
0,1,0,1,1,0,1,3,10,7,1,18,1,7,6.1000000000000005,5,0,1,1,0,3
0,0,1,0,0,0,0,3,12,6,1,19,1,7,6.650000000000001,0,2,3,0,2,4
1,0,0,0,0,1,1,3,15,8,1,24,2,8,8.5,6,3,0,4,3,1
0,1,1,1,0,0,0,3,12,4,2,18,1,5,6.350000000000001,2,1,3,4,3,3
1,1,0,1,0,1,1,3,22,7,2,31,2,7,11.250000000000002,6,3,0,1,1,3
1,0,0,1,1,1,0,3,23,7,1,31,2,8,11.450000000000001,2,3,2,1,3,4
1,1,1,1,1,1,1,3,9,7,3,19,2,7,6.249999999999999,3,3,0,0,0,4
1,0,0,1,0,0,0,3,9,9,1,19,1,10,6.2,1,0,1,4,3,0
1,1,1,1,0,1,0,3,6,4,3,13,2,5,4.3,5,4,2,1,3,0
1,0,0,0,1,0,0,3,13,10,1,24,1,11,8.05,2,2,2,2,3,2
1,1,0,0,1,0,0,3,16,7,2,25,1,8,8.700000000000001,5,3,2,1,3,1
1,0,0,0,1,1,1,3,17,7,1,25,2,7,9.05,3,3,2,0,3,3
1,0,1,0,1,1,0,3,10,13,2,25,2,14,7.95,3,3,2,0,3,4
0,0,1,1,1,0,1,3,12,12,1,25,1,12,8.15,2,3,1,2,3,3
0,1,0,1,0,1,1,3,10,7,1,18,2,7,6.25,0,3,0,3,3,4
1,0,1,0,1,0,1,3,9,4,2,15,1,4,5.15,1,3,3,1,2,4
0,0,1,0,1,1,1,3,12,5,1,18,2,5,6.550000000000001,5,2,1,1,1,3
0,0,1,0,1,0,1,3,16,5,1,22,1,5,8.0,5,3,3,1,3,4
1,0,0,0,0,0,0,3,8,9,1,18,1,10,5.800000000000001,1,3,0,3,3,4
1,1,0,1,0,0,0,3,13,11,2,26,1,12,8.5,2,3,0,3,2,4
1,0,1,0,1,1,1,3,12,14,2,28,2,14,9.000000000000002,5,3,2,3,2,1
1,0,0,1,0,1,0,3,14,11,1,26,2,12,8.850000000000001,1,0,0,0,3,2
0,0,0,0,1,1,0,3,12,4,0,16,2,5,6.1000000000000005,0,2,0,0,1,1
0,1,1,0,0,1,1,3,6,9,2,17,2,9,5.3500000000000005,1,2,0,4,3,4
1,0,1,1,1,0,0,3,12,6,2,20,1,7,6.850000000000001,3,3,2,0,2,3
0,1,1,0,0,0,0,3,6,8,2,16,1,9,4.950000000000001,0,2,0,0,3,3
1,0,0,0,0,1,1,3,16,9,1,26,2,9,9.15,5,4,1,3,1,3
1,0,1,1,1,0,1,3,9,10,2,21,1,10,6.65,1,3,1,2,0,3
0,0,1,1,1,0,1,3,16,10,1,27,1,10,9.25,6,3,3,1,3,0
1,0,1,0,0,1,0,3,13,10,2,25,2,11,8.4,0,3,3,1,2,4
1,0,1,1,1,0,0,3,3,5,2,10,1,6,3.0,1,0,1,4,0,1
1,1,1,1,1,1,1,3,10,13,3,26,2,13,8.15,0,3,2,3,0,0
1,1,1,0,0,1,0,3,16,8,3,27,2,9,9.3,5,4,1,4,3,4
0,0,0,1,0,0,0,3,16,7,0,23,1,8,8.3,1,3,2,3,2,0
0,1,0,1,1,0,1,3,21,5,1,27,1,5,10.0,1,3,0,1,3,1
1,0,0,0,1,0,1,3,5,6,1,12,1,6,3.85,2,2,1,4,3,2
0,0,0,1,1,1,1,3,15,14,0,29,2,14,9.8,0,3,3,3,0,4
0,1,1,1,0,0,1,3,14,7,2,23,1,7,7.900000000000001,6,3,1,0,0,3
1,1,1,1,1,1,0,3,11,8,3,22,2,9,7.3,5,3,1,4,1,1
0,0,0,1,0,0,1,3,16,6,0,22,1,6,8.05,6,0,1,4,3,0
1,0,0,1,1,0,1,3,9,7,1,17,1,7,5.7,0,4,0,1,1,0
1,0,1,0,1,1,0,3,11,14,2,27,2,15,8.600000000000001,3,4,3,4,3,2
0,0,0,1,0,0,1,3,16,12,0,28,1,12,9.55,1,3,1,4,3,3
1,1,0,1,0,1,0,3,6,10,2,18,2,11,5.6000000000000005,4,4,1,1,1,4
0,0,1,1,0,0,1,3,8,14,1,23,1,14,7.050000000000001,5,1,3,3,1,2
0,1,1,0,0,1,0,3,15,4,2,21,2,5,7.7,1,4,1,4,0,2
1,1,1,0,1,0,1,3,9,6,3,18,1,6,5.85,1,4,1,0,3,3
1,0,0,1,1,1,0,3,18,5,1,24,2,6,8.95,0,3,3,2,1,4
1,0,1,1,0,0,0,3,10,10,2,22,1,11,7.050000000000001,5,2,2,1,0,3
0,1,0,1,1,0,0,3,16,10,1,27,1,11,9.25,3,1,3,0,1,4
0,0,0,1,0,1,0,3,14,12,0,26,2,13,8.900000000000002,1,2,1,4,3,1
0,0,1,0,1,0,1,3,17,13,1,31,1,13,10.4,2,3,1,4,0,0
0,0,1,0,0,0,0,3,11,5,1,17,1,6,6.000000000000001,2,3,3,1,3,0
1,0,0,1,0,0,0,3,14,7,1,22,1,8,7.700000000000001,2,4,3,3,0,0
0,0,0,1,1,0,1,3,15,13,0,28,1,13,9.4,1,3,2,4,3,2
1,1,0,1,1,0,1,3,11,9,2,22,1,9,7.200000000000001,2,3,2,4,1,1
0,0,0,0,1,1,0,3,12,11,0,23,2,12,7.8500000000000005,3,2,2,1,0,0
0,0,0,1,0,1,0,3,20,12,0,32,2,13,11.3,2,3,1,0,0,4
1,0,1,1,0,0,0,3,11,6,2,19,1,7,6.450000000000001,0,4,3,1,3,4
1,0,0,0,1,1,1,3,11,13,1,25,2,13,8.15,2,2,0,2,2,4
0,1,0,0,1,0,1,3,10,9,1,20,1,9,6.6000000000000005,6,2,1,4,3,0
1,1,0,1,1,1,0,3,12,8,2,22,2,9,7.500000000000001,6,0,0,0,1,2
0,0,1,0,1,1,1,3,17,6,1,24,2,6,8.8,1,3,1,4,3,3
1,1,0,1,0,1,0,3,13,7,2,22,2,8,7.65,5,3,2,2,0,0
0,1,1,0,1,0,0,3,15,5,2,22,1,6,7.800000000000001,3,3,2,1,3,2
0,1,0,0,0,1,0,3,8,9,1,18,2,10,5.95,5,2,3,4,3,1
0,0,1,1,1,1,1,3,20,11,1,32,2,11,11.25,0,3,3,1,2,0
1,0,1,1,1,1,1,3,13,6,2,21,2,6,7.4,3,4,1,4,0,0
1,0,0,0,0,0,1,3,18,9,1,28,1,9,9.799999999999999,6,3,3,4,3,4
1,0,1,1,1,1,0,3,15,11,2,28,2,12,9.450000000000001,4,3,2,0,1,4
1,0,1,1,0,0,1,3,12,5,2,19,1,5,6.600000000000001,2,0,0,1,3,3
0,0,1,1,0,0,0,3,11,10,1,22,1,11,7.250000000000001,6,2,0,4,0,2
1,0,1,1,1,0,1,3,17,9,2,28,1,9,9.600000000000001,5,4,2,4,0,0
1,1,0,1,1,0,1,3,9,11,2,22,1,11,6.9,3,0,0,3,2,4
0,1,0,1,1,1,0,3,17,7,1,25,2,8,9.05,1,2,0,4,3,0
1,0,1,1,1,0,0,3,15,5,2,22,1,6,7.800000000000001,2,3,2,1,3,0
0,0,0,0,1,0,0,3,11,8,0,19,1,9,6.550000000000001,3,3,0,0,0,3
1,1,1,1,1,1,1,3,9,11,3,23,2,11,7.249999999999999,5,0,2,2,3,3
0,1,0,0,1,0,1,3,4,9,1,14,1,9,4.2,1,3,0,4,3,4
0,0,0,0,1,0,0,3,13,12,0,25,1,13,8.35,1,2,1,0,3,4
1,0,0,0,0,0,1,3,10,3,1,14,1,3,5.1000000000000005,5,3,0,2,3,0
0,1,0,1,0,0,0,3,16,6,1,23,1,7,8.25,2,3,0,4,1,4
1,1,0,1,1,1,1,3,10,4,2,16,2,4,5.7,5,3,0,3,3,1
0,1,1,1,0,1,1,3,15,7,2,24,2,7,8.450000000000001,2,0,2,1,1,2
0,1,0,1,0,1,0,3,11,4,1,16,2,5,5.9,6,3,2,1,0,0
0,1,1,1,1,1,0,3,11,5,2,18,2,6,6.3500000000000005,6,0,3,4,3,3
0,0,0,1,0,1,1,3,14,10,0,24,2,10,8.400000000000002,2,3,3,4,3,3
0,0,1,0,0,1,0,3,10,4,1,15,2,5,5.5,5,2,3,0,2,0
1,1,1,0,1,1,0,3,19,7,3,29,2,8,10.250000000000002,0,0,3,4,3,0
0,1,1,0,0,1,0,3,17,8,2,27,2,9,9.500000000000002,3,3,3,3,2,4
0,1,0,1,0,0,0,3,18,13,1,32,1,14,10.799999999999999,6,3,0,4,1,0
0,0,0,1,1,1,1,3,13,12,0,25,2,12,8.5,2,3,0,4,3,0
1,1,1,1,0,0,1,3,12,7,3,22,1,7,7.300000000000001,3,3,2,4,1,4
0,0,1,0,1,0,1,3,14,14,1,29,1,14,9.450000000000001,1,3,3,3,1,3
0,1,1,1,0,1,0,3,12,10,2,24,2,11,8.000000000000002,1,1,0,2,1,0
1,1,1,0,1,1,0,3,11,11,3,25,2,12,8.05,3,4,1,0,1,4
1,1,0,0,0,1,1,3,15,10,2,27,2,10,9.200000000000001,3,3,2,1,3,0
0,1,1,0,0,1,1,3,11,6,2,19,2,6,6.6000000000000005,0,3,1,2,3,1
0,0,0,0,1,1,0,3,12,11,0,23,2,12,7.8500000000000005,0,3,3,0,0,3
1,0,1,1,1,0,1,3,10,13,2,25,1,13,7.800000000000001,2,3,1,1,1,3
1,0,1,1,0,1,1,3,15,6,2,23,2,6,8.200000000000001,1,3,2,1,3,0
0,0,1,1,0,1,1,3,13,7,1,21,2,7,7.45,2,1,3,3,2,1
0,0,0,0,1,1,0,3,18,12,0,30,2,13,10.5,0,1,1,2,3,4
1,1,0,1,0,0,1,3,10,11,2,23,1,11,7.300000000000001,5,3,3,4,3,1
1,1,0,0,0,0,1,3,15,10,2,27,1,10,9.05,6,4,2,2,3,2
1,0,1,0,1,1,0,3,16,8,2,26,2,9,9.100000000000001,0,3,2,0,3,4
1,0,1,1,0,1,0,3,10,10,2,22,2,11,7.2,1,2,0,0,3,4
0,0,0,1,0,1,0,3,18,6,0,24,2,7,9.0,0,3,2,2,2,2
1,0,1,0,0,0,1,3,17,10,2,29,1,10,9.850000000000001,0,3,1,4,3,3
0,1,1,1,1,0,1,3,5,9,2,16,1,9,4.800000000000001,6,3,2,0,0,1
1,1,1,0,0,1,1,3,20,7,3,30,2,7,10.65,5,3,3,0,1,2
1,0,1,0,1,1,0,3,14,6,2,22,2,7,7.800000000000001,1,2,2,4,3,1
1,0,0,1,0,0,1,3,22,12,1,35,1,12,12.15,1,3,0,2,1,1
0,0,0,0,1,0,1,3,6,13,0,19,1,13,5.800000000000001,3,1,2,2,3,2
0,1,0,1,1,0,1,3,9,5,1,15,1,5,5.2,3,1,1,4,0,3
0,1,0,1,1,1,1,3,14,8,1,23,2,8,8.100000000000001,0,3,3,1,0,2
1,1,1,1,0,0,1,3,13,7,3,23,1,7,7.700000000000001,0,1,0,0,2,0
1,1,0,0,0,1,0,3,22,11,2,35,2,12,12.250000000000002,0,2,0,1,2,3
1,0,0,1,0,0,1,3,10,5,1,16,1,5,5.6000000000000005,5,0,0,1,3,0
1,1,0,1,1,1,1,3,14,11,2,27,2,11,9.050000000000002,0,3,3,1,3,0
1,0,0,1,1,1,0,3,5,7,1,13,2,8,4.25,2,4,3,3,0,0
0,0,1,0,0,1,0,3,21,7,1,29,2,8,10.65,2,3,2,0,0,1
1,0,1,0,1,0,1,3,16,5,2,23,1,5,8.200000000000001,3,1,3,0,1,3
0,0,1,0,1,0,1,3,8,7,1,16,1,7,5.300000000000001,0,2,2,2,3,2
1,0,0,0,1,0,1,3,15,11,1,27,1,11,9.1,4,3,1,2,3,4
1,0,0,0,0,1,1,3,14,6,1,21,2,6,7.6000000000000005,5,3,1,4,3,0
1,0,1,0,0,1,0,3,16,6,2,24,2,7,8.600000000000001,6,3,3,1,3,3
1,0,1,1,0,0,0,3,14,12,2,28,1,13,9.150000000000002,3,3,0,0,3,1
0,1,1,0,1,1,0,3,23,12,2,37,2,13,12.900000000000002,6,3,1,4,3,3
1,1,0,1,1,1,1,3,10,7,2,19,2,7,6.45,6,0,2,1,3,0
0,1,1,0,1,1,1,3,12,12,2,26,2,12,8.500000000000002,0,2,2,0,0,1
0,0,0,1,0,1,0,3,19,11,0,30,2,12,10.650000000000002,1,2,3,2,3,1
1,0,0,1,1,1,1,3,18,9,1,28,2,9,9.95,3,2,2,1,3,4
1,1,0,1,0,0,0,3,13,6,2,21,1,7,7.250000000000001,5,3,2,1,0,3
1,0,0,0,0,1,0,3,16,4,1,21,2,5,7.9,3,3,1,0,2,2
0,1,1,1,0,0,1,3,13,5,2,20,1,5,7.000000000000001,1,4,2,1,1,1
0,0,1,1,1,0,0,3,17,11,1,29,1,12,9.9,5,3,2,4,2,1
1,0,1,0,0,1,0,3,12,5,2,19,2,6,6.750000000000001,5,4,3,0,3,1
0,0,0,0,1,1,1,3,10,5,0,15,2,5,5.55,1,0,1,0,1,4
1,0,1,1,0,0,1,3,15,11,2,28,1,11,9.3,5,3,1,2,1,2
1,0,0,0,1,1,1,3,13,12,1,26,2,12,8.7,5,3,0,1,3,4
1,1,0,1,1,0,0,3,20,10,2,32,1,11,11.05,1,3,1,4,0,4
1,0,0,1,0,0,1,3,10,9,1,20,1,9,6.6000000000000005,5,2,1,3,3,0
0,1,1,0,0,1,0,3,12,13,2,27,2,14,8.750000000000002,2,2,1,0,1,0
0,1,1,1,1,1,0,3,16,7,2,25,2,8,8.850000000000001,5,3,2,0,1,3
0,0,0,1,0,1,0,3,10,7,0,17,2,8,6.05,0,3,3,0,3,1
1,0,0,0,0,0,1,3,13,8,1,22,1,8,7.550000000000001,1,4,3,1,0,0
1,0,1,1,0,0,1,3,15,6,2,23,1,6,8.05,0,2,1,2,1,3
1,0,0,0,0,1,0,3,2,7,1,10,2,8,3.05,5,3,0,3,1,0
0,0,0,1,0,0,1,3,11,9,0,20,1,9,6.800000000000001,6,2,0,1,3,3
0,0,0,1,1,1,1,3,13,5,0,18,2,5,6.75,3,2,1,3,2,1
1,1,0,0,0,1,0,3,18,7,2,27,2,8,9.65,6,3,0,0,3,0
0,1,0,0,1,0,0,3,20,14,1,35,1,15,11.85,2,3,1,3,1,0
0,0,1,0,0,0,1,3,21,10,1,32,1,10,11.25,4,4,0,3,3,3
1,0,0,1,0,0,0,3,11,9,1,21,1,10,7.000000000000001,0,3,2,4,0,1
1,0,1,1,1,0,1,3,8,9,2,19,1,9,6.000000000000001,3,0,3,4,3,1
0,1,1,1,0,0,0,3,13,10,2,25,1,11,8.25,2,2,0,3,1,0
0,1,1,0,0,0,1,3,14,5,2,21,1,5,7.400000000000001,0,0,1,1,3,0
0,0,1,0,1,0,0,3,18,5,1,24,1,6,8.799999999999999,0,3,1,1,3,1
0,0,1,0,0,1,1,3,15,10,1,26,2,10,9.0,0,2,1,1,0,4
1,1,0,1,0,1,0,3,16,13,2,31,2,14,10.350000000000001,3,3,0,4,1,3
0,1,1,0,1,0,0,3,12,11,2,25,1,12,8.100000000000001,6,1,1,1,3,3
0,1,0,1,0,0,0,3,10,9,1,20,1,10,6.6000000000000005,5,3,3,1,1,2
0,0,0,1,1,1,1,3,17,12,0,29,2,12,10.100000000000001,6,3,1,2,2,0
0,0,0,1,1,0,0,3,12,11,0,23,1,12,7.700000000000001,1,3,1,1,2,1
0,1,1,0,0,1,0,3,7,9,2,18,2,10,5.750000000000001,6,2,3,3,3,3
0,0,1,0,1,1,1,3,16,13,1,30,2,13,10.15,3,3,1,3,0,4
0,1,0,0,0,1,1,3,9,7,1,17,2,7,5.85,5,3,3,4,1,0
1,1,1,1,1,1,1,3,8,11,3,22,2,11,6.8500000000000005,6,3,0,0,3,4
1,0,1,1,1,1,0,3,19,8,2,29,2,9,10.300000000000002,0,0,1,4,3,1
0,1,1,1,1,0,0,3,18,12,2,32,1,13,10.75,1,4,0,1,0,0
1,0,1,0,0,0,0,3,23,11,2,36,1,12,12.500000000000002,2,4,2,1,1,0
1,1,1,1,1,1,0,3,13,9,3,25,2,10,8.350000000000001,5,2,1,0,3,0
1,1,1,0,0,1,0,3,18,8,3,29,2,9,10.1,2,2,1,0,3,2
1,0,1,0,1,0,1,3,24,12,2,38,1,12,13.150000000000002,0,3,3,0,2,3
1,0,0,1,1,0,1,3,10,12,1,23,1,12,7.3500000000000005,3,3,3,3,3,1
1,0,0,1,0,0,0,3,8,7,1,16,1,8,5.300000000000001,1,3,2,4,3,0
0,0,0,0,0,1,1,3,15,6,0,21,2,6,7.8,3,3,2,2,0,1
0,1,1,0,0,0,0,3,17,11,2,30,1,12,10.100000000000001,6,3,0,4,0,4
0,1,1,0,1,0,1,3,12,6,2,20,1,6,6.850000000000001,1,0,0,4,3,4
1,1,1,0,1,1,1,3,11,13,3,27,2,13,8.55,0,0,3,4,2,1
1,1,1,1,1,1,0,3,17,12,3,32,2,13,10.700000000000001,6,2,3,4,1,4
1,0,0,1,0,0,1,3,16,7,1,24,1,7,8.5,2,0,2,4,1,2
1,0,1,1,1,0,0,3,8,9,2,19,1,10,6.000000000000001,0,0,1,3,0,2
0,0,1,1,1,0,0,3,19,6,1,26,1,7,9.450000000000001,2,1,0,4,3,3
1,0,0,0,0,1,1,3,4,7,1,12,2,7,3.85,1,3,1,0,3,4
0,0,1,0,0,0,1,3,4,8,1,13,1,8,3.95,5,4,2,0,1,0
0,0,0,1,1,0,0,3,13,8,0,21,1,9,7.3500000000000005,3,0,3,3,1,3
1,1,0,1,0,0,1,3,15,12,2,29,1,12,9.55,0,2,3,0,1,1
0,1,1,0,1,0,1,3,16,10,2,28,1,10,9.450000000000001,2,3,3,4,0,3
1,1,0,1,0,0,1,3,12,5,2,19,1,5,6.600000000000001,5,3,3,1,3,1
1,0,1,0,0,0,1,3,18,8,2,28,1,8,9.75,4,4,3,2,3,2
1,1,1,0,1,0,0,3,17,10,3,30,1,11,10.05,3,3,1,2,3,0
0,1,1,0,1,1,1,3,10,12,2,24,2,12,7.7,3,3,1,3,3,4
1,1,0,0,0,0,0,3,9,11,2,22,1,12,6.9,2,2,0,1,2,1
1,0,1,1,0,0,1,3,13,11,2,26,1,11,8.5,1,1,2,3,3,2
1,1,1,1,0,1,0,3,6,7,3,16,2,8,5.05,1,2,3,4,3,1
1,1,1,1,0,1,1,3,8,13,3,24,2,13,7.3500000000000005,0,3,3,1,3,0
1,1,1,0,1,1,0,3,4,6,3,13,2,7,4.0,1,2,0,4,0,4
0,0,0,0,1,1,1,3,10,11,0,21,2,11,7.05,1,0,0,0,0,2
1,0,1,0,0,0,1,3,7,11,2,20,1,11,6.100000000000001,5,4,3,4,0,2
0,1,0,1,1,0,0,3,12,7,1,20,1,8,6.900000000000001,5,4,0,3,3,4
1,1,0,0,1,1,1,3,17,13,2,32,2,13,10.750000000000002,0,2,0,4,1,0
1,1,1,1,1,1,0,3,8,10,3,21,2,11,6.6000000000000005,2,3,3,2,0,0
0,0,0,0,0,1,0,3,10,10,0,20,2,11,6.8,4,4,3,0,1,1
1,0,0,0,0,1,1,3,12,14,1,27,2,14,8.8,1,3,2,4,2,1
1,0,1,0,1,0,0,3,12,12,2,26,1,13,8.350000000000001,4,3,0,1,1,1
1,1,1,1,1,1,0,3,11,13,3,27,2,14,8.55,0,3,0,4,3,0
1,1,1,1,0,0,1,3,17,7,3,27,1,7,9.3,5,2,1,2,0,2
0,0,1,1,1,1,0,3,15,6,1,22,2,7,8.0,4,3,3,2,0,4
0,0,0,0,0,1,0,3,20,11,0,31,2,12,11.05,0,3,3,1,2,1
1,1,1,0,0,1,1,3,19,10,3,32,2,10,11.000000000000002,5,3,1,1,3,0
0,1,1,0,1,0,0,3,12,5,2,19,1,6,6.600000000000001,2,3,2,4,1,3
0,0,1,0,0,0,1,3,14,10,1,25,1,10,8.450000000000001,3,4,3,0,3,0
0,1,0,1,1,1,1,3,20,8,1,29,2,8,10.5,2,2,0,3,0,3
0,0,0,1,0,0,1,3,8,9,0,17,1,9,5.6000000000000005,2,0,0,4,3,4
0,0,0,1,0,1,0,3,13,5,0,18,2,6,6.75,5,4,2,1,3,0
0,0,1,0,1,1,1,3,14,6,1,21,2,6,7.6000000000000005,4,1,2,4,1,0
0,1,0,0,1,0,0,3,10,9,1,20,1,10,6.6000000000000005,0,3,2,1,3,0
1,1,1,1,1,1,1,3,17,8,3,28,2,8,9.700000000000001,6,3,2,2,3,0
0,1,0,1,1,1,1,3,14,12,1,27,2,12,9.100000000000001,6,4,2,2,3,0
0,1,0,1,1,0,1,3,9,13,1,23,1,13,7.2,0,4,1,0,2,4
1,0,1,1,1,0,0,3,6,10,2,18,1,11,5.450000000000001,1,3,0,0,1,4
1,0,1,0,1,0,1,3,17,7,2,26,1,7,9.100000000000001,6,2,1,0,2,3
0,0,1,1,0,0,1,3,9,7,1,17,1,7,5.7,0,2,2,4,3,1
1,1,0,0,1,0,1,3,16,9,2,27,1,9,9.200000000000001,1,3,1,2,2,0
1,1,0,0,1,0,1,3,9,11,2,22,1,11,6.9,2,0,2,1,1,4
0,0,0,0,0,0,1,3,11,4,0,15,1,4,5.550000000000001,2,3,3,0,3,0
1,1,0,1,0,1,0,3,12,7,2,21,2,8,7.250000000000001,3,4,1,4,1,4
1,0,0,0,1,0,0,3,15,4,1,20,1,5,7.3500000000000005,0,3,1,0,3,0
0,0,0,1,1,1,0,3,20,7,0,27,2,8,10.05,5,1,2,0,1,3
0,1,0,0,0,0,1,3,16,7,1,24,1,7,8.5,1,3,0,1,3,4
1,0,0,0,0,1,1,3,14,10,1,25,2,10,8.600000000000001,1,2,2,3,3,4
1,0,1,1,1,0,1,3,6,5,2,13,1,5,4.200000000000001,2,3,2,0,3,4
0,1,1,1,1,0,0,3,16,8,2,26,1,9,8.950000000000001,5,3,0,1,0,2
1,1,1,1,0,1,0,3,14,13,3,30,2,14,9.750000000000002,6,3,1,4,3,1
1,1,0,0,0,1,1,3,17,6,2,25,2,6,9.000000000000002,1,3,3,1,3,4
0,1,0,0,0,1,1,3,22,6,1,29,2,6,10.8,3,2,3,4,0,3
1,0,0,1,1,0,1,3,2,4,1,7,1,4,2.15,6,2,3,2,0,0
0,0,1,1,0,1,1,3,18,6,1,25,2,6,9.2,3,3,3,2,0,3
0,1,0,1,1,0,0,3,16,11,1,28,1,12,9.5,5,2,1,3,0,4
1,1,0,1,0,1,1,3,11,7,2,20,2,7,6.8500000000000005,3,2,0,1,3,0
0,0,1,0,0,1,1,3,9,11,1,21,2,11,6.85,1,3,3,2,1,1
1,1,1,0,0,0,1,3,13,14,3,30,1,14,9.45,0,2,3,2,1,4
0,1,1,1,1,1,1,3,11,12,2,25,2,12,8.100000000000001,3,0,0,1,2,0
1,0,0,0,1,1,1,3,5,5,1,11,2,5,3.75,5,3,0,3,3,1
1,1,1,1,1,0,1,3,9,10,3,22,1,10,6.85,5,3,3,1,2,0
1,1,1,1,0,0,1,3,14,8,3,25,1,8,8.350000000000001,6,2,1,3,2,2
1,1,1,1,1,0,0,3,20,11,3,34,1,12,11.5,1,1,3,1,3,1
0,0,0,0,0,0,1,3,12,12,0,24,1,12,7.950000000000001,0,2,1,2,3,0
1,0,0,0,1,1,1,3,10,14,1,25,2,14,8.0,3,3,1,4,3,0
0,0,0,1,0,0,1,3,14,14,0,28,1,14,9.250000000000002,1,3,1,3,2,4
1,0,1,0,1,0,1,3,13,6,2,21,1,6,7.250000000000001,3,3,1,4,1,0
1,0,1,1,1,0,1,3,12,8,2,22,1,8,7.350000000000001,5,0,3,2,0,3
1,1,1,0,0,0,1,3,12,4,3,19,1,4,6.550000000000001,4,3,3,1,3,0
1,0,1,0,0,1,1,3,16,15,2,33,2,15,10.850000000000001,3,3,0,4,0,3
0,1,0,1,0,0,0,3,21,5,1,27,1,6,10.0,3,1,0,4,2,4
0,0,0,0,1,1,1,3,12,10,0,22,2,10,7.6000000000000005,5,0,3,2,1,2
1,1,0,0,1,0,1,3,17,9,2,28,1,9,9.600000000000001,6,4,3,1,1,0
0,0,0,0,0,0,0,3,9,14,0,23,1,15,7.25,2,2,1,0,3,4
1,1,0,1,1,1,0,3,17,4,2,23,2,5,8.500000000000002,0,4,2,1,3,3
1,0,1,0,0,0,1,3,14,6,2,22,1,6,7.650000000000001,3,4,2,1,3,1
1,0,0,1,0,1,0,3,13,6,1,20,2,7,7.2,2,2,1,4,2,4
1,1,1,1,1,1,1,3,9,6,3,18,2,6,5.999999999999999,0,0,2,1,0,4
0,0,0,1,1,0,1,3,11,7,0,18,1,7,6.300000000000001,3,1,3,1,0,4
0,0,1,0,0,1,1,3,20,4,1,25,2,4,9.5,6,0,0,4,0,2
1,0,0,1,1,0,0,3,14,11,1,26,1,12,8.700000000000001,5,2,0,4,3,1
1,1,0,0,0,0,0,3,5,7,2,14,1,8,4.300000000000001,3,4,1,4,3,1
1,0,0,0,1,0,1,3,16,7,1,24,1,7,8.5,5,3,2,4,0,1
1,0,1,0,1,0,1,3,11,12,2,25,1,12,7.950000000000001,1,3,0,1,1,0
0,1,1,1,1,0,1,3,15,7,2,24,1,7,8.3,5,3,0,4,0,1
1,1,1,1,1,1,1,3,17,11,3,31,2,11,10.450000000000001,0,3,2,4,1,0
0,0,1,0,0,0,1,3,5,10,1,16,1,10,4.8500000000000005,1,3,0,4,3,1
1,1,0,0,0,0,0,3,8,6,2,16,1,7,5.250000000000001,2,3,2,3,3,3
0,1,0,0,1,1,0,3,19,9,1,29,2,10,10.350000000000001,3,3,0,4,3,3
0,1,0,1,1,0,1,3,13,6,1,20,1,6,7.050000000000001,2,3,0,1,3,2
1,0,1,1,1,1,1,3,19,5,2,26,2,5,9.550000000000002,3,2,3,1,1,1
0,1,0,1,0,1,0,3,23,8,1,32,2,9,11.700000000000001,6,3,1,4,2,4
1,0,1,1,1,1,1,3,19,8,2,29,2,8,10.300000000000002,1,3,2,4,0,1
1,0,1,1,1,1,1,3,5,15,2,22,2,15,6.45,3,3,3,1,1,3
1,0,1,0,0,0,1,3,15,9,2,26,1,9,8.8,1,2,3,2,3,4
1,0,0,0,1,1,0,3,17,5,1,23,2,6,8.55,2,3,1,0,3,3
1,0,1,0,1,1,0,3,10,8,2,20,2,9,6.7,6,3,0,3,3,0
1,1,1,0,0,0,0,3,18,13,3,34,1,14,11.2,0,2,2,0,2,0
1,0,0,0,0,0,1,3,11,6,1,18,1,6,6.250000000000001,1,0,3,2,1,3
1,0,1,1,0,1,1,3,16,12,2,30,2,12,10.100000000000001,3,2,2,4,3,3
0,0,0,1,1,1,1,3,13,15,0,28,2,15,9.25,3,3,0,4,1,1
1,0,1,0,1,0,0,3,8,11,2,21,1,12,6.500000000000001,5,2,2,0,1,4
1,0,1,0,1,0,1,3,11,14,2,27,1,14,8.450000000000001,3,3,0,0,1,0
0,1,1,0,0,1,1,3,5,10,2,17,2,10,5.2,1,3,0,1,2,1
0,0,1,0,0,0,1,3,13,12,1,26,1,12,8.549999999999999,5,2,0,3,1,0
0,1,0,1,0,0,1,3,15,6,1,22,1,6,7.8500000000000005,6,2,0,2,0,1
0,0,1,0,0,1,0,3,6,4,1,11,2,5,3.9000000000000004,1,3,0,0,3,1
1,1,0,1,1,1,1,3,11,11,2,24,2,11,7.8500000000000005,0,4,0,4,3,3
0,1,1,0,0,1,0,3,17,12,2,31,2,13,10.500000000000002,5,4,3,2,2,4
1,0,0,0,0,1,1,3,9,10,1,20,2,10,6.6,1,0,2,4,3,0
1,1,0,0,1,0,0,3,18,5,2,25,1,6,9.0,0,1,1,1,2,1
1,0,0,1,1,1,1,3,16,13,1,30,2,13,10.15,0,0,0,1,3,0
0,1,0,0,1,0,0,3,10,7,1,18,1,8,6.1000000000000005,0,1,1,2,3,1
1,1,0,0,1,0,1,3,18,10,2,30,1,10,10.25,3,1,3,4,3,4
1,0,1,1,1,1,1,3,10,11,2,23,2,11,7.45,6,3,3,4,3,4
1,1,0,0,0,0,1,3,4,8,2,14,1,8,4.15,5,0,1,1,3,1
0,0,1,0,0,1,0,3,10,11,1,22,2,12,7.25,5,3,0,3,1,0
0,1,1,1,0,0,1,3,12,15,2,29,1,15,9.100000000000001,2,0,2,4,0,3
1,1,0,0,0,0,0,3,12,6,2,20,1,7,6.850000000000001,1,3,0,4,2,1
1,1,0,1,0,1,1,3,21,11,2,34,2,11,11.850000000000001,2,2,2,1,2,0
1,0,1,0,1,0,1,3,11,12,2,25,1,12,7.950000000000001,1,3,2,3,1,0
0,1,0,0,1,1,0,3,14,10,1,25,2,11,8.600000000000001,3,4,1,0,3,4
0,0,0,0,1,0,1,3,11,13,0,24,1,13,7.800000000000001,6,3,3,2,2,2
0,0,1,1,0,1,1,3,12,10,1,23,2,10,7.800000000000001,3,3,2,3,3,1
1,1,0,1,0,0,0,3,16,10,2,28,1,11,9.450000000000001,1,3,0,4,3,1
0,1,1,1,0,1,1,3,8,8,2,18,2,8,5.9,2,0,2,4,0,0
0,1,0,1,0,1,1,3,12,8,1,21,2,8,7.300000000000001,2,3,1,1,3,4
0,0,0,0,1,1,0,3,13,6,0,19,2,7,7.0,3,3,3,1,3,4
1,1,0,0,0,0,0,3,16,5,2,23,1,6,8.200000000000001,0,3,3,0,2,3
0,1,1,1,0,0,1,3,13,8,2,23,1,8,7.750000000000001,3,3,2,1,3,4
1,1,1,1,0,1,0,3,18,11,3,32,2,12,10.85,3,0,0,4,1,0
1,0,0,0,1,1,0,3,12,9,1,22,2,10,7.550000000000001,2,2,0,4,2,4
1,0,1,0,0,1,1,3,16,11,2,29,2,11,9.850000000000001,1,3,3,0,2,3
1,1,1,0,0,1,1,3,14,14,3,31,2,14,10.000000000000002,2,1,3,4,0,1
0,1,0,1,0,0,1,3,16,12,1,29,1,12,9.75,5,0,0,1,3,0
1,0,0,0,0,0,0,3,18,13,1,32,1,14,10.799999999999999,2,2,3,3,2,3
1,1,0,0,1,1,0,3,21,6,2,29,2,7,10.600000000000001,3,3,3,1,0,1
1,0,1,0,1,0,0,3,19,6,2,27,1,7,9.650000000000002,1,0,1,0,3,0
0,1,1,0,0,1,1,3,16,9,2,27,2,9,9.350000000000001,4,0,1,0,1,4
1,0,1,1,1,1,1,3,11,13,2,26,2,13,8.350000000000001,0,3,2,2,3,1
1,0,1,1,0,0,1,3,16,7,2,25,1,7,8.700000000000001,3,2,2,0,1,4
1,0,0,0,1,1,0,3,11,6,1,18,2,7,6.4,0,2,0,4,0,3
0,0,1,1,0,0,0,3,10,9,1,20,1,10,6.6000000000000005,5,3,3,4,2,3
0,1,1,1,0,0,0,3,14,11,2,27,1,12,8.900000000000002,5,3,2,2,0,0
1,0,0,0,1,0,1,3,11,15,1,27,1,15,8.5,1,3,0,4,0,0
0,0,0,1,1,0,0,3,16,5,0,21,1,6,7.800000000000001,3,2,0,2,1,0
1,0,1,1,1,1,0,3,15,13,2,30,2,14,9.950000000000001,5,3,2,4,3,0
0,0,0,1,1,0,0,3,7,7,0,14,1,8,4.700000000000001,6,3,3,1,2,0
0,0,1,0,1,1,1,3,9,11,1,21,2,11,6.85,5,3,0,1,3,4
0,1,1,0,0,1,1,3,6,10,2,18,2,10,5.6000000000000005,3,3,3,1,1,1
1,0,1,0,0,1,1,3,11,9,2,22,2,9,7.3500000000000005,0,3,3,4,3,2
1,1,1,1,0,0,1,3,17,5,3,25,1,5,8.8,0,3,2,4,1,4
1,0,1,1,0,0,1,3,15,8,2,25,1,8,8.55,0,4,3,1,3,0
1,0,0,0,0,1,1,3,15,8,1,24,2,8,8.5,1,3,0,2,2,0
1,0,0,1,0,0,0,3,7,10,1,18,1,11,5.650000000000001,1,2,0,1,2,2
1,0,0,0,0,0,0,3,4,7,1,12,1,8,3.7,5,2,1,2,0,3
0,1,1,0,1,1,0,3,11,6,2,19,2,7,6.6000000000000005,5,3,2,4,3,0
0,1,1,1,0,0,0,3,15,6,2,23,1,7,8.05,0,1,3,0,0,0
0,1,0,1,1,1,1,3,14,7,1,22,2,7,7.8500000000000005,6,3,0,3,3,0
0,0,0,1,0,1,1,3,13,13,0,26,2,13,8.75,5,3,1,4,3,3
0,0,1,0,1,1,0,3,10,11,1,22,2,12,7.25,2,1,0,0,0,3
0,0,1,1,0,1,1,3,14,10,1,25,2,10,8.600000000000001,2,3,0,1,3,3
1,1,0,1,0,0,0,3,9,10,2,21,1,11,6.65,6,2,0,0,3,1
0,0,0,1,0,1,1,3,16,7,0,23,2,7,8.450000000000001,1,1,2,4,0,4
1,0,0,0,1,1,1,3,20,6,1,27,2,6,10.0,5,3,1,1,0,3
1,0,0,1,0,0,0,3,12,9,1,22,1,10,7.400000000000001,6,4,3,1,3,1
0,1,1,0,0,0,1,3,14,5,2,21,1,5,7.400000000000001,1,3,2,4,3,2
1,0,1,0,1,0,0,3,10,5,2,17,1,6,5.800000000000001,1,2,0,1,0,4
1,1,1,0,0,1,1,3,15,9,3,27,2,9,9.15,3,0,1,1,2,0
0,1,1,0,1,0,0,3,14,9,2,25,1,10,8.4,3,2,2,2,0,4
0,0,1,0,0,1,1,3,10,8,1,19,2,8,6.5,0,4,2,4,1,1
1,1,1,1,1,0,1,3,6,7,3,16,1,7,4.9,2,3,3,4,3,0
1,0,1,1,1,0,1,3,16,13,2,31,1,13,10.200000000000001,1,0,3,1,3,0
0,1,1,1,0,0,0,3,18,5,2,25,1,6,9.0,5,4,2,3,1,0
0,1,0,1,0,1,1,3,10,14,1,25,2,14,8.0,2,2,1,1,1,0
1,0,0,0,1,0,1,3,13,10,1,24,1,10,8.05,2,0,2,2,3,0
0,0,0,0,1,0,1,3,8,13,0,21,1,13,6.6000000000000005,3,2,1,1,2,1
0,0,0,1,1,0,1,3,18,14,0,32,1,14,10.85,0,4,2,2,3,4
0,0,0,0,1,1,1,3,10,5,0,15,2,5,5.55,2,1,2,0,2,3
0,1,1,0,1,1,1,3,12,11,2,25,2,11,8.250000000000002,6,3,0,1,3,0
0,0,1,1,1,1,1,3,10,10,1,21,2,10,7.0,5,2,2,4,1,4
0,1,1,1,0,1,1,3,11,12,2,25,2,12,8.100000000000001,6,3,3,1,1,3
1,1,1,0,1,0,0,3,15,10,3,28,1,11,9.25,5,0,0,0,0,4
1,1,0,1,0,0,0,3,10,11,2,23,1,12,7.300000000000001,5,3,2,2,3,3
1,0,0,0,1,0,1,3,9,7,1,17,1,7,5.7,2,3,2,1,3,3
1,1,1,1,0,0,1,3,9,7,3,19,1,7,6.1,3,1,1,0,1,3
0,1,0,0,1,0,0,3,22,10,1,33,1,11,11.65,5,3,1,4,3,2
1,1,1,0,0,1,1,3,17,9,3,29,2,9,9.950000000000001,6,2,0,2,3,0
0,1,0,0,1,1,0,3,15,11,1,27,2,12,9.25,5,0,2,0,3,4
0,0,1,0,1,0,0,3,15,7,1,23,1,8,8.1,3,1,0,4,0,4
1,0,0,0,1,1,0,3,19,14,1,34,2,15,11.600000000000001,0,0,1,0,3,1
0,0,1,0,1,1,0,3,5,5,1,11,2,6,3.75,0,4,3,4,3,4
1,0,1,0,1,1,0,3,14,10,2,26,2,11,8.800000000000002,6,3,1,4,3,0
1,1,1,0,0,0,1,3,13,10,3,26,1,10,8.450000000000001,0,3,2,4,0,4
1,1,1,1,0,1,1,3,13,12,3,28,2,12,9.1,6,3,2,1,2,0
1,0,1,1,1,0,0,3,17,12,2,31,1,13,10.350000000000001,6,1,0,2,3,4
1,0,0,1,0,1,1,3,11,7,1,19,2,7,6.65,6,3,1,1,1,4
1,1,1,0,0,0,0,3,12,5,3,20,1,6,6.800000000000001,3,2,3,0,3,2
1,1,1,1,1,0,1,3,9,9,3,21,1,9,6.6,0,4,2,4,3,1
0,1,0,0,1,0,1,3,15,10,1,26,1,10,8.85,1,0,0,4,0,3
0,1,0,1,0,0,0,3,14,9,1,24,1,10,8.200000000000001,0,4,1,1,1,1
1,1,1,1,0,0,0,3,13,4,3,20,1,5,6.950000000000001,3,4,2,4,2,0
1,1,1,0,1,0,1,3,15,5,3,23,1,5,8.0,1,2,2,4,3,2
1,1,0,1,1,1,1,3,12,6,2,20,2,6,7.000000000000001,0,1,0,0,3,0
0,0,0,1,1,0,0,3,7,9,0,16,1,10,5.200000000000001,6,3,0,0,2,2
1,0,1,1,0,0,1,3,11,11,2,24,1,11,7.700000000000001,6,0,1,1,3,1
1,1,0,0,1,1,0,3,13,6,2,21,2,7,7.4,1,3,1,2,1,1
0,0,1,0,0,0,1,3,8,7,1,16,1,7,5.300000000000001,1,0,3,1,3,2
0,0,0,0,1,1,1,3,9,10,0,19,2,10,6.3999999999999995,5,3,1,0,0,4
1,1,1,1,1,1,0,3,14,10,3,27,2,11,9.000000000000002,1,4,3,1,1,0
1,0,0,0,1,1,0,3,18,6,1,25,2,7,9.2,3,2,3,4,3,3
0,0,0,0,0,1,1,3,16,6,0,22,2,6,8.200000000000001,1,3,1,4,1,2
1,0,0,1,0,1,0,3,12,10,1,23,2,11,7.800000000000001,2,4,2,4,3,4
1,0,1,0,1,1,0,3,13,7,2,22,2,8,7.65,3,3,2,1,0,4
0,1,1,1,0,0,0,3,15,5,2,22,1,6,7.800000000000001,2,2,0,4,1,0
0,0,0,0,1,0,0,3,15,4,0,19,1,5,7.15,2,4,3,1,3,2
0,0,0,0,1,0,0,3,18,8,0,26,1,9,9.35,5,2,2,1,3,4
1,0,0,1,0,0,0,3,8,7,1,16,1,8,5.300000000000001,0,3,3,0,0,1
1,1,1,0,1,1,0,3,12,6,3,21,2,7,7.2,0,3,2,4,3,0
0,0,1,1,0,0,1,3,9,9,1,19,1,9,6.2,2,1,2,0,3,0
1,0,0,0,0,1,0,3,16,13,1,30,2,14,10.15,1,3,3,1,0,3
0,0,1,1,1,1,1,3,14,9,1,24,2,9,8.350000000000001,5,2,1,4,3,0
0,0,0,1,1,1,1,3,11,12,0,23,2,12,7.7,3,3,3,4,3,0
0,0,0,0,0,1,0,3,12,5,0,17,2,6,6.3500000000000005,5,2,0,3,1,1
1,1,0,0,1,1,1,3,16,8,2,26,2,8,9.100000000000001,2,4,0,4,1,2
0,1,1,1,1,0,1,3,15,7,2,24,1,7,8.3,0,0,2,4,3,3
1,1,0,1,1,0,0,3,6,13,2,21,1,14,6.200000000000001,5,3,0,1,3,3
0,0,1,1,0,1,1,3,11,11,1,23,2,11,7.65,5,3,1,1,3,0
0,1,1,1,0,1,1,3,6,4,2,12,2,4,4.1000000000000005,1,2,1,4,3,1
1,0,1,1,0,0,1,3,18,7,2,27,1,7,9.5,0,2,2,4,0,1
1,1,0,1,0,0,1,3,13,14,2,29,1,14,9.25,2,3,1,4,1,1
0,1,0,1,0,0,0,3,19,7,1,27,1,8,9.700000000000001,0,3,2,1,3,4
0,1,1,0,1,0,0,3,13,8,2,23,1,9,7.750000000000001,0,2,3,1,2,0
0,0,0,0,0,0,0,3,11,9,0,20,1,10,6.800000000000001,4,3,3,0,3,0
1,1,0,1,1,0,1,3,17,8,2,27,1,8,9.350000000000001,2,3,2,0,0,3
1,0,0,0,0,0,0,3,17,6,1,24,1,7,8.65,5,3,2,4,3,3
1,0,0,0,1,0,1,3,17,10,1,28,1,10,9.65,3,3,0,1,0,0
0,0,0,0,1,0,0,3,16,15,0,31,1,16,10.3,3,2,0,0,1,0
1,0,1,1,1,1,1,3,15,13,2,30,2,13,9.950000000000001,6,0,3,3,1,3
0,0,0,1,1,0,0,3,15,9,0,24,1,10,8.4,5,3,1,0,3,1
0,1,1,1,1,1,1,3,17,10,2,29,2,10,10.000000000000002,0,3,3,0,3,4
0,0,0,1,0,0,1,3,12,9,0,21,1,9,7.200000000000001,6,3,3,4,3,0
1,1,1,1,0,0,1,3,15,11,3,29,1,11,9.5,6,2,1,1,3,4
1,1,0,1,1,0,0,3,8,12,2,22,1,13,6.750000000000001,0,3,3,1,1,4
1,0,0,1,1,0,1,3,11,9,1,21,1,9,7.000000000000001,5,3,3,4,0,0
0,1,0,1,0,0,0,3,12,6,1,19,1,7,6.650000000000001,3,3,1,4,3,1
0,1,1,0,1,0,0,3,10,15,2,27,1,16,8.3,5,0,1,0,2,3
0,1,1,0,0,1,1,3,20,7,2,29,2,7,10.450000000000001,1,2,3,4,1,4
1,1,0,0,0,0,1,3,11,13,2,26,1,13,8.200000000000001,3,2,1,2,3,2
0,1,1,0,1,0,0,3,12,6,2,20,1,7,6.850000000000001,5,3,2,4,1,0
1,0,1,1,0,0,0,3,8,14,2,24,1,15,7.250000000000001,5,2,2,2,3,0
0,1,1,1,1,0,1,3,8,11,2,21,1,11,6.500000000000001,1,2,1,4,3,0
1,0,1,1,0,1,0,3,18,10,2,30,2,11,10.4,6,3,0,4,2,0
1,0,1,0,0,0,1,3,19,13,2,34,1,13,11.400000000000002,1,4,3,4,1,2
0,1,0,0,0,0,1,3,17,6,1,24,1,6,8.65,0,3,2,1,3,3
0,1,1,1,1,0,0,3,15,3,2,20,1,4,7.300000000000001,1,4,2,1,1,1
0,0,0,0,1,1,1,3,13,5,0,18,2,5,6.75,1,3,1,2,2,4
0,1,1,1,0,0,0,3,18,8,2,28,1,9,9.75,0,3,2,4,2,2
1,0,1,0,1,1,0,3,11,10,2,23,2,11,7.6000000000000005,0,1,0,0,3,3
1,0,1,1,0,1,0,3,6,7,2,15,2,8,4.8500000000000005,1,4,3,4,2,3
0,1,0,1,0,0,0,3,15,11,1,27,1,12,9.1,6,2,3,1,3,2
0,1,0,0,1,1,1,3,13,11,1,25,2,11,8.450000000000001,6,3,2,2,1,1
1,0,0,1,1,0,0,3,17,5,1,23,1,6,8.4,6,3,1,4,0,0
1,0,1,1,1,1,0,3,12,8,2,22,2,9,7.500000000000001,3,3,2,4,3,2
1,0,1,1,1,1,1,3,19,5,2,26,2,5,9.550000000000002,4,4,2,1,3,2
1,0,1,0,0,1,0,3,15,13,2,30,2,14,9.950000000000001,3,3,2,4,3,0
1,1,1,1,0,0,1,3,14,6,3,23,1,6,7.850000000000001,1,2,1,1,3,1
0,0,0,0,0,1,0,3,12,6,0,18,2,7,6.6000000000000005,1,0,2,1,2,4
0,0,0,0,1,1,0,3,13,9,0,22,2,10,7.75,5,2,3,0,2,4
0,1,1,0,1,1,0,3,10,9,2,21,2,10,6.95,0,3,0,1,0,0
0,0,0,1,0,0,0,3,14,9,0,23,1,10,8.0,3,1,2,0,1,0
0,1,0,1,0,1,0,3,22,10,1,33,2,11,11.8,5,0,2,1,2,0
0,0,0,1,1,0,0,3,12,14,0,26,1,15,8.450000000000001,5,3,0,1,3,4
0,0,1,1,0,0,1,3,11,6,1,18,1,6,6.250000000000001,5,1,0,0,0,3
0,0,1,1,0,0,1,3,15,12,1,28,1,12,9.35,3,3,3,4,3,4
0,0,1,1,1,0,0,3,16,12,1,29,1,13,9.75,1,3,0,4,3,0
1,0,1,1,0,1,1,3,5,12,2,19,2,12,5.7,1,3,2,2,0,0
1,1,1,0,1,1,0,3,16,12,3,31,2,13,10.3,3,2,2,0,0,1
0,0,1,0,0,0,1,3,14,7,1,22,1,7,7.700000000000001,0,4,2,0,3,3
1,1,0,1,0,0,1,3,12,7,2,21,1,7,7.100000000000001,0,1,0,4,3,0
1,0,0,0,1,1,0,3,8,9,1,18,2,10,5.95,3,3,0,4,3,3
0,0,1,0,0,1,0,3,17,7,1,25,2,8,9.05,4,1,0,3,3,4
1,0,1,0,1,1,1,3,3,6,2,11,2,6,3.4,1,2,2,1,3,3
0,1,0,1,0,1,0,3,3,10,1,14,2,11,4.2,2,3,3,4,3,1
1,0,1,0,0,1,1,3,15,10,2,27,2,10,9.200000000000001,2,3,2,0,3,4
0,1,0,0,0,0,0,3,8,8,1,17,1,9,5.550000000000001,1,3,0,1,3,4
1,0,1,1,0,0,1,3,16,12,2,30,1,12,9.950000000000001,0,3,0,1,3,1
1,0,0,1,1,1,0,3,19,12,1,32,2,13,11.100000000000001,6,2,1,4,3,2
1,1,0,0,1,0,1,3,18,12,2,32,1,12,10.75,1,3,1,4,3,0
1,0,0,1,1,0,0,3,12,7,1,20,1,8,6.900000000000001,0,4,0,1,3,3
0,1,0,0,1,0,1,3,7,8,1,16,1,8,5.150000000000001,6,0,0,1,0,4
0,1,0,0,0,1,0,3,4,8,1,13,2,9,4.1000000000000005,2,2,2,3,3,4
1,1,1,1,1,1,0,3,14,8,3,25,2,9,8.500000000000002,3,4,3,3,1,4
0,0,0,1,1,0,0,3,9,15,0,24,1,16,7.5,3,3,0,3,2,4
0,1,0,1,0,0,0,3,20,9,1,30,1,10,10.6,5,2,3,1,3,0
0,1,0,1,1,1,0,3,10,8,1,19,2,9,6.5,5,2,0,4,1,0
1,1,0,1,0,1,0,3,14,11,2,27,2,12,9.050000000000002,2,2,1,3,0,4
0,1,1,0,0,0,1,3,6,5,2,13,1,5,4.200000000000001,1,4,1,2,1,1
0,0,1,0,0,0,1,3,18,10,1,29,1,10,10.049999999999999,3,3,2,4,3,3
1,1,1,1,1,1,1,3,13,10,3,26,2,10,8.600000000000001,1,4,1,4,3,3
0,0,0,0,1,0,1,3,5,6,0,11,1,6,3.65,2,3,2,4,1,4
1,1,0,1,1,0,1,3,4,9,2,15,1,9,4.4,0,3,3,4,3,1
0,1,0,1,0,0,0,3,16,11,1,28,1,12,9.5,1,4,2,0,3,3
0,1,0,0,1,0,1,3,13,9,1,23,1,9,7.800000000000001,5,2,0,0,3,0
0,1,1,0,0,0,0,3,21,11,2,34,1,12,11.700000000000001,0,2,1,4,0,3
1,1,1,1,1,1,1,3,14,9,3,26,2,9,8.750000000000002,1,3,2,1,1,2
1,0,1,0,1,1,1,3,19,5,2,26,2,5,9.550000000000002,5,0,3,1,1,1
1,1,1,1,1,0,0,3,17,10,3,30,1,11,10.05,1,0,1,0,0,1
0,1,1,1,1,1,1,3,18,6,2,26,2,6,9.4,5,3,1,4,2,0
0,0,0,0,0,0,1,3,3,11,0,14,1,11,4.1000000000000005,3,0,3,1,3,0
0,1,0,0,1,1,0,3,18,12,1,31,2,13,10.7,5,2,2,0,3,0
0,0,1,1,1,1,0,3,13,10,1,24,2,11,8.200000000000001,6,2,3,3,3,2
0,0,1,0,1,0,0,3,13,12,1,26,1,13,8.549999999999999,5,2,1,0,3,1
1,1,1,1,1,1,0,3,18,9,3,30,2,10,10.35,0,3,3,3,2,3
1,0,0,1,1,1,0,3,17,8,1,26,2,9,9.3,3,3,3,0,0,3
1,0,0,1,0,1,1,3,16,10,1,27,2,10,9.4,1,3,2,4,3,0
0,1,0,1,1,0,1,3,10,8,1,19,1,8,6.3500000000000005,6,2,2,1,0,4
1,1,1,1,0,1,1,3,4,4,3,11,2,4,3.5,1,4,3,4,2,4
0,1,1,1,1,0,0,3,12,15,2,29,1,16,9.100000000000001,1,1,0,4,3,3
1,0,1,0,1,0,1,3,13,12,2,27,1,12,8.75,1,4,3,4,1,3
1,0,1,1,1,0,0,3,14,8,2,24,1,9,8.15,1,3,3,0,3,4
1,0,1,0,1,0,0,3,15,13,2,30,1,14,9.8,3,3,3,4,0,2
1,0,0,0,1,1,1,3,9,14,1,24,2,14,7.6,3,0,0,1,3,1
1,0,1,1,0,1,1,3,18,5,2,25,2,5,9.15,0,0,2,0,3,4
1,1,0,1,1,1,1,3,17,12,2,31,2,12,10.500000000000002,5,2,3,4,3,4
0,0,0,1,0,1,1,3,19,4,0,23,2,4,8.900000000000002,2,3,0,1,2,4
0,1,1,1,1,1,1,3,4,8,2,14,2,8,4.3,5,3,2,4,3,0
0,1,1,0,0,0,1,3,13,9,2,24,1,9,8.0,0,4,3,3,3,0
1,0,0,1,0,0,0,3,19,8,1,28,1,9,9.950000000000001,3,0,2,0,3,0
0,0,0,0,1,0,1,3,12,6,0,18,1,6,6.450000000000001,1,3,0,1,0,4
0,1,0,1,0,1,0,3,13,8,1,22,2,9,7.7,0,2,1,2,1,0
0,1,0,1,0,1,0,3,17,8,1,26,2,9,9.3,2,2,3,4,1,3
0,0,1,0,0,0,1,3,9,5,1,15,1,5,5.2,5,3,3,4,3,2
0,1,1,1,1,0,1,3,8,9,2,19,1,9,6.000000000000001,3,3,2,0,3,0
0,0,0,0,1,1,1,3,5,6,0,11,2,6,3.8,2,1,1,2,0,3
1,1,0,1,1,1,0,3,5,10,2,17,2,11,5.2,0,3,3,1,3,0
0,0,1,0,0,1,1,3,9,10,1,20,2,10,6.6,2,3,0,4,3,0
0,0,0,0,1,0,1,3,17,9,0,26,1,9,9.200000000000001,2,3,1,4,3,0
0,0,0,0,1,1,0,3,11,13,0,24,2,14,7.95,5,3,1,4,3,0
1,1,1,1,1,1,1,3,12,8,3,23,2,8,7.7,0,2,1,0,3,3
1,1,1,0,0,0,1,3,13,9,3,25,1,9,8.200000000000001,4,4,2,1,3,0
1,1,0,0,1,1,0,3,14,10,2,26,2,11,8.800000000000002,6,3,1,1,3,4
1,1,1,0,0,0,1,3,16,9,3,28,1,9,9.4,0,0,1,1,2,4
1,0,1,0,1,0,1,3,15,8,2,25,1,8,8.55,6,3,3,0,0,4
0,0,0,1,0,1,1,3,12,13,0,25,2,13,8.350000000000001,6,2,3,0,3,0
0,0,1,1,0,1,0,3,15,6,1,22,2,7,8.0,4,2,0,2,3,4
0,1,0,0,1,0,1,3,14,7,1,22,1,7,7.700000000000001,1,2,1,0,2,1
0,0,1,0,0,1,0,3,19,7,1,27,2,8,9.850000000000001,3,3,2,4,0,3
1,1,1,0,0,1,0,3,13,9,3,25,2,10,8.350000000000001,3,3,3,1,3,0
1,1,0,0,1,0,1,3,15,7,2,24,1,7,8.3,1,4,1,1,0,0
0,1,1,1,1,1,0,3,21,13,2,36,2,14,12.350000000000001,0,1,0,4,0,3
1,0,0,0,1,0,1,3,8,8,1,17,1,8,5.550000000000001,0,3,0,0,0,2
1,0,1,0,0,0,0,3,13,11,2,26,1,12,8.5,1,0,2,0,3,2
0,1,1,1,1,0,1,3,7,9,2,18,1,9,5.600000000000001,2,3,1,3,3,4
0,0,0,0,0,1,0,3,10,8,0,18,2,9,6.3,2,3,1,1,3,3
0,1,0,0,1,0,1,3,16,10,1,27,1,10,9.25,1,2,0,1,3,0
0,0,0,0,0,0,0,3,17,8,0,25,1,9,8.950000000000001,6,1,3,3,2,4
0,1,1,0,0,1,0,3,16,11,2,29,2,12,9.850000000000001,3,3,1,2,3,0
1,0,1,0,1,1,1,3,7,14,2,23,2,14,7.000000000000001,3,3,3,4,2,0
0,0,1,0,0,0,0,3,13,8,1,22,1,9,7.550000000000001,0,3,0,1,0,0
0,0,1,1,0,1,0,3,11,12,1,24,2,13,7.9,2,3,1,4,1,3
0,0,0,0,1,0,0,3,12,7,0,19,1,8,6.700000000000001,1,3,3,1,3,4
1,0,1,1,1,1,0,3,15,8,2,25,2,9,8.700000000000001,0,2,0,3,1,0
1,1,0,0,1,1,1,3,11,12,2,25,2,12,8.100000000000001,1,2,0,4,0,0
0,0,0,1,1,0,0,3,5,13,0,18,1,14,5.4,6,2,0,4,3,3
1,0,0,0,1,0,1,3,15,12,1,28,1,12,9.35,4,1,3,0,3,0
1,1,0,1,1,0,0,3,7,7,2,16,1,8,5.100000000000001,0,3,0,1,3,3
1,0,0,1,1,1,0,3,10,10,1,21,2,11,7.0,1,3,0,4,3,4
1,1,0,0,1,0,0,3,4,9,2,15,1,10,4.4,1,3,0,2,2,4
0,1,1,1,1,1,1,3,4,14,2,20,2,14,5.8,6,1,1,2,3,0
1,1,1,1,0,1,1,3,8,14,3,25,2,14,7.6000000000000005,5,2,3,4,3,3
0,1,1,1,0,1,0,3,8,14,2,24,2,15,7.4,3,3,1,0,1,3
0,1,1,1,0,0,0,3,6,6,2,14,1,7,4.450000000000001,1,3,2,4,0,4
1,1,1,0,0,0,0,3,19,6,3,28,1,7,9.850000000000001,3,3,2,3,3,4
0,0,0,1,1,0,0,3,19,11,0,30,1,12,10.500000000000002,0,3,1,1,3,1
0,0,0,0,0,1,0,3,19,7,0,26,2,8,9.650000000000002,5,3,0,0,3,1
0,1,0,1,1,1,0,3,9,12,1,22,2,13,7.1,5,3,2,1,3,4
0,0,0,1,1,1,1,3,21,7,0,28,2,7,10.450000000000001,0,2,2,4,1,3
0,1,0,1,1,1,0,3,11,13,1,25,2,14,8.15,1,3,2,4,2,3
1,0,0,1,1,0,1,3,8,14,1,23,1,14,7.050000000000001,2,2,3,4,1,0
1,1,1,0,1,0,1,3,6,12,3,21,1,12,6.15,2,1,1,1,3,0
0,1,1,0,1,0,1,3,12,8,2,22,1,8,7.350000000000001,3,3,2,4,2,3
1,0,1,1,1,1,0,3,10,6,2,18,2,7,6.2,0,3,3,4,0,1
1,1,1,0,1,1,0,3,16,10,3,29,2,11,9.8,0,3,0,3,3,0
0,0,1,1,1,1,0,3,8,7,1,16,2,8,5.45,2,2,0,2,3,2
1,1,1,1,1,1,1,3,8,11,3,22,2,11,6.8500000000000005,1,3,2,4,2,4
1,0,0,1,1,1,1,3,8,12,1,21,2,12,6.7,5,0,1,4,3,2
1,1,0,0,1,0,1,3,13,7,2,22,1,7,7.500000000000001,0,3,0,4,1,4
0,0,1,1,1,1,0,3,18,8,1,27,2,9,9.7,6,3,0,2,3,4
1,0,0,1,0,0,0,3,18,10,1,29,1,11,10.049999999999999,2,3,2,4,1,0
0,1,1,0,0,1,0,3,9,4,2,15,2,5,5.3,3,3,3,4,3,4
1,0,0,0,1,1,0,3,10,7,1,18,2,8,6.25,6,3,0,2,3,1
0,0,0,1,0,1,1,3,7,8,0,15,2,8,5.1000000000000005,0,3,2,4,3,1
0,0,1,0,1,0,1,3,14,10,1,25,1,10,8.450000000000001,0,3,3,0,3,3
1,1,0,1,0,0,1,3,10,14,2,26,1,14,8.05,1,2,2,2,0,0
1,0,1,1,1,0,1,3,18,5,2,25,1,5,9.0,5,3,3,3,1,3
0,1,1,0,0,0,0,3,17,5,2,24,1,6,8.600000000000001,5,3,3,4,3,1
1,1,1,1,1,1,0,3,15,10,3,28,2,11,9.4,0,3,0,1,1,4
0,1,1,1,1,1,0,3,16,12,2,30,2,13,10.100000000000001,6,3,3,0,1,4
1,1,0,0,0,0,0,3,12,8,2,22,1,9,7.350000000000001,0,2,1,1,1,3
0,1,1,1,1,0,1,3,17,14,2,33,1,14,10.850000000000001,3,2,0,4,3,1
1,1,0,1,0,0,0,3,18,13,2,33,1,14,11.0,3,0,3,0,3,2
0,1,1,1,0,1,1,3,17,8,2,27,2,8,9.500000000000002,1,3,0,2,3,0
0,0,0,0,1,1,1,3,6,10,0,16,2,10,5.2,2,3,3,0,0,1
1,0,0,0,0,1,1,3,11,7,1,19,2,7,6.65,6,3,0,0,2,3
1,1,0,0,1,1,1,3,14,5,2,21,2,5,7.550000000000001,6,1,2,2,1,0
0,0,0,0,0,0,0,3,7,6,0,13,1,7,4.450000000000001,5,3,3,1,3,1
0,0,1,1,1,0,1,3,12,9,1,22,1,9,7.400000000000001,1,0,0,0,3,3
0,0,0,0,0,0,0,3,19,11,0,30,1,12,10.500000000000002,5,3,2,1,0,4
1,0,1,0,1,1,1,3,13,6,2,21,2,6,7.4,5,0,1,1,0,0
0,1,1,0,0,1,0,3,17,6,2,25,2,7,9.000000000000002,3,2,1,2,3,0
1,1,0,1,0,0,0,3,14,10,2,26,1,11,8.650000000000002,1,0,0,1,1,0
0,1,1,1,1,0,1,3,15,12,2,29,1,12,9.55,2,3,0,4,2,4
0,0,0,1,0,0,0,3,20,8,0,28,1,9,10.15,6,3,3,1,0,1
1,0,1,0,1,1,1,3,21,9,2,32,2,9,11.350000000000001,1,4,0,4,3,0
0,0,1,0,1,0,1,3,20,5,1,26,1,5,9.6,5,3,3,1,1,4
0,1,0,0,1,0,0,3,12,14,1,27,1,15,8.65,6,2,0,1,2,1
1,0,1,1,0,1,0,3,9,11,2,22,2,12,7.05,4,0,3,4,0,0
0,0,1,0,0,0,0,3,15,7,1,23,1,8,8.1,3,0,0,2,0,0
0,1,1,1,0,0,0,3,9,11,2,22,1,12,6.9,6,2,0,4,3,2
0,0,0,1,1,0,1,3,9,5,0,14,1,5,5.0,6,2,0,4,1,3
0,0,0,1,0,1,1,3,19,15,0,34,2,15,11.650000000000002,6,2,1,4,3,1
1,0,1,1,0,0,1,3,22,5,2,29,1,5,10.600000000000001,6,4,1,2,0,1
0,0,0,1,0,0,1,3,15,5,0,20,1,5,7.4,1,1,3,1,0,1
1,0,0,0,1,1,0,3,17,6,1,24,2,7,8.8,5,3,0,4,0,2
1,0,0,1,1,0,0,3,13,12,1,26,1,13,8.549999999999999,2,3,1,4,2,3
1,0,1,1,0,1,1,3,14,7,2,23,2,7,8.05,5,3,2,0,3,4
1,1,1,1,0,0,1,3,18,5,3,26,1,5,9.2,5,3,3,4,2,2
0,0,1,1,1,0,1,3,23,11,1,35,1,11,12.3,3,1,3,4,1,2
0,0,1,1,1,1,0,3,12,8,1,21,2,9,7.300000000000001,6,3,1,1,0,0
0,0,1,1,1,1,1,3,6,10,1,17,2,10,5.4,0,3,3,3,3,3
1,1,1,0,0,1,1,3,14,5,3,22,2,5,7.750000000000001,0,0,1,2,3,1
1,1,1,0,0,1,1,3,11,8,3,22,2,8,7.3,1,2,3,2,2,4
1,0,0,0,1,1,0,3,15,10,1,26,2,11,9.0,3,0,0,4,3,0
1,1,0,1,0,0,0,3,8,9,2,19,1,10,6.000000000000001,5,0,1,0,3,0
0,1,1,0,1,0,0,3,9,13,2,24,1,14,7.4,1,2,1,1,2,0
0,1,1,0,0,1,1,3,10,12,2,24,2,12,7.7,1,3,1,1,0,3
0,1,1,0,1,0,1,3,14,9,2,25,1,9,8.4,1,0,2,4,2,1
0,0,0,0,0,0,1,3,18,13,0,31,1,13,10.6,6,2,1,4,2,2
0,1,0,1,0,1,1,3,6,13,1,20,2,13,6.15,0,3,3,1,1,0
0,0,1,0,0,0,0,3,12,8,1,21,1,9,7.150000000000001,1,3,0,1,3,2
0,1,0,0,0,0,1,3,11,13,1,25,1,13,8.0,3,3,3,4,0,2
1,1,0,1,1,1,0,3,12,12,2,26,2,13,8.500000000000002,2,3,2,0,3,2
1,1,1,1,0,1,1,3,17,6,3,26,2,6,9.200000000000001,3,4,0,2,2,0
0,0,1,1,1,1,1,3,11,12,1,24,2,12,7.9,6,3,1,3,3,1
0,0,0,0,1,0,1,3,8,11,0,19,1,11,6.1000000000000005,1,3,0,0,3,1
0,0,0,0,0,0,0,3,8,9,0,17,1,10,5.6000000000000005,2,2,2,4,3,2
0,1,1,1,1,1,0,3,9,4,2,15,2,5,5.3,0,2,1,1,3,1
1,1,0,1,0,1,0,3,9,9,2,20,2,10,6.55,0,4,1,0,3,4
0,1,0,1,1,0,1,3,14,5,1,20,1,5,7.200000000000001,3,3,3,4,1,3
0,1,1,0,0,0,0,3,7,4,2,13,1,5,4.3500000000000005,2,3,3,4,3,0
1,0,1,1,1,1,1,3,10,6,2,18,2,6,6.2,3,3,2,0,3,1
1,1,1,0,1,0,0,3,15,13,3,31,1,14,10.0,1,2,2,0,3,0
0,1,0,1,0,1,1,3,16,3,1,20,2,3,7.65,6,2,3,4,3,1
0,1,1,0,1,1,1,3,16,8,2,26,2,8,9.100000000000001,0,3,2,4,3,0
1,1,1,0,0,1,1,3,19,11,3,33,2,11,11.250000000000002,5,2,1,4,3,1
1,0,1,0,1,1,1,3,4,11,2,17,2,11,5.05,5,3,3,3,0,1
1,0,0,1,1,0,0,3,9,8,1,18,1,9,5.95,0,1,1,1,3,3
1,0,1,0,1,0,0,3,12,11,2,25,1,12,8.100000000000001,5,3,2,0,3,1
1,0,0,0,1,0,0,3,11,6,1,18,1,7,6.250000000000001,6,4,2,1,0,4
1,0,1,0,0,1,0,3,14,8,2,24,2,9,8.3,2,3,0,1,2,0
1,0,0,1,1,1,0,3,9,11,1,21,2,12,6.85,0,2,2,1,3,3
0,0,0,0,1,1,0,3,7,12,0,19,2,13,6.1000000000000005,1,3,0,4,3,1
1,1,1,0,1,1,1,3,8,9,3,20,2,9,6.3500000000000005,0,0,2,1,3,1
0,1,1,1,0,1,1,3,16,11,2,29,2,11,9.850000000000001,6,1,1,1,2,3
1,1,0,0,1,0,0,3,17,11,2,30,1,12,10.100000000000001,1,1,0,3,2,3
1,0,0,1,1,1,1,3,12,4,1,17,2,4,6.300000000000001,0,4,0,0,2,0
1,1,1,0,0,1,1,3,9,5,3,17,2,5,5.749999999999999,6,3,1,4,3,3
1,1,0,1,1,0,0,3,4,13,2,19,1,14,5.4,0,3,3,1,1,2
1,1,0,0,0,1,0,3,7,11,2,20,2,12,6.250000000000001,5,3,0,4,0,3
0,1,0,1,1,0,1,3,12,7,1,20,1,7,6.900000000000001,5,2,0,0,3,2
0,1,1,0,1,1,0,3,8,6,2,16,2,7,5.4,1,3,0,4,1,0
1,1,0,0,1,1,0,3,18,8,2,28,2,9,9.9,4,0,0,0,1,4
0,1,0,0,1,1,0,3,12,11,1,24,2,12,8.05,3,3,1,0,3,0
1,1,0,1,0,1,1,3,12,12,2,26,2,12,8.500000000000002,5,3,3,4,2,3
0,1,0,0,1,0,1,3,18,6,1,25,1,6,9.049999999999999,6,4,1,4,3,0
0,0,1,0,1,1,1,3,13,8,1,22,2,8,7.7,0,4,2,0,3,2
0,0,1,1,1,1,1,3,8,12,1,21,2,12,6.7,5,3,3,1,3,0
1,1,1,1,1,0,0,3,9,10,3,22,1,11,6.85,1,4,1,4,3,0
1,1,0,0,1,0,0,3,14,7,2,23,1,8,7.900000000000001,0,4,3,3,3,3
1,1,0,1,0,1,1,3,13,3,2,18,2,3,6.65,0,3,1,2,0,1
0,1,1,0,1,1,0,3,14,10,2,26,2,11,8.800000000000002,6,4,1,1,1,1
1,1,1,0,0,1,0,3,12,6,3,21,2,7,7.2,0,4,3,1,3,2
0,1,1,1,1,1,1,3,22,5,2,29,2,5,10.750000000000002,4,3,3,4,3,4
0,1,1,1,0,1,0,3,11,5,2,18,2,6,6.3500000000000005,6,1,0,0,1,4
0,1,0,1,0,1,0,3,15,14,1,30,2,15,10.0,2,1,0,1,0,0
1,0,0,1,0,1,1,3,11,10,1,22,2,10,7.4,0,3,2,1,2,1
0,0,1,1,1,1,1,3,8,13,1,22,2,13,6.95,0,3,3,4,3,0
1,0,1,0,1,0,1,3,13,12,2,27,1,12,8.75,5,0,0,3,3,1
0,1,1,1,0,0,1,3,14,7,2,23,1,7,7.900000000000001,0,3,1,4,3,3
1,1,0,1,1,1,1,3,8,5,2,15,2,5,5.15,2,2,0,0,3,1
1,0,0,0,1,0,0,3,18,13,1,32,1,14,10.799999999999999,1,3,2,4,3,4
0,0,0,1,0,1,0,3,17,10,0,27,2,11,9.600000000000001,6,2,3,1,3,0
0,1,0,0,0,1,1,3,19,12,1,32,2,12,11.100000000000001,1,3,3,4,3,0
1,1,1,1,0,0,0,3,11,10,3,24,1,11,7.65,2,0,2,1,3,4
0,1,0,0,1,1,0,3,9,7,1,17,2,8,5.85,5,4,3,1,3,0
0,0,0,1,0,1,0,3,19,10,0,29,2,11,10.400000000000002,6,1,0,4,1,4
1,0,1,0,1,1,1,3,16,8,2,26,2,8,9.100000000000001,0,2,2,0,1,3
0,0,1,0,0,0,0,3,14,10,1,25,1,11,8.450000000000001,3,2,0,3,0,3
1,0,0,1,1,1,1,3,14,8,1,23,2,8,8.100000000000001,5,3,3,0,1,1
0,0,1,1,1,0,0,3,13,11,1,25,1,12,8.3,0,3,0,4,3,0
1,0,0,1,1,1,1,3,6,11,1,18,2,11,5.65,5,2,0,4,3,4
1,0,1,0,1,1,0,3,7,6,2,15,2,7,5.000000000000001,6,0,1,2,3,1
0,1,1,0,1,0,1,3,11,10,2,23,1,10,7.450000000000001,5,0,1,2,3,3
1,1,1,0,0,0,0,3,19,5,3,27,1,6,9.600000000000001,3,3,3,1,3,3
1,0,0,0,1,1,0,3,12,9,1,22,2,10,7.550000000000001,5,2,2,4,0,3
0,1,1,1,1,0,1,3,5,10,2,17,1,10,5.050000000000001,5,3,3,1,0,0
0,1,1,0,1,0,1,3,14,11,2,27,1,11,8.900000000000002,0,3,3,1,3,2
1,0,1,1,1,0,1,3,4,7,2,13,1,7,3.9,0,0,1,1,3,1
1,0,1,1,1,1,1,3,12,9,2,23,2,9,7.750000000000001,0,2,2,3,1,4
0,1,1,0,1,0,1,3,9,5,2,16,1,5,5.4,2,4,3,0,0,0
1,1,0,0,0,1,0,3,13,6,2,21,2,7,7.4,6,3,1,3,1,1
1,1,0,1,1,1,1,3,7,11,2,20,2,11,6.250000000000001,2,1,3,3,3,1
1,0,0,1,1,1,0,3,4,5,1,10,2,6,3.35,6,3,1,0,3,0
1,1,1,0,0,0,1,3,13,4,3,20,1,4,6.950000000000001,5,2,0,0,3,0
0,1,0,1,0,0,0,3,7,8,1,16,1,9,5.150000000000001,5,3,2,4,2,2
1,0,1,0,1,0,0,3,9,12,2,23,1,13,7.15,2,3,0,1,3,3
1,1,0,0,1,1,0,3,8,5,2,15,2,6,5.15,5,0,1,4,1,0
0,1,1,0,1,1,0,3,18,9,2,29,2,10,10.15,0,2,2,1,3,3
0,0,1,1,1,0,1,3,10,13,1,24,1,13,7.6000000000000005,3,4,1,4,3,1
1,0,1,0,1,1,1,3,11,10,2,23,2,10,7.6000000000000005,2,1,0,1,3,4
0,1,0,1,1,1,1,3,21,8,1,30,2,8,10.9,6,3,2,4,3,3
0,0,1,1,1,0,0,3,9,7,1,17,1,8,5.7,0,3,3,4,3,1
1,1,0,0,0,0,1,3,17,6,2,25,1,6,8.850000000000001,4,1,2,0,2,3
1,1,0,1,0,1,1,3,21,10,2,33,2,10,11.600000000000001,0,3,3,0,3,0
0,1,0,0,1,0,1,3,13,7,1,21,1,7,7.300000000000001,5,1,0,2,3,0
1,0,0,0,0,0,0,3,9,4,1,14,1,5,4.95,0,2,1,0,3,3
1,1,0,0,0,1,0,3,10,10,2,22,2,11,7.2,4,3,1,1,2,4
1,0,1,0,0,1,0,3,12,6,2,20,2,7,7.000000000000001,0,3,0,3,3,4
1,0,0,1,0,1,1,3,16,7,1,24,2,7,8.65,2,3,3,0,3,2
0,0,0,0,0,1,1,3,14,9,0,23,2,9,8.15,4,0,2,0,3,4
1,0,0,1,1,0,1,3,12,8,1,21,1,8,7.150000000000001,5,3,0,4,1,0
1,1,1,0,0,0,0,3,17,9,3,29,1,10,9.8,2,2,2,1,2,4
0,1,0,1,1,1,1,3,14,11,1,26,2,11,8.850000000000001,1,0,0,1,2,4
0,1,1,1,1,0,1,3,6,8,2,16,1,8,4.950000000000001,1,0,3,4,1,0
1,0,1,0,0,0,1,3,8,5,2,15,1,5,5.000000000000001,5,0,3,4,3,4
1,1,1,0,0,0,0,3,9,12,3,24,1,13,7.35,3,2,2,1,3,3
0,0,1,0,0,0,0,3,12,8,1,21,1,9,7.150000000000001,3,4,2,4,1,1
0,0,1,1,0,0,0,3,11,10,1,22,1,11,7.250000000000001,1,3,1,0,2,3
0,1,1,0,1,1,0,3,17,6,2,25,2,7,9.000000000000002,6,2,0,0,2,4
0,1,1,1,1,1,0,3,17,6,2,25,2,7,9.000000000000002,6,1,2,1,3,1
1,1,0,0,0,0,1,3,9,12,2,23,1,12,7.15,5,4,0,3,3,4
0,1,0,1,0,1,0,3,16,12,1,29,2,13,9.9,6,3,3,1,1,0
0,1,1,0,0,0,0,3,11,9,2,22,1,10,7.200000000000001,3,2,2,1,3,3
0,0,0,1,1,0,0,3,4,7,0,11,1,8,3.5,0,2,0,3,3,3
1,1,1,0,0,1,0,3,16,8,3,27,2,9,9.3,5,3,1,1,3,2
0,0,1,0,0,1,1,3,17,4,1,22,2,4,8.3,1,0,1,4,3,3
1,1,1,0,0,0,0,3,13,7,3,23,1,8,7.700000000000001,5,3,1,3,3,0
1,0,0,1,0,1,1,3,11,10,1,22,2,10,7.4,6,2,0,0,2,1
1,0,0,0,1,1,0,3,11,6,1,18,2,7,6.4,2,2,0,4,0,0
1,0,0,0,1,1,1,3,13,8,1,22,2,8,7.7,5,3,1,1,3,0
1,1,1,1,0,0,1,3,6,12,3,21,1,12,6.15,1,4,2,3,1,3
1,0,1,1,0,0,0,3,17,15,2,34,1,16,11.100000000000001,5,1,1,0,0,4
1,1,0,1,1,0,0,3,7,8,2,17,1,9,5.350000000000001,5,2,3,0,0,0
1,0,0,1,1,1,1,3,15,9,1,25,2,9,8.75,0,2,3,1,3,0
0,0,0,1,1,1,1,3,14,11,0,25,2,11,8.650000000000002,6,3,0,3,0,0
1,0,1,0,0,0,1,3,19,7,2,28,1,7,9.900000000000002,3,3,3,3,0,1
1,1,0,1,0,1,1,3,15,11,2,28,2,11,9.450000000000001,2,2,0,2,2,3
1,0,1,0,0,1,0,3,14,8,2,24,2,9,8.3,1,2,3,1,2,3
0,1,0,1,1,0,0,3,15,6,1,22,1,7,7.8500000000000005,5,2,1,4,0,4
0,0,0,0,1,0,1,3,9,12,0,21,1,12,6.75,0,0,0,1,2,0
1,0,1,1,0,1,0,3,16,8,2,26,2,9,9.100000000000001,2,3,2,0,0,0
0,0,0,0,1,1,0,3,10,9,0,19,2,10,6.55,6,3,3,1,3,0
0,0,0,1,1,1,1,3,9,7,0,16,2,7,5.6499999999999995,1,0,2,1,3,3
1,0,1,0,0,0,0,3,11,9,2,22,1,10,7.200000000000001,2,4,3,1,3,0
0,0,0,0,1,0,1,3,11,12,0,23,1,12,7.550000000000001,1,3,3,2,3,3
0,1,0,0,1,1,1,3,3,8,1,12,2,8,3.7,1,2,2,4,1,1
1,0,1,0,0,1,0,3,15,11,2,28,2,12,9.450000000000001,5,2,1,0,3,1
0,1,1,1,1,0,0,3,14,14,2,30,1,15,9.650000000000002,6,0,3,1,2,2
1,1,1,0,0,1,1,3,13,13,3,29,2,13,9.35,1,3,1,4,3,3
1,0,0,0,1,0,0,3,9,3,1,13,1,4,4.7,5,2,1,3,2,4
0,1,1,1,1,1,1,3,12,5,2,19,2,5,6.750000000000001,1,4,1,4,3,0
1,0,0,0,0,0,0,3,8,6,1,15,1,7,5.050000000000001,3,2,3,1,3,1
1,0,0,0,0,0,0,3,9,10,1,20,1,11,6.45,0,2,3,1,3,0
1,0,1,0,0,1,0,3,14,14,2,30,2,15,9.800000000000002,1,2,0,1,2,4
0,1,0,1,0,0,0,3,10,9,1,20,1,10,6.6000000000000005,4,2,1,4,1,4
0,0,1,0,1,0,1,3,18,11,1,30,1,11,10.299999999999999,3,3,3,2,3,4
1,0,1,1,1,1,1,3,14,9,2,25,2,9,8.55,3,1,1,1,0,4
0,0,1,0,0,0,1,3,16,11,1,28,1,11,9.5,0,0,2,3,3,4
1,1,0,0,0,1,1,3,14,9,2,25,2,9,8.55,5,0,1,4,3,3
1,1,0,1,0,0,0,3,12,4,2,18,1,5,6.350000000000001,5,4,2,4,0,0
0,0,0,1,1,0,1,3,17,6,0,23,1,6,8.450000000000001,3,2,3,0,0,4
0,1,1,0,0,0,0,3,13,5,2,20,1,6,7.000000000000001,5,3,1,4,2,4
0,0,0,0,1,0,1,3,13,4,0,17,1,4,6.3500000000000005,5,4,1,2,3,1
1,0,0,1,1,0,1,3,5,13,1,19,1,13,5.6000000000000005,1,3,3,4,3,1
0,0,1,0,0,1,0,3,10,12,1,23,2,13,7.5,6,0,1,4,3,0
1,1,1,0,0,0,1,3,17,4,3,24,1,4,8.55,3,3,2,0,3,0
1,0,0,0,1,0,0,3,18,15,1,34,1,16,11.299999999999999,2,0,1,4,3,0
1,0,1,1,1,0,0,3,18,10,2,30,1,11,10.25,1,1,3,3,3,4
0,0,0,1,1,0,0,3,12,9,0,21,1,10,7.200000000000001,1,3,2,3,2,4
1,1,0,0,0,1,1,3,13,6,2,21,2,6,7.4,1,4,0,4,3,1
0,1,1,1,0,0,1,3,7,8,2,17,1,8,5.350000000000001,5,3,3,1,0,4
0,0,0,0,1,1,1,3,9,13,0,22,2,13,7.1499999999999995,3,0,2,2,1,3
0,1,1,0,1,1,0,3,12,7,2,21,2,8,7.250000000000001,3,0,1,1,3,0
0,0,0,0,1,0,0,3,12,8,0,20,1,9,6.950000000000001,3,3,0,1,3,4
0,1,0,0,1,0,0,3,20,10,1,31,1,11,10.85,0,3,2,4,3,3
0,1,1,0,1,1,0,3,16,11,2,29,2,12,9.850000000000001,5,0,0,0,1,4
1,0,1,0,1,1,1,3,13,8,2,23,2,8,7.9,0,3,0,4,3,2
1,0,1,0,1,0,1,3,13,7,2,22,1,7,7.500000000000001,5,2,3,1,2,1
1,1,0,0,1,1,0,3,16,8,2,26,2,9,9.100000000000001,6,3,2,4,3,0
0,0,0,0,1,0,1,3,18,10,0,28,1,10,9.85,2,3,3,1,3,4
0,0,1,0,0,0,1,3,14,9,1,24,1,9,8.200000000000001,4,3,0,1,3,3
0,1,0,1,0,1,0,3,9,12,1,22,2,13,7.1,0,3,3,3,3,0
1,0,1,0,1,0,1,3,15,11,2,28,1,11,9.3,0,1,2,2,0,1
0,0,1,1,1,1,1,3,11,10,1,22,2,10,7.4,3,2,2,1,2,0
0,0,1,0,1,1,1,3,14,5,1,20,2,5,7.3500000000000005,5,2,3,1,1,3
1,0,1,0,0,0,0,3,14,8,2,24,1,9,8.15,2,1,1,2,3,3
1,0,0,1,1,1,1,3,13,8,1,22,2,8,7.7,1,0,3,0,2,1
0,0,1,0,0,1,0,3,23,9,1,33,2,10,11.950000000000001,0,3,1,4,1,3
1,0,0,0,0,1,1,3,20,5,1,26,2,5,9.75,0,3,2,1,1,1
0,0,1,0,0,0,0,3,15,12,1,28,1,13,9.35,6,0,0,2,1,4
0,0,0,1,0,0,0,3,15,10,0,25,1,11,8.65,6,4,3,1,1,4
0,1,0,1,0,0,1,3,16,11,1,28,1,11,9.5,3,3,1,0,0,2
0,0,1,0,0,0,1,3,11,6,1,18,1,6,6.250000000000001,0,3,1,4,2,4
1,1,0,1,1,0,0,3,5,10,2,17,1,11,5.050000000000001,5,3,3,4,3,4
1,0,1,1,0,1,1,3,15,12,2,29,2,12,9.700000000000001,3,2,2,2,3,0
1,1,1,1,0,1,1,3,13,11,3,27,2,11,8.850000000000001,1,2,0,4,3,3
1,0,0,0,0,1,1,3,13,10,1,24,2,10,8.200000000000001,1,3,1,4,3,1
0,0,1,1,0,1,1,3,15,10,1,26,2,10,9.0,0,2,1,0,3,3
0,0,0,1,0,1,1,3,10,10,0,20,2,10,6.8,1,3,2,1,1,1
1,0,1,0,0,0,0,3,16,6,2,24,1,7,8.450000000000001,3,3,2,1,2,1
0,1,0,0,1,0,0,3,11,12,1,24,1,13,7.750000000000001,2,2,2,1,2,4
0,0,1,0,1,1,0,3,13,12,1,26,2,13,8.7,0,3,2,1,3,3
1,0,0,1,0,1,1,3,12,13,1,26,2,13,8.55,3,3,0,1,3,0
0,1,1,1,1,1,0,3,6,11,2,19,2,12,5.8500000000000005,5,3,2,1,2,0
1,0,1,1,1,0,1,3,21,5,2,28,1,5,10.200000000000001,1,2,2,0,1,0
1,1,0,1,1,0,1,3,12,11,2,25,1,11,8.100000000000001,3,0,2,1,3,3
1,0,1,0,1,1,1,3,10,6,2,18,2,6,6.2,2,3,3,4,3,3
1,0,0,0,1,1,1,3,16,8,1,25,2,8,8.9,1,3,3,2,3,0
1,0,1,1,0,0,1,3,18,10,2,30,1,10,10.25,6,4,0,0,3,3
1,0,0,1,1,0,1,3,19,12,1,32,1,12,10.950000000000001,5,2,1,4,0,3
0,0,1,1,1,1,0,3,5,11,1,17,2,12,5.25,5,3,1,0,1,4
0,1,0,1,1,0,0,3,10,9,1,20,1,10,6.6000000000000005,6,3,0,4,3,4
0,0,0,1,1,0,1,3,18,8,0,26,1,8,9.35,1,3,1,1,3,0
1,1,1,0,1,0,1,3,9,9,3,21,1,9,6.6,5,4,0,4,3,3
0,0,1,1,0,0,0,3,13,9,1,23,1,10,7.800000000000001,1,3,0,4,1,1
1,0,0,1,0,0,0,3,15,11,1,27,1,12,9.1,6,0,0,4,3,4
0,1,1,0,0,1,0,3,9,14,2,25,2,15,7.8,0,0,2,3,0,0
0,1,1,1,1,1,0,3,16,7,2,25,2,8,8.850000000000001,3,3,1,4,0,3
1,1,1,0,1,0,1,3,11,10,3,24,1,10,7.65,0,2,2,2,0,0
0,1,0,1,1,1,0,3,13,13,1,27,2,14,8.95,4,2,3,3,3,0
1,0,0,0,0,1,0,3,6,11,1,18,2,12,5.65,6,2,1,2,2,0
0,0,1,1,1,1,1,3,12,9,1,22,2,9,7.550000000000001,1,4,0,1,3,0
1,1,0,0,1,0,0,3,18,9,2,29,1,10,10.0,5,3,2,0,3,1
1,0,1,1,0,0,1,3,10,12,2,24,1,12,7.550000000000001,0,1,1,3,3,0
0,1,0,0,1,1,1,3,6,5,1,12,2,5,4.15,3,3,0,2,0,3
1,1,1,1,0,0,0,3,14,7,3,24,1,8,8.100000000000001,5,0,3,4,3,1
1,0,0,0,1,1,1,3,18,8,1,27,2,8,9.7,1,3,1,4,3,1
1,1,0,1,1,0,1,3,12,6,2,20,1,6,6.850000000000001,3,3,0,4,3,4
1,1,1,0,0,1,0,3,11,6,3,20,2,7,6.8,3,3,0,4,1,4
0,0,1,0,1,1,0,3,16,12,1,29,2,13,9.9,1,3,3,4,3,1
1,0,0,1,0,1,1,3,20,7,1,28,2,7,10.25,3,3,1,4,3,3
1,0,1,1,1,0,0,3,8,9,2,19,1,10,6.000000000000001,6,4,3,0,3,2
1,0,1,1,0,0,0,3,13,11,2,26,1,12,8.5,2,2,2,0,1,1
0,1,0,0,1,0,1,3,7,4,1,12,1,4,4.15,0,3,2,3,3,3
1,1,0,1,1,1,1,3,10,6,2,18,2,6,6.2,0,4,2,1,0,3
1,1,1,0,1,1,0,3,10,7,3,20,2,8,6.6499999999999995,3,1,2,1,3,0
0,1,0,1,0,0,0,3,16,13,1,30,1,14,10.0,0,0,3,4,3,4
0,0,0,0,0,0,1,3,11,10,0,21,1,10,7.050000000000001,1,3,0,4,1,2
0,1,1,1,0,0,1,3,12,6,2,20,1,6,6.850000000000001,6,3,0,0,3,3
0,1,0,1,1,1,1,3,12,9,1,22,2,9,7.550000000000001,6,3,0,1,3,1
0,1,1,0,1,0,0,3,12,9,2,23,1,10,7.600000000000001,1,3,2,2,3,3
1,1,0,1,1,1,0,3,13,10,2,25,2,11,8.4,1,0,2,2,3,1
0,0,1,0,0,0,0,3,15,8,1,24,1,9,8.35,5,1,1,1,1,3
1,0,0,1,0,1,1,3,20,11,1,32,2,11,11.25,5,0,0,4,0,2
0,0,0,0,0,1,0,3,16,11,0,27,2,12,9.450000000000001,1,2,3,4,0,2
0,0,1,0,1,1,0,3,16,7,1,24,2,8,8.65,0,1,2,1,0,0
1,0,0,1,0,1,1,3,21,12,1,34,2,12,11.9,6,4,0,4,1,3
1,1,0,1,0,0,1,3,11,8,2,21,1,8,6.950000000000001,3,0,3,4,3,4
1,0,0,1,1,0,0,3,18,13,1,32,1,14,10.799999999999999,0,0,3,4,3,2
0,0,1,0,0,1,0,3,12,8,1,21,2,9,7.300000000000001,3,0,0,0,3,2
0,0,1,1,1,0,1,3,19,12,1,32,1,12,10.950000000000001,0,3,1,1,2,2
1,1,0,1,1,1,0,3,10,5,2,17,2,6,5.95,0,2,1,4,2,0
1,0,0,0,1,0,1,3,12,7,1,20,1,7,6.900000000000001,5,3,0,2,3,4
0,1,1,0,1,0,0,3,17,11,2,30,1,12,10.100000000000001,1,4,3,4,3,4
1,1,1,0,0,1,1,3,22,6,3,31,2,6,11.200000000000001,1,3,3,1,3,0
1,0,1,0,1,1,1,3,21,10,2,33,2,10,11.600000000000001,6,3,2,2,3,1
1,0,1,0,1,0,1,3,16,12,2,30,1,12,9.950000000000001,6,3,2,0,2,3
1,0,1,0,1,0,1,3,9,9,2,20,1,9,6.4,5,4,3,0,0,3
0,0,0,0,0,1,0,3,17,10,0,27,2,11,9.600000000000001,2,3,2,4,3,1
1,0,1,1,1,1,0,3,5,7,2,14,2,8,4.45,5,0,1,1,3,4
1,0,0,0,0,0,1,3,17,6,1,24,1,6,8.65,3,1,0,0,2,0
1,1,0,1,0,1,1,3,11,10,2,23,2,10,7.6000000000000005,5,3,0,1,1,2
0,1,0,1,0,1,0,3,8,6,1,15,2,7,5.2,0,3,1,3,3,0
0,1,0,1,1,1,1,3,8,8,1,17,2,8,5.7,5,3,2,4,3,0
1,0,0,1,0,1,1,3,11,7,1,19,2,7,6.65,1,4,1,0,3,4
0,0,1,0,1,1,0,3,3,8,1,12,2,9,3.7,5,0,3,0,0,0
1,0,1,1,0,0,1,3,12,9,2,23,1,9,7.600000000000001,0,3,3,0,3,2
0,0,0,0,1,1,0,3,15,11,0,26,2,12,9.05,0,3,1,0,2,2
1,0,0,1,1,1,0,3,12,13,1,26,2,14,8.55,0,1,3,4,3,4
0,1,1,1,1,1,1,3,13,5,2,20,2,5,7.15,1,3,3,1,0,0
1,1,0,0,0,0,0,3,11,9,2,22,1,10,7.200000000000001,5,2,1,4,1,0
0,0,1,0,1,0,1,3,15,11,1,27,1,11,9.1,0,3,2,1,3,0
0,1,0,0,0,1,1,3,18,6,1,25,2,6,9.2,3,4,3,0,3,4
1,0,0,0,1,0,0,3,19,6,1,26,1,7,9.450000000000001,3,4,2,1,3,0
1,0,1,0,1,0,0,3,20,10,2,32,1,11,11.05,5,3,2,0,2,4
0,1,0,1,0,1,0,3,5,11,1,17,2,12,5.25,1,3,1,3,1,4
1,0,0,1,1,0,1,3,20,11,1,32,1,11,11.1,5,2,1,1,3,4
0,0,1,1,1,1,1,3,18,9,1,28,2,9,9.95,6,2,0,1,1,3
1,0,1,1,0,0,0,3,13,9,2,24,1,10,8.0,1,3,1,4,3,3
0,1,1,1,0,1,1,3,7,8,2,17,2,8,5.500000000000001,1,3,1,0,0,4
0,1,0,1,1,0,0,3,14,8,1,23,1,9,7.950000000000001,5,3,1,2,3,1
1,0,0,1,0,1,1,3,5,12,1,18,2,12,5.5,3,2,0,0,3,0
1,1,0,0,1,0,1,3,12,12,2,26,1,12,8.350000000000001,5,3,3,4,0,3
0,1,1,1,1,1,1,3,10,11,2,23,2,11,7.45,5,3,3,3,2,1
1,0,0,0,1,0,1,3,8,8,1,17,1,8,5.550000000000001,4,3,3,1,1,0
0,1,0,0,0,1,1,3,17,11,1,29,2,11,10.05,0,0,0,1,3,1
1,0,0,0,1,1,1,3,14,11,1,26,2,11,8.850000000000001,5,3,1,3,3,0
0,1,1,0,0,0,0,3,21,8,2,31,1,9,10.950000000000001,3,2,1,4,3,4
0,0,0,0,0,1,0,3,11,6,0,17,2,7,6.2,1,3,0,1,3,0
1,1,1,0,1,1,1,3,13,6,3,22,2,6,7.6000000000000005,1,0,0,2,3,1
0,1,1,1,0,1,1,3,13,10,2,25,2,10,8.4,0,3,0,0,1,3
1,1,1,1,0,0,0,3,4,5,3,12,1,6,3.6,1,3,1,2,1,1
0,0,1,0,0,1,1,3,13,5,1,19,2,5,6.95,1,3,2,0,2,0
0,1,0,1,0,0,0,3,20,8,1,29,1,9,10.35,0,1,0,0,2,3
0,1,1,0,0,0,1,3,14,11,2,27,1,11,8.900000000000002,2,2,2,3,3,0
1,1,1,1,0,0,0,3,15,7,3,25,1,8,8.5,1,3,3,4,3,0
1,0,1,0,1,1,1,3,14,11,2,27,2,11,9.050000000000002,5,0,3,2,1,2
0,1,0,1,1,0,1,3,11,6,1,18,1,6,6.250000000000001,5,2,0,4,3,2
1,0,1,1,1,0,0,3,10,9,2,21,1,10,6.800000000000001,1,3,3,4,3,2
0,0,1,0,1,1,0,3,15,6,1,22,2,7,8.0,1,1,0,4,1,0
1,1,1,1,0,1,0,3,4,13,3,20,2,14,5.749999999999999,5,1,3,1,3,0
1,1,1,1,0,1,0,3,16,3,3,22,2,4,8.05,0,3,3,0,0,1
1,0,0,1,0,1,0,3,19,10,1,30,2,11,10.600000000000001,1,3,2,0,0,0
0,1,0,1,0,0,1,3,14,8,1,23,1,8,7.950000000000001,0,2,2,4,3,0
1,1,1,0,1,1,1,3,12,6,3,21,2,6,7.2,1,2,0,4,3,0
1,1,0,0,0,1,1,3,8,8,2,18,2,8,5.9,3,3,2,1,2,1
0,0,1,1,1,0,0,3,16,5,1,22,1,6,8.0,3,3,0,4,2,4
0,0,0,1,1,1,1,3,23,9,0,32,2,9,11.750000000000002,6,3,0,4,3,1
0,1,0,1,0,1,0,3,15,5,1,21,2,6,7.75,3,1,3,4,3,0
1,0,0,1,0,1,1,3,18,14,1,33,2,14,11.2,3,0,0,2,1,0
1,0,1,0,0,0,0,3,4,12,2,18,1,13,5.15,6,1,2,0,1,3
1,1,1,1,1,0,1,3,12,14,3,29,1,14,9.05,1,3,0,4,3,1
1,1,1,1,1,0,0,3,11,5,3,19,1,6,6.4,1,3,3,3,0,0
1,1,1,0,0,0,1,3,19,12,3,34,1,12,11.350000000000001,5,2,3,4,3,0
1,1,0,0,1,1,1,3,14,5,2,21,2,5,7.550000000000001,3,1,1,4,2,1
0,1,1,0,0,0,0,3,4,5,2,11,1,6,3.4,1,3,3,4,3,1
1,0,0,0,1,1,1,3,7,10,1,18,2,10,5.800000000000001,1,2,3,4,3,2
0,1,0,1,0,1,1,3,16,13,1,30,2,13,10.15,6,3,3,1,1,2
0,1,0,1,1,0,0,3,18,7,1,26,1,8,9.299999999999999,3,4,2,1,1,2
0,1,1,0,0,1,1,3,12,13,2,27,2,13,8.750000000000002,1,0,0,0,3,1
0,0,0,1,1,0,0,3,20,8,0,28,1,9,10.15,5,3,0,4,3,3
1,1,0,1,0,0,1,3,15,14,2,31,1,14,10.05,1,2,1,0,1,3
0,0,1,0,1,0,0,3,13,13,1,27,1,14,8.799999999999999,0,2,3,0,2,2
1,1,0,1,1,0,0,3,7,13,2,22,1,14,6.600000000000001,2,3,0,0,2,0
0,1,1,1,0,1,1,3,13,12,2,27,2,12,8.9,6,3,1,1,3,1
1,0,0,0,0,0,1,3,6,11,1,18,1,11,5.500000000000001,6,3,3,1,1,0
0,1,1,1,1,1,0,3,14,4,2,20,2,5,7.300000000000001,2,3,3,4,3,4
1,1,0,1,0,1,0,3,14,6,2,22,2,7,7.800000000000001,5,4,1,4,1,3
1,1,1,0,0,0,1,3,13,10,3,26,1,10,8.450000000000001,1,2,3,1,3,4
1,0,0,1,0,0,0,3,7,10,1,18,1,11,5.650000000000001,3,2,1,4,0,0
0,0,0,0,1,0,1,3,14,4,0,18,1,4,6.750000000000001,6,4,0,1,1,2
0,1,0,1,0,0,0,3,18,6,1,25,1,7,9.049999999999999,2,3,1,1,3,0
1,1,0,0,1,0,0,3,10,3,2,15,1,4,5.300000000000001,0,3,3,1,0,1
0,0,1,1,0,1,0,3,12,13,1,26,2,14,8.55,1,3,0,4,3,4
1,0,1,0,0,1,0,3,19,11,2,32,2,12,11.050000000000002,0,4,3,2,3,1
0,1,1,1,1,0,0,3,8,4,2,14,1,5,4.750000000000001,0,3,1,4,2,2
1,0,1,0,1,0,1,3,19,14,2,35,1,14,11.650000000000002,4,3,1,4,0,1
0,0,1,1,1,0,1,3,19,10,1,30,1,10,10.450000000000001,1,2,0,1,2,4
1,0,1,0,0,0,0,3,4,10,2,16,1,11,4.65,1,3,3,2,3,0
0,1,0,0,0,1,0,3,18,10,1,29,2,11,10.2,5,3,2,1,1,4
1,1,1,1,1,1,1,3,11,7,3,21,2,7,7.05,6,3,2,1,0,0
1,1,0,0,0,0,1,3,13,10,2,25,1,10,8.25,5,1,1,4,3,1
0,0,0,1,0,0,1,3,12,5,0,17,1,5,6.200000000000001,4,4,2,1,0,0
1,0,0,0,1,1,0,3,10,8,1,19,2,9,6.5,6,3,2,4,2,4
1,1,1,0,1,0,1,3,11,8,3,22,1,8,7.15,1,3,2,4,2,0
0,1,1,1,1,1,1,3,18,9,2,29,2,9,10.15,6,3,0,4,1,4
1,1,1,1,0,1,0,3,7,10,3,20,2,11,6.2,4,2,3,4,3,1
0,0,0,1,0,1,1,3,11,7,0,18,2,7,6.45,0,3,1,0,3,0
1,0,1,0,1,0,0,3,19,7,2,28,1,8,9.900000000000002,2,3,0,4,1,4
1,1,1,1,1,1,1,3,10,12,3,25,2,12,7.8999999999999995,0,4,0,1,3,0
1,1,1,0,1,0,1,3,11,6,3,20,1,6,6.65,0,2,0,4,3,1
1,1,0,1,0,0,1,3,13,13,2,28,1,13,9.0,2,3,3,0,1,0
1,1,0,0,0,1,0,3,11,8,2,21,2,9,7.1000000000000005,2,3,1,2,3,4
1,0,1,0,0,0,0,3,14,14,2,30,1,15,9.650000000000002,6,0,3,1,1,3
0,1,0,1,1,0,1,3,12,9,1,22,1,9,7.400000000000001,3,0,0,0,3,1
0,0,0,1,0,1,1,3,13,10,0,23,2,10,8.0,5,3,1,1,3,3
1,0,0,0,0,0,0,3,9,13,1,23,1,14,7.2,6,3,2,4,2,2
1,1,0,1,1,1,0,3,14,11,2,27,2,12,9.050000000000002,1,2,3,3,0,1
0,1,1,0,0,0,0,3,8,12,2,22,1,13,6.750000000000001,1,3,0,4,3,1
1,0,1,0,1,0,1,3,11,8,2,21,1,8,6.950000000000001,1,1,2,3,3,0
0,0,1,1,0,0,1,3,16,11,1,28,1,11,9.5,0,2,1,4,0,1
1,1,1,0,0,0,1,3,8,9,3,20,1,9,6.200000000000001,2,4,0,1,3,1
0,0,0,0,1,1,0,3,9,7,0,16,2,8,5.6499999999999995,1,0,2,4,3,0
0,1,1,1,0,1,1,3,15,8,2,25,2,8,8.700000000000001,6,2,3,4,2,0
1,1,1,1,0,0,1,3,9,10,3,22,1,10,6.85,0,2,2,4,2,1
1,0,1,1,0,1,0,3,16,6,2,24,2,7,8.600000000000001,6,4,0,1,3,0
0,1,0,1,0,0,0,3,8,6,1,15,1,7,5.050000000000001,1,2,1,0,3,4
1,0,1,1,0,1,0,3,6,13,2,21,2,14,6.3500000000000005,3,3,3,0,3,1
1,0,1,1,0,1,0,3,14,12,2,28,2,13,9.300000000000002,5,1,2,1,3,4
0,1,0,0,0,1,0,3,7,11,1,19,2,12,6.050000000000001,3,2,1,0,3,3
0,1,1,0,0,0,1,3,20,4,2,26,1,4,9.55,3,0,2,0,1,0
1,0,1,1,1,0,1,3,16,9,2,27,1,9,9.200000000000001,0,3,0,3,2,0
1,0,0,0,1,1,0,3,12,4,1,17,2,5,6.300000000000001,3,0,3,1,0,1
0,1,1,1,0,0,1,3,4,7,2,13,1,7,3.9,6,4,3,1,3,4
1,1,0,1,1,1,1,3,8,7,2,17,2,7,5.65,0,2,1,4,2,3
0,1,1,1,1,1,0,3,22,6,2,30,2,7,11.000000000000002,5,1,3,4,3,4
0,0,0,1,1,0,1,3,22,13,0,35,1,13,12.200000000000001,3,0,0,0,3,1
1,0,1,0,1,1,0,3,14,15,2,31,2,16,10.050000000000002,0,3,0,4,3,4
0,0,1,0,1,0,1,3,13,13,1,27,1,13,8.799999999999999,3,1,3,3,0,0
1,1,1,1,0,1,0,3,14,11,3,28,2,12,9.250000000000002,0,3,1,3,3,2
0,1,0,1,0,0,0,3,15,9,1,25,1,10,8.6,0,0,1,4,3,0
1,1,1,1,0,1,1,3,15,8,3,26,2,8,8.9,6,2,3,4,0,3
1,0,0,0,0,1,1,3,9,12,1,22,2,12,7.1,6,3,3,4,0,0
1,0,0,0,0,1,1,3,10,8,1,19,2,8,6.5,5,1,1,4,1,4
1,1,1,1,0,0,0,3,16,6,3,25,1,7,8.65,1,0,2,0,2,2
1,1,1,0,1,0,1,3,13,8,3,24,1,8,7.950000000000001,6,3,2,2,0,4
1,1,1,1,1,1,0,3,13,11,3,27,2,12,8.850000000000001,1,0,3,4,1,3
0,0,1,0,1,0,0,3,18,12,1,31,1,13,10.549999999999999,0,0,3,1,1,0
1,1,1,0,0,0,0,3,8,8,3,19,1,9,5.950000000000001,3,4,1,0,1,0
0,1,0,1,0,1,0,3,8,11,1,20,2,12,6.45,5,1,1,0,3,1
0,0,0,0,0,1,0,3,19,7,0,26,2,8,9.650000000000002,3,3,0,4,1,1
0,0,1,0,1,1,1,3,15,10,1,26,2,10,9.0,1,3,3,1,3,0
1,1,1,0,1,1,0,3,6,12,3,21,2,13,6.3,2,2,2,1,3,1
0,1,1,0,1,0,0,3,15,9,2,26,1,10,8.8,2,3,3,2,3,1
0,1,1,0,0,1,0,3,13,11,2,26,2,12,8.65,5,3,2,4,1,3
1,0,1,0,0,0,1,3,14,7,2,23,1,7,7.900000000000001,1,3,0,1,3,3
1,0,1,1,1,1,0,3,10,8,2,20,2,9,6.7,0,3,3,1,3,4
1,1,1,1,1,0,0,3,11,13,3,27,1,14,8.4,1,4,2,4,3,0
1,1,1,0,0,0,0,3,8,12,3,23,1,13,6.950000000000001,2,3,0,4,1,4
1,1,1,0,0,0,0,3,19,6,3,28,1,7,9.850000000000001,6,3,2,1,3,3
0,1,0,0,1,1,1,3,17,11,1,29,2,11,10.05,5,0,1,4,3,1
1,1,0,0,0,1,1,3,17,12,2,31,2,12,10.500000000000002,6,3,2,4,1,1
1,1,0,1,0,0,1,3,11,9,2,22,1,9,7.200000000000001,1,1,1,4,3,3
0,1,0,0,1,0,1,3,18,7,1,26,1,7,9.299999999999999,5,2,0,1,1,0
1,0,1,0,0,0,1,3,8,14,2,24,1,14,7.250000000000001,2,3,0,4,0,3
0,0,1,0,0,0,1,3,10,8,1,19,1,8,6.3500000000000005,3,3,2,1,2,3
0,0,1,0,1,1,1,3,9,10,1,20,2,10,6.6,0,3,1,2,2,4
1,1,1,1,1,0,1,3,17,4,3,24,1,4,8.55,5,1,3,1,3,3
1,0,1,1,0,1,1,3,12,9,2,23,2,9,7.750000000000001,0,2,3,2,2,2
0,0,1,0,0,0,1,3,11,5,1,17,1,5,6.000000000000001,1,2,0,3,1,2
1,1,1,0,1,1,0,3,13,4,3,20,2,5,7.1000000000000005,2,1,0,4,3,1
1,0,1,1,1,0,1,3,16,9,2,27,1,9,9.200000000000001,0,3,2,3,1,1
0,1,0,0,0,0,1,3,16,10,1,27,1,10,9.25,0,3,3,3,3,4
0,0,0,1,1,1,0,3,9,6,0,15,2,7,5.3999999999999995,5,4,3,4,3,3
1,1,1,0,0,0,1,3,17,8,3,28,1,8,9.55,2,2,2,1,3,4
1,1,0,0,1,0,1,3,12,13,2,27,1,13,8.600000000000001,0,4,0,0,2,4
1,0,0,1,0,1,1,3,11,6,1,18,2,6,6.4,2,2,0,2,0,1
1,1,1,0,1,1,0,3,11,8,3,22,2,9,7.3,5,2,1,1,3,1
0,1,0,0,0,0,1,3,8,10,1,19,1,10,6.050000000000001,4,1,2,1,0,4
1,0,0,1,1,1,1,3,17,9,1,27,2,9,9.55,3,2,2,1,0,0
0,0,0,0,1,1,0,3,15,10,0,25,2,11,8.8,1,2,0,4,3,3
1,0,0,1,0,0,0,3,8,9,1,18,1,10,5.800000000000001,3,2,3,4,0,0
0,1,1,0,0,1,0,3,12,10,2,24,2,11,8.000000000000002,5,3,1,0,0,3
1,1,0,1,0,1,1,3,6,5,2,13,2,5,4.3500000000000005,6,1,1,4,2,4
1,1,1,0,0,1,1,3,10,11,3,24,2,11,7.6499999999999995,2,0,1,2,3,4
0,1,1,1,1,1,1,3,10,4,2,16,2,4,5.7,6,4,1,1,3,1
0,0,0,0,1,1,0,3,9,8,0,17,2,9,5.8999999999999995,0,3,0,3,0,4
1,1,1,1,1,0,1,3,17,8,3,28,1,8,9.55,5,4,3,1,2,1
0,1,1,1,1,1,0,3,11,9,2,22,2,10,7.3500000000000005,3,4,3,2,3,0
1,0,1,1,0,0,1,3,9,11,2,22,1,11,6.9,1,2,0,0,0,3
1,1,0,0,0,0,1,3,15,7,2,24,1,7,8.3,6,3,3,1,1,0
0,1,1,1,0,1,0,3,17,9,2,28,2,10,9.750000000000002,5,4,2,1,1,3
0,0,0,0,0,0,0,3,21,9,0,30,1,10,10.8,0,3,3,4,0,1
1,1,1,1,0,0,1,3,15,5,3,23,1,5,8.0,5,4,0,1,0,3
1,1,1,0,1,1,0,3,8,10,3,21,2,11,6.6000000000000005,3,0,3,4,3,1
1,1,0,0,0,0,1,3,15,11,2,28,1,11,9.3,6,2,0,4,0,0
0,0,0,1,1,0,0,3,5,10,0,15,1,11,4.65,5,1,2,2,3,3
1,0,0,0,1,0,0,3,12,5,1,18,1,6,6.400000000000001,1,3,3,1,2,3
1,1,1,1,0,1,1,3,19,11,3,33,2,11,11.250000000000002,2,4,1,4,3,0
0,1,1,1,0,0,0,3,17,13,2,32,1,14,10.600000000000001,0,1,2,3,0,1
0,1,1,0,0,0,1,3,16,8,2,26,1,8,8.950000000000001,5,2,2,1,2,3
1,0,0,1,1,0,1,3,10,14,1,25,1,14,7.8500000000000005,2,2,3,4,3,3
1,1,1,1,1,1,1,3,20,7,3,30,2,7,10.65,6,4,3,1,3,1
1,0,1,1,0,1,1,3,10,8,2,20,2,8,6.7,5,3,3,1,0,0
1,0,1,0,0,1,1,3,12,8,2,22,2,8,7.500000000000001,2,3,0,0,2,0
1,0,0,1,0,0,0,3,7,11,1,19,1,12,5.900000000000001,0,2,2,4,1,4
1,0,1,0,1,1,0,3,10,7,2,19,2,8,6.45,6,0,0,3,3,1
0,1,0,0,1,0,0,3,12,11,1,24,1,12,7.900000000000001,3,3,2,4,0,1
1,1,0,0,1,0,0,3,11,10,2,23,1,11,7.450000000000001,6,4,0,4,2,3
0,1,0,0,0,0,1,3,14,14,1,29,1,14,9.450000000000001,0,3,3,3,1,2
1,0,0,0,1,1,1,3,7,5,1,13,2,5,4.550000000000001,1,0,0,3,2,3
0,0,1,1,1,0,0,3,14,12,1,27,1,13,8.950000000000001,0,3,2,4,0,1
1,1,0,0,1,0,0,3,22,3,2,27,1,4,10.100000000000001,1,1,2,4,3,4
1,1,0,0,1,1,1,3,8,10,2,20,2,10,6.4,4,2,2,0,3,1
0,1,0,0,0,1,1,3,14,14,1,29,2,14,9.600000000000001,1,1,1,1,2,3
1,1,0,0,0,0,0,3,5,5,2,12,1,6,3.8,1,3,1,1,1,0
0,0,1,0,0,1,0,3,19,13,1,33,2,14,11.350000000000001,0,2,1,4,3,1
1,1,1,1,1,0,0,3,15,4,3,22,1,5,7.75,3,3,2,4,2,4
0,1,1,0,0,0,0,3,18,11,2,31,1,12,10.5,0,3,1,0,1,3
0,0,1,0,0,0,1,3,14,10,1,25,1,10,8.450000000000001,1,3,3,2,0,4
0,0,1,1,0,1,1,3,15,13,1,29,2,13,9.75,2,3,3,1,3,0
1,0,0,1,0,1,1,3,12,9,1,22,2,9,7.550000000000001,5,1,1,0,3,0
1,0,1,1,0,0,1,3,9,6,2,17,1,6,5.65,3,0,3,1,1,3
0,1,1,0,1,0,0,3,12,10,2,24,1,11,7.850000000000001,1,3,2,1,0,3
0,0,1,0,0,1,1,3,8,11,1,20,2,11,6.45,5,2,0,3,2,0
0,1,1,0,1,1,1,3,11,10,2,23,2,10,7.6000000000000005,6,3,2,4,3,0
0,0,0,1,0,1,0,3,14,7,0,21,2,8,7.65,0,3,2,1,0,0
1,1,0,1,1,1,0,3,14,11,2,27,2,12,9.050000000000002,6,3,2,2,3,4
0,1,0,0,1,1,1,3,5,14,1,20,2,14,6.0,1,3,1,1,3,0
0,0,0,1,0,0,0,3,16,12,0,28,1,13,9.55,1,3,0,2,3,2
1,0,0,0,1,1,0,3,16,12,1,29,2,13,9.9,6,3,3,1,3,4
0,1,0,0,0,1,0,3,19,11,1,31,2,12,10.850000000000001,5,3,1,4,3,0
1,0,1,1,1,1,1,3,13,11,2,26,2,11,8.65,1,3,3,1,3,1
1,0,0,0,0,0,1,3,15,9,1,25,1,9,8.6,1,4,3,1,2,1
0,1,0,1,1,1,0,3,14,6,1,21,2,7,7.6000000000000005,1,3,3,0,0,4
0,0,1,1,1,1,1,3,10,11,1,22,2,11,7.25,2,2,3,3,2,3
0,1,1,1,1,0,0,3,9,8,2,19,1,9,6.15,1,0,0,3,3,2
1,0,1,0,0,1,0,3,11,8,2,21,2,9,7.1000000000000005,1,2,3,4,3,2
1,0,0,1,0,1,1,3,19,11,1,31,2,11,10.850000000000001,3,4,3,1,3,1
1,1,1,0,1,0,1,3,14,11,3,28,1,11,9.100000000000001,6,2,0,1,3,0
0,1,1,1,1,0,1,3,15,9,2,26,1,9,8.8,1,3,0,4,3,1
0,1,1,0,1,1,0,3,19,9,2,30,2,10,10.550000000000002,5,3,2,0,3,3
1,0,0,1,0,1,0,3,17,13,1,31,2,14,10.55,0,3,1,2,3,1
0,0,0,1,1,1,0,3,15,7,0,22,2,8,8.05,1,1,2,0,2,0
0,1,1,0,0,0,1,3,18,8,2,28,1,8,9.75,0,2,1,1,3,0
1,0,1,1,1,0,0,3,17,12,2,31,1,13,10.350000000000001,6,2,2,1,0,3
0,0,1,1,0,0,0,3,15,7,1,23,1,8,8.1,3,2,2,0,3,1
1,1,0,1,0,1,1,3,14,13,2,29,2,13,9.550000000000002,5,0,3,3,3,0
0,1,0,1,0,1,1,3,19,10,1,30,2,10,10.600000000000001,0,2,1,0,1,0
1,0,0,0,0,1,1,3,10,11,1,22,2,11,7.25,1,3,3,1,2,0
0,1,1,0,0,1,1,3,12,9,2,23,2,9,7.750000000000001,1,2,2,2,3,0
0,0,1,1,0,1,1,3,12,5,1,18,2,5,6.550000000000001,5,3,2,4,3,4
0,1,0,1,1,0,0,3,12,9,1,22,1,10,7.400000000000001,5,3,0,4,3,3
1,1,1,0,0,0,1,3,4,8,3,15,1,8,4.3500000000000005,5,4,2,4,2,0
0,0,1,0,1,0,1,3,11,11,1,23,1,11,7.500000000000001,3,3,3,0,1,3
0,0,0,0,1,1,0,3,10,7,0,17,2,8,6.05,5,2,3,0,3,4
1,1,1,0,1,0,1,3,15,11,3,29,1,11,9.5,4,4,0,4,3,0
1,1,0,0,0,1,1,3,14,9,2,25,2,9,8.55,5,1,3,0,0,4
0,1,1,1,1,1,0,3,9,12,2,23,2,13,7.3,0,4,2,1,3,4
0,1,1,0,0,0,1,3,10,9,2,21,1,9,6.800000000000001,3,0,1,4,3,3
0,0,1,1,0,1,0,3,17,5,1,23,2,6,8.55,5,3,1,0,0,4
1,0,1,1,1,1,0,3,6,4,2,12,2,5,4.1000000000000005,3,3,1,1,0,0
1,1,0,1,1,1,1,3,16,6,2,24,2,6,8.600000000000001,1,0,0,4,0,0
0,1,1,1,0,0,0,3,18,7,2,27,1,8,9.5,1,3,2,1,3,1
0,0,0,1,0,0,1,3,13,8,0,21,1,8,7.3500000000000005,3,4,1,0,0,3
1,1,0,1,0,0,1,3,17,7,2,26,1,7,9.100000000000001,2,1,0,0,3,3
0,1,0,0,1,1,1,3,6,13,1,20,2,13,6.15,1,2,3,1,3,0
1,1,1,1,0,1,0,3,20,4,3,27,2,5,9.9,5,4,3,1,3,2
0,0,1,1,0,0,0,3,14,13,1,28,1,14,9.200000000000001,0,3,3,4,2,1
1,0,0,0,1,1,1,3,11,5,1,17,2,5,6.15,0,1,3,1,3,0
1,1,1,1,1,1,0,3,12,9,3,24,2,10,7.95,2,4,0,1,2,1
1,1,1,1,1,0,0,3,11,9,3,23,1,10,7.4,1,4,2,1,0,4
0,1,1,1,0,0,1,3,16,11,2,29,1,11,9.700000000000001,2,2,2,4,3,4
1,1,0,1,0,1,1,3,11,5,2,18,2,5,6.3500000000000005,1,3,0,1,0,4
0,1,0,1,0,1,0,3,18,8,1,27,2,9,9.7,0,3,1,4,3,3
0,1,0,1,0,1,1,3,9,10,1,20,2,10,6.6,1,2,3,2,0,4
1,1,1,0,0,0,1,3,18,5,3,26,1,5,9.2,1,0,3,1,3,3
0,0,0,1,1,1,0,3,12,7,0,19,2,8,6.8500000000000005,6,3,3,4,3,4
1,1,1,0,1,0,1,3,12,3,3,18,1,3,6.300000000000001,3,2,2,0,3,0
1,1,1,1,0,1,0,3,15,7,3,25,2,8,8.65,6,4,1,1,3,0
1,0,0,0,1,1,1,3,9,9,1,19,2,9,6.35,2,3,1,0,3,4
1,0,0,1,0,0,0,3,13,11,1,25,1,12,8.3,0,3,1,0,0,1
1,1,0,0,1,1,1,3,11,3,2,16,2,3,5.8500000000000005,6,0,3,2,0,4
1,1,1,0,1,1,1,3,14,8,3,25,2,8,8.500000000000002,6,1,2,3,1,0
0,1,1,0,0,1,1,3,16,13,2,31,2,13,10.350000000000001,2,1,3,2,3,0
0,0,1,1,0,0,1,3,12,4,1,17,1,4,6.150000000000001,0,2,1,1,3,3
1,1,0,1,0,1,1,3,18,8,2,28,2,8,9.9,4,2,0,3,3,1
0,0,1,1,1,1,1,3,15,5,1,21,2,5,7.75,6,4,1,4,3,4
0,0,0,0,0,1,0,3,12,12,0,24,2,13,8.100000000000001,0,3,0,4,3,3
0,1,0,0,1,1,1,3,17,10,1,28,2,10,9.8,3,2,2,0,3,3
0,1,1,1,0,1,1,3,16,12,2,30,2,12,10.100000000000001,1,0,3,1,3,1
1,1,0,0,0,1,1,3,19,9,2,30,2,9,10.550000000000002,6,3,1,3,3,4
0,1,0,0,0,1,1,3,9,10,1,20,2,10,6.6,5,3,3,0,3,1
1,1,0,0,1,0,1,3,18,8,2,28,1,8,9.75,3,0,2,2,3,4
0,0,1,1,0,0,1,3,12,13,1,26,1,13,8.4,6,2,0,4,3,1
0,0,0,1,0,1,0,3,14,12,0,26,2,13,8.900000000000002,6,3,3,0,0,0
0,0,1,1,0,0,1,3,18,8,1,27,1,8,9.549999999999999,2,4,2,0,3,0
1,0,0,0,0,0,1,3,14,8,1,23,1,8,7.950000000000001,0,4,2,0,3,3
1,0,0,1,0,0,0,3,8,6,1,15,1,7,5.050000000000001,4,2,1,4,3,4
0,0,1,0,0,0,1,3,17,10,1,28,1,10,9.65,6,3,2,2,2,1
1,1,1,0,1,0,1,3,8,9,3,20,1,9,6.200000000000001,1,3,1,2,3,2
1,1,0,0,0,0,1,3,7,9,2,18,1,9,5.600000000000001,5,0,0,0,3,1
1,0,0,0,0,1,0,3,21,13,1,35,2,14,12.15,0,3,2,0,2,3
0,0,0,1,1,1,0,3,20,12,0,32,2,13,11.3,1,0,3,3,3,0
1,0,1,0,1,1,0,3,13,7,2,22,2,8,7.65,3,3,0,3,1,4
1,0,1,0,1,0,1,3,18,4,2,24,1,4,8.75,1,3,0,4,3,2
0,0,0,0,0,0,0,3,12,14,0,26,1,15,8.450000000000001,5,2,0,4,3,2
1,0,1,1,0,1,0,3,12,9,2,23,2,10,7.750000000000001,6,4,1,2,3,1
0,0,0,1,1,0,1,3,11,10,0,21,1,10,7.050000000000001,0,3,2,1,3,1
0,1,1,0,1,1,0,3,13,10,2,25,2,11,8.4,0,0,0,4,1,0
